id,source_dataset,source_record_id,variant_text,variant_text_normalized,phonetic_text,variant_pinyin,ipa,ipa_source,canonical_text,canonical_pinyin,canonical_ipa,variant_type,split,occurrence_count,duplicate_record_ids,input_text,input_ipa,input_text_ipa
local:biz_symbol_000075#1:01,local_657_homophone_fragments,biz_symbol_000075#1:01,没跌媚娘,没跌媚娘,没跌媚娘,mei2 die1 mei4 niang2,mei˧˥ tiɛ˥ mei˥˩ niɑŋ˧˥,generated_mandarin_tonal,没爹没娘,mei2 die1 mei2 niang2,mei˧˥ tiɛ˥ mei˧˥ niɑŋ˧˥,非词汇同音词,train,1,[],[VARIANT] 没跌媚娘,[IPA] mei˧˥ tiɛ˥ mei˥˩ niɑŋ˧˥,[VARIANT] 没跌媚娘 [IPA] mei˧˥ tiɛ˥ mei˥˩ niɑŋ˧˥
local:biz_symbol_000069#1:01,local_657_homophone_fragments,biz_symbol_000069#1:01,十出十进,十出十进,十出十进,shi2 chu1 shi2 jin4,ʂɻ̩˧˥ ʈʂʰu˥ ʂɻ̩˧˥ tɕin˥˩,generated_mandarin_tonal,时出时进,shi2 chu1 shi2 jin4,ʂɻ̩˧˥ ʈʂʰu˥ ʂɻ̩˧˥ tɕin˥˩,歧义同音词,train,1,[],[VARIANT] 十出十进,[IPA] ʂɻ̩˧˥ ʈʂʰu˥ ʂɻ̩˧˥ tɕin˥˩,[VARIANT] 十出十进 [IPA] ʂɻ̩˧˥ ʈʂʰu˥ ʂɻ̩˧˥ tɕin˥˩
local:biz_symbol_000010#1:01,local_657_homophone_fragments,biz_symbol_000010#1:01,小公举,小公举,小公举,xiao3 gong1 ju3,ɕiɑʊ˨˩˦ kʊŋ˥ tɕy˨˩˦,generated_mandarin_tonal,小公主,xiao3 gong1 zhu3,ɕiɑʊ˨˩˦ kʊŋ˥ ʈʂu˨˩˦,非词汇同音词,train,1,[],[VARIANT] 小公举,[IPA] ɕiɑʊ˨˩˦ kʊŋ˥ tɕy˨˩˦,[VARIANT] 小公举 [IPA] ɕiɑʊ˨˩˦ kʊŋ˥ tɕy˨˩˦
local:biz_symbol_000010#1:02,local_657_homophone_fragments,biz_symbol_000010#1:02,几把,几把,几把,ji3 ba3,tɕi˨˩˦ pa˨˩˦,generated_mandarin_tonal,鸡巴,ji1 ba1,tɕi˥ pa˥,非词汇同音词,train,13,"[""codedlang:234:02"", ""codedlang:341:02"", ""codedlang:467:02"", ""codedlang:583:01"", ""codedlang:595:01"", ""codedlang:623:01"", ""codedlang:661:01"", ""codedlang:696:01"", ""codedlang:727:01"", ""codedlang:760:01"", ""codedlang:849:01"", ""codedlang:850:01""]",[VARIANT] 几把,[IPA] tɕi˨˩˦ pa˨˩˦,[VARIANT] 几把 [IPA] tɕi˨˩˦ pa˨˩˦
local:biz_rare_char_000065#1:01,local_657_homophone_fragments,biz_rare_char_000065#1:01,匿孖码撕了,匿孖码撕了,匿孖码撕了,ni4 ma1 ma3 si1 le,ni˥˩ ma˥ ma˨˩˦ sɹ̩˥ lɤ,generated_mandarin_tonal,你妈妈死了,ni3 ma1 ma1 si3 le,ni˨˩˦ ma˥ ma˥ sɹ̩˨˩˦ lɤ,非词汇同音词,train,1,[],[VARIANT] 匿孖码撕了,[IPA] ni˥˩ ma˥ ma˨˩˦ sɹ̩˥ lɤ,[VARIANT] 匿孖码撕了 [IPA] ni˥˩ ma˥ ma˨˩˦ sɹ̩˥ lɤ
local:biz_rare_char_000161#1:02,local_657_homophone_fragments,biz_rare_char_000161#1:02,臊俾,臊俾,臊俾,sao1 bi3,sɑʊ˥ pi˨˩˦,generated_mandarin_tonal,骚逼,sao1 bi1,sɑʊ˥ pi˥,非词汇同音词,train,1,[],[VARIANT] 臊俾,[IPA] sɑʊ˥ pi˨˩˦,[VARIANT] 臊俾 [IPA] sɑʊ˥ pi˨˩˦
local:biz_rare_char_000128#1:01,local_657_homophone_fragments,biz_rare_char_000128#1:01,吸特乐,吸特乐,吸特乐,xi1 te4 le4,ɕi˥ tʰɤ˥˩ lɤ˥˩,generated_mandarin_tonal,希特勒,xi1 te4 lei1,ɕi˥ tʰɤ˥˩ lei˥,非词汇同音词,train,1,[],[VARIANT] 吸特乐,[IPA] ɕi˥ tʰɤ˥˩ lɤ˥˩,[VARIANT] 吸特乐 [IPA] ɕi˥ tʰɤ˥˩ lɤ˥˩
local:biz_symbol_000039#1:01,local_657_homophone_fragments,biz_symbol_000039#1:01,儿食媳汁,儿食媳汁,儿食媳汁,er2 shi2 xi2 zhi1,əɻ˧˥ ʂɻ̩˧˥ ɕi˧˥ ʈʂɻ̩˥,generated_mandarin_tonal,而时习之,er2 shi2 xi2 zhi1,əɻ˧˥ ʂɻ̩˧˥ ɕi˧˥ ʈʂɻ̩˥,非词汇同音词,train,1,[],[VARIANT] 儿食媳汁,[IPA] əɻ˧˥ ʂɻ̩˧˥ ɕi˧˥ ʈʂɻ̩˥,[VARIANT] 儿食媳汁 [IPA] əɻ˧˥ ʂɻ̩˧˥ ɕi˧˥ ʈʂɻ̩˥
local:biz_symbol_000039#1:02,local_657_homophone_fragments,biz_symbol_000039#1:02,不亦乐乎,不亦乐乎,不亦乐乎,bu4 yi4 le4 hu1,pu˥˩ i˥˩ lɤ˥˩ xu˥,generated_mandarin_tonal,不亦说乎,bu4 yi4 yue4 hu1,pu˥˩ i˥˩ yɛ˥˩ xu˥,非词汇同音词,train,1,[],[VARIANT] 不亦乐乎,[IPA] pu˥˩ i˥˩ lɤ˥˩ xu˥,[VARIANT] 不亦乐乎 [IPA] pu˥˩ i˥˩ lɤ˥˩ xu˥
local:biz_0007#1:01,local_657_homophone_fragments,biz_0007#1:01,4i,4 i,四 ai,si4 ai,sɹ̩˥˩ ai,generated_mandarin_tonal,第四爱,di4 si4 ai4,ti˥˩ sɹ̩˥˩ ai˥˩,语音替代,train,1,[],[VARIANT] 4i,[IPA] sɹ̩˥˩ ai,[VARIANT] 4i [IPA] sɹ̩˥˩ ai
local:biz_0008#1:02,local_657_homophone_fragments,biz_0008#1:02,蛇了,蛇了,蛇了,she2 le,ʂɤ˧˥ lɤ,generated_mandarin_tonal,射了,she4 le,ʂɤ˥˩ lɤ,歧义同音词,train,1,[],[VARIANT] 蛇了,[IPA] ʂɤ˧˥ lɤ,[VARIANT] 蛇了 [IPA] ʂɤ˧˥ lɤ
local:biz_symbol_000160#1:01,local_657_homophone_fragments,biz_symbol_000160#1:01,ao ba ma,ao ba ma,ao ba ma,ao ba ma,ɑʊ pa ma,generated_mandarin_tonal,奥巴马,ao4 ba1 ma3,ɑʊ˥˩ pa˥ ma˨˩˦,语音替代,train,1,[],[VARIANT] ao ba ma,[IPA] ɑʊ pa ma,[VARIANT] ao ba ma [IPA] ɑʊ pa ma
local:biz_0026#1:01,local_657_homophone_fragments,biz_0026#1:01,补药,补药,补药,bu3 yao4,pu˨˩˦ jɑʊ˥˩,generated_mandarin_tonal,不要,bu2 yao4,pu˧˥ jɑʊ˥˩,歧义同音词,train,1,[],[VARIANT] 补药,[IPA] pu˨˩˦ jɑʊ˥˩,[VARIANT] 补药 [IPA] pu˨˩˦ jɑʊ˥˩
local:biz_0032#1:01,local_657_homophone_fragments,biz_0032#1:01,劳斯,劳斯,劳斯,lao2 si1,lɑʊ˧˥ sɹ̩˥,generated_mandarin_tonal,老师,lao3 shi1,lɑʊ˨˩˦ ʂɻ̩˥,非词汇同音词,train,1,[],[VARIANT] 劳斯,[IPA] lɑʊ˧˥ sɹ̩˥,[VARIANT] 劳斯 [IPA] lɑʊ˧˥ sɹ̩˥
local:biz_0039#1:01,local_657_homophone_fragments,biz_0039#1:01,茎叶,茎叶,茎叶,jing1 ye4,tɕiŋ˥ jɛ˥˩,generated_mandarin_tonal,精液,jing1 ye4,tɕiŋ˥ jɛ˥˩,歧义同音词,train,1,[],[VARIANT] 茎叶,[IPA] tɕiŋ˥ jɛ˥˩,[VARIANT] 茎叶 [IPA] tɕiŋ˥ jɛ˥˩
local:biz_0016#1:01,local_657_homophone_fragments,biz_0016#1:01,cc,ci ci,ci ci,ci ci,tsʰɹ̩ tsʰɹ̩,generated_mandarin_tonal,操操,cao1 cao1,tsʰɑʊ˥ tsʰɑʊ˥,语音替代,train,1,[],[VARIANT] cc,[IPA] tsʰɹ̩ tsʰɹ̩,[VARIANT] cc [IPA] tsʰɹ̩ tsʰɹ̩
local:biz_0056#1:01,local_657_homophone_fragments,biz_0056#1:01,厚乳哥,厚乳哥,厚乳哥,hou4 ru3 ge1,xoʊ˥˩ ɻu˨˩˦ kɤ˥,generated_mandarin_tonal,后入哥,hou4 ru4 ge1,xoʊ˥˩ ɻu˥˩ kɤ˥,歧义同音词,train,1,[],[VARIANT] 厚乳哥,[IPA] xoʊ˥˩ ɻu˨˩˦ kɤ˥,[VARIANT] 厚乳哥 [IPA] xoʊ˥˩ ɻu˨˩˦ kɤ˥
local:biz_0033#1:01,local_657_homophone_fragments,biz_0033#1:01,ru头,ru头,ru头,ru tou2,ɻu tʰoʊ˧˥,generated_mandarin_tonal,乳头,ru3 tou2,ɻu˨˩˦ tʰoʊ˧˥,语音替代,train,1,[],[VARIANT] ru头,[IPA] ɻu tʰoʊ˧˥,[VARIANT] ru头 [IPA] ɻu tʰoʊ˧˥
local:biz_0091#1:02,local_657_homophone_fragments,biz_0091#1:02,最sao的,最sao的,最sao的,zui4 sao de,tsuei˥˩ sɑʊ tɤ,generated_mandarin_tonal,最骚的,zui4 sao1 de,tsuei˥˩ sɑʊ˥ tɤ,语音替代,train,1,[],[VARIANT] 最sao的,[IPA] tsuei˥˩ sɑʊ tɤ,[VARIANT] 最sao的 [IPA] tsuei˥˩ sɑʊ tɤ
local:biz_0138#1:02,local_657_homophone_fragments,biz_0138#1:02,fu,fu,fu,fu,fu,generated_mandarin_tonal,扶,fu2,fu˧˥,非词汇同音词,train,1,[],[VARIANT] fu,[IPA] fu,[VARIANT] fu [IPA] fu
local:biz_0087#1:01,local_657_homophone_fragments,biz_0087#1:01,ya,ya,ya,ya,ja,generated_mandarin_tonal,压,ya1,ja˥,语音替代,train,1,[],[VARIANT] ya,[IPA] ja,[VARIANT] ya [IPA] ja
local:biz_0087#1:02,local_657_homophone_fragments,biz_0087#1:02,庄近,庄近,庄近,zhuang1 jin4,ʈʂuɑŋ˥ tɕin˥˩,generated_mandarin_tonal,撞进,zhuang4 jin4,ʈʂuɑŋ˥˩ tɕin˥˩,语音替代,train,1,[],[VARIANT] 庄近,[IPA] ʈʂuɑŋ˥ tɕin˥˩,[VARIANT] 庄近 [IPA] ʈʂuɑŋ˥ tɕin˥˩
local:biz_0144#1:01,local_657_homophone_fragments,biz_0144#1:01,开法,开法,开法,kai1 fa3,kʰai˥ fa˨˩˦,generated_mandarin_tonal,开fuck,kai1 fuck,kʰai˥ fˈʌk,跨语言语音编码,train,1,[],[VARIANT] 开法,[IPA] kʰai˥ fa˨˩˦,[VARIANT] 开法 [IPA] kʰai˥ fa˨˩˦
local:biz_0143#1:02,local_657_homophone_fragments,biz_0143#1:02,很多氵,很多氵,很多氵,hen3 duo1 shui,xən˨˩˦ tuɔ˥ ʂuei,generated_mandarin_tonal,很多水,hen3 duo1 shui3,xən˨˩˦ tuɔ˥ ʂuei˨˩˦,语音替代,train,1,[],[VARIANT] 很多氵,[IPA] xən˨˩˦ tuɔ˥ ʂuei,[VARIANT] 很多氵 [IPA] xən˨˩˦ tuɔ˥ ʂuei
local:biz_0136#1:01,local_657_homophone_fragments,biz_0136#1:01,右的xue,右的xue,右的xue,you4 de xue,joʊ˥˩ tɤ ɕyɛ,generated_mandarin_tonal,右的穴,you4 de xue2,joʊ˥˩ tɤ ɕyɛ˧˥,语音替代,train,1,[],[VARIANT] 右的xue,[IPA] joʊ˥˩ tɤ ɕyɛ,[VARIANT] 右的xue [IPA] joʊ˥˩ tɤ ɕyɛ
local:biz_0146#1:01,local_657_homophone_fragments,biz_0146#1:01,跳dan,跳dan,跳dan,tiao4 dan,tʰiɑʊ˥˩ tan,generated_mandarin_tonal,跳蛋,tiao4 dan4,tʰiɑʊ˥˩ tan˥˩,语音替代,train,1,[],[VARIANT] 跳dan,[IPA] tʰiɑʊ˥˩ tan,[VARIANT] 跳dan [IPA] tʰiɑʊ˥˩ tan
local:biz_0146#1:02,local_657_homophone_fragments,biz_0146#1:02,g点,g点,g点,g dian3,dʒˈiː tiɛn˨˩˦,generated_mandarin_tonal,G点,G dian3,dʒˈiː tiɛn˨˩˦,语音替代,train,1,[],[VARIANT] g点,[IPA] dʒˈiː tiɛn˨˩˦,[VARIANT] g点 [IPA] dʒˈiː tiɛn˨˩˦
local:biz_0146#1:03,local_657_homophone_fragments,biz_0146#1:03,g点,g点,g点,g dian3,dʒˈiː tiɛn˨˩˦,generated_mandarin_tonal,高潮点,gao1 chao2 dian3,kɑʊ˥ ʈʂʰɑʊ˧˥ tiɛn˨˩˦,语音替代,train,1,[],[VARIANT] g点,[IPA] dʒˈiː tiɛn˨˩˦,[VARIANT] g点 [IPA] dʒˈiː tiɛn˨˩˦
local:biz_0139#1:01,local_657_homophone_fragments,biz_0139#1:01,泡友,泡友,泡友,pao4 you3,pʰɑʊ˥˩ joʊ˨˩˦,generated_mandarin_tonal,炮友,pao4 you3,pʰɑʊ˥˩ joʊ˨˩˦,歧义同音词,train,1,[],[VARIANT] 泡友,[IPA] pʰɑʊ˥˩ joʊ˨˩˦,[VARIANT] 泡友 [IPA] pʰɑʊ˥˩ joʊ˨˩˦
local:biz_0134#1:01,local_657_homophone_fragments,biz_0134#1:01,减zi,减zi,减zi,jian3 zi,tɕiɛn˨˩˦ tsɹ̩,generated_mandarin_tonal,减脂,jian3 zhi1,tɕiɛn˨˩˦ ʈʂɻ̩˥,跨语言语音编码,train,1,[],[VARIANT] 减zi,[IPA] tɕiɛn˨˩˦ tsɹ̩,[VARIANT] 减zi [IPA] tɕiɛn˨˩˦ tsɹ̩
local:biz_0189#1:01,local_657_homophone_fragments,biz_0189#1:01,xiao腹,xiao腹,xiao腹,xiao fu4,ɕiɑʊ fu˥˩,generated_mandarin_tonal,小腹,xiao3 fu4,ɕiɑʊ˨˩˦ fu˥˩,语音替代,train,1,[],[VARIANT] xiao腹,[IPA] ɕiɑʊ fu˥˩,[VARIANT] xiao腹 [IPA] ɕiɑʊ fu˥˩
local:biz_0169#1:01,local_657_homophone_fragments,biz_0169#1:01,pao 机,pao 机,pao 机,pao ji1,pʰɑʊ tɕi˥,generated_mandarin_tonal,炮机,pao4 ji1,pʰɑʊ˥˩ tɕi˥,语音替代,train,2,["local:biz_0505#1:01"],[VARIANT] pao 机,[IPA] pʰɑʊ tɕi˥,[VARIANT] pao 机 [IPA] pʰɑʊ tɕi˥
local:biz_0204#1:01,local_657_homophone_fragments,biz_0204#1:01,别TM,别TM,别TM,bie2 TM,piɛ˧˥ tˌiːˈɛm,generated_mandarin_tonal,别他妈,bie2 ta1 ma1,piɛ˧˥ tʰa˥ ma˥,语音替代,train,1,[],[VARIANT] 别TM,[IPA] piɛ˧˥ tˌiːˈɛm,[VARIANT] 别TM [IPA] piɛ˧˥ tˌiːˈɛm
local:biz_0199#1:01,local_657_homophone_fragments,biz_0199#1:01,bo起,bo起,bo起,bo qi3,puɔ tɕʰi˨˩˦,generated_mandarin_tonal,勃起,bo2 qi3,puɔ˧˥ tɕʰi˨˩˦,语音替代,train,1,[],[VARIANT] bo起,[IPA] puɔ tɕʰi˨˩˦,[VARIANT] bo起 [IPA] puɔ tɕʰi˨˩˦
local:biz_0215#1:01,local_657_homophone_fragments,biz_0215#1:01,偷偷sai了,偷偷sai了,偷偷sai了,tou1 tou1 sai le,tʰoʊ˥ tʰoʊ˥ sai lɤ,generated_mandarin_tonal,偷偷塞了,tou1 tou1 sai1 le,tʰoʊ˥ tʰoʊ˥ sai˥ lɤ,语音替代,train,1,[],[VARIANT] 偷偷sai了,[IPA] tʰoʊ˥ tʰoʊ˥ sai lɤ,[VARIANT] 偷偷sai了 [IPA] tʰoʊ˥ tʰoʊ˥ sai lɤ
local:biz_0197#1:01,local_657_homophone_fragments,biz_0197#1:01,一边lu,一边lu,一边lu,yi1 bian1 lu,i˥ piɛn˥ lu,generated_mandarin_tonal,一边撸,yi1 bian1 lu1,i˥ piɛn˥ lu˥,语音替代,train,1,[],[VARIANT] 一边lu,[IPA] i˥ piɛn˥ lu,[VARIANT] 一边lu [IPA] i˥ piɛn˥ lu
local:biz_0011#1:01,local_657_homophone_fragments,biz_0011#1:01,乃子,乃子,乃子,nai3 zi,nai˨˩˦ tsɹ̩,generated_mandarin_tonal,奶子,nai3 zi,nai˨˩˦ tsɹ̩,非词汇同音词,train,1,[],[VARIANT] 乃子,[IPA] nai˨˩˦ tsɹ̩,[VARIANT] 乃子 [IPA] nai˨˩˦ tsɹ̩
local:biz_0071#1:01,local_657_homophone_fragments,biz_0071#1:01,质检,质检,质检,zhi4 jian3,ʈʂɻ̩˥˩ tɕiɛn˨˩˦,generated_mandarin_tonal,指检,zhi3 jian3,ʈʂɻ̩˨˩˦ tɕiɛn˨˩˦,歧义同音词,train,1,[],[VARIANT] 质检,[IPA] ʈʂɻ̩˥˩ tɕiɛn˨˩˦,[VARIANT] 质检 [IPA] ʈʂɻ̩˥˩ tɕiɛn˨˩˦
local:biz_0070#1:01,local_657_homophone_fragments,biz_0070#1:01,左艾的时候,左艾的时候,左艾的时候,zuo3 ai4 de shi2 hou4,tsuɔ˨˩˦ ai˥˩ tɤ ʂɻ̩˧˥ xoʊ˥˩,generated_mandarin_tonal,做爱的时候,zuo4 ai4 de shi2 hou4,tsuɔ˥˩ ai˥˩ tɤ ʂɻ̩˧˥ xoʊ˥˩,非词汇同音词,train,1,[],[VARIANT] 左艾的时候,[IPA] tsuɔ˨˩˦ ai˥˩ tɤ ʂɻ̩˧˥ xoʊ˥˩,[VARIANT] 左艾的时候 [IPA] tsuɔ˨˩˦ ai˥˩ tɤ ʂɻ̩˧˥ xoʊ˥˩
local:biz_0070#1:02,local_657_homophone_fragments,biz_0070#1:02,斐济呗,斐济呗,斐济呗,fei3 ji4 bei,fei˨˩˦ tɕi˥˩ pei,generated_mandarin_tonal,飞机杯,fei1 ji1 bei1,fei˥ tɕi˥ pei˥,非词汇同音词,train,1,[],[VARIANT] 斐济呗,[IPA] fei˨˩˦ tɕi˥˩ pei,[VARIANT] 斐济呗 [IPA] fei˨˩˦ tɕi˥˩ pei
local:biz_0075#1:01,local_657_homophone_fragments,biz_0075#1:01,腿角,腿角,腿角,tui3 jiao3,tʰuei˨˩˦ tɕiɑʊ˨˩˦,generated_mandarin_tonal,腿交,tui3 jiao1,tʰuei˨˩˦ tɕiɑʊ˥,非词汇同音词,train,1,[],[VARIANT] 腿角,[IPA] tʰuei˨˩˦ tɕiɑʊ˨˩˦,[VARIANT] 腿角 [IPA] tʰuei˨˩˦ tɕiɑʊ˨˩˦
local:biz_0072#1:01,local_657_homophone_fragments,biz_0072#1:01,冷屁谷,冷屁谷,冷屁谷,leng3 pi4 gu3,lɤŋ˨˩˦ pʰi˥˩ ku˨˩˦,generated_mandarin_tonal,冷屁股,leng3 pi4 gu3,lɤŋ˨˩˦ pʰi˥˩ ku˨˩˦,非词汇同音词,train,1,[],[VARIANT] 冷屁谷,[IPA] lɤŋ˨˩˦ pʰi˥˩ ku˨˩˦,[VARIANT] 冷屁谷 [IPA] lɤŋ˨˩˦ pʰi˥˩ ku˨˩˦
local:biz_0113#1:01,local_657_homophone_fragments,biz_0113#1:01,主包,主包,主包,zhu3 bao1,ʈʂu˨˩˦ pɑʊ˥,generated_mandarin_tonal,主播,zhu3 bo1,ʈʂu˨˩˦ puɔ˥,非词汇同音词,train,1,[],[VARIANT] 主包,[IPA] ʈʂu˨˩˦ pɑʊ˥,[VARIANT] 主包 [IPA] ʈʂu˨˩˦ pɑʊ˥
local:biz_0112#1:01,local_657_homophone_fragments,biz_0112#1:01,萌鼠了,萌鼠了,萌鼠了,meng2 shu3 le,mɤŋ˧˥ ʂu˨˩˦ lɤ,generated_mandarin_tonal,萌死了,meng2 si3 le,mɤŋ˧˥ sɹ̩˨˩˦ lɤ,非词汇同音词,train,1,[],[VARIANT] 萌鼠了,[IPA] mɤŋ˧˥ ʂu˨˩˦ lɤ,[VARIANT] 萌鼠了 [IPA] mɤŋ˧˥ ʂu˨˩˦ lɤ
local:biz_0102#1:01,local_657_homophone_fragments,biz_0102#1:01,啥必,啥必,啥必,sha2 bi4,ʂa˧˥ pi˥˩,generated_mandarin_tonal,傻逼,sha3 bi1,ʂa˨˩˦ pi˥,歧义同音词,train,1,[],[VARIANT] 啥必,[IPA] ʂa˧˥ pi˥˩,[VARIANT] 啥必 [IPA] ʂa˧˥ pi˥˩
local:biz_0105#1:01,local_657_homophone_fragments,biz_0105#1:01,鼠掉,鼠掉,鼠掉,shu3 diao4,ʂu˨˩˦ tiɑʊ˥˩,generated_mandarin_tonal,死掉,si3 diao4,sɹ̩˨˩˦ tiɑʊ˥˩,跨语言语音编码,train,1,[],[VARIANT] 鼠掉,[IPA] ʂu˨˩˦ tiɑʊ˥˩,[VARIANT] 鼠掉 [IPA] ʂu˨˩˦ tiɑʊ˥˩
local:biz_0117#1:01,local_657_homophone_fragments,biz_0117#1:01,拍一下哥辟谷,拍一下哥辟谷,拍一下哥辟谷,pai1 yi1 xia4 ge1 bi4 gu3,pʰai˥ i˥ ɕia˥˩ kɤ˥ pi˥˩ ku˨˩˦,generated_mandarin_tonal,拍一下哥屁股,pai1 yi1 xia4 ge1 pi4 gu3,pʰai˥ i˥ ɕia˥˩ kɤ˥ pʰi˥˩ ku˨˩˦,歧义同音词,train,1,[],[VARIANT] 拍一下哥辟谷,[IPA] pʰai˥ i˥ ɕia˥˩ kɤ˥ pi˥˩ ku˨˩˦,[VARIANT] 拍一下哥辟谷 [IPA] pʰai˥ i˥ ɕia˥˩ kɤ˥ pi˥˩ ku˨˩˦
local:biz_0108#1:01,local_657_homophone_fragments,biz_0108#1:01,魅女,魅女,魅女,mei4 nv3,mei˥˩ ny˨˩˦,generated_mandarin_tonal,媚女,mei4 nv3,mei˥˩ ny˨˩˦,非词汇同音词,train,1,[],[VARIANT] 魅女,[IPA] mei˥˩ ny˨˩˦,[VARIANT] 魅女 [IPA] mei˥˩ ny˨˩˦
local:biz_0114#1:01,local_657_homophone_fragments,biz_0114#1:01,窝趣,窝趣,窝趣,wo1 qu4,wɔ˥ tɕʰy˥˩,generated_mandarin_tonal,我去,wo3 qu4,wɔ˨˩˦ tɕʰy˥˩,非词汇同音词,train,1,[],[VARIANT] 窝趣,[IPA] wɔ˥ tɕʰy˥˩,[VARIANT] 窝趣 [IPA] wɔ˥ tɕʰy˥˩
local:biz_0114#1:02,local_657_homophone_fragments,biz_0114#1:02,球球,球球,球球,qiu2 qiu2,tɕʰiou˧˥ tɕʰiou˧˥,generated_mandarin_tonal,求求,qiu2 qiu2,tɕʰiou˧˥ tɕʰiou˧˥,非词汇同音词,train,1,[],[VARIANT] 球球,[IPA] tɕʰiou˧˥ tɕʰiou˧˥,[VARIANT] 球球 [IPA] tɕʰiou˧˥ tɕʰiou˧˥
local:biz_0107#1:01,local_657_homophone_fragments,biz_0107#1:01,双的要飞天了,双的要飞天了,双的要飞天了,shuang1 de yao4 fei1 tian1 le,ʂuɑŋ˥ tɤ jɑʊ˥˩ fei˥ tʰiɛn˥ lɤ,generated_mandarin_tonal,爽的要飞天了,shuang3 de yao4 fei1 tian1 le,ʂuɑŋ˨˩˦ tɤ jɑʊ˥˩ fei˥ tʰiɛn˥ lɤ,歧义同音词,train,1,[],[VARIANT] 双的要飞天了,[IPA] ʂuɑŋ˥ tɤ jɑʊ˥˩ fei˥ tʰiɛn˥ lɤ,[VARIANT] 双的要飞天了 [IPA] ʂuɑŋ˥ tɤ jɑʊ˥˩ fei˥ tʰiɛn˥ lɤ
local:biz_0111#1:01,local_657_homophone_fragments,biz_0111#1:01,亲鼠,亲鼠,亲鼠,qin1 shu3,tɕʰin˥ ʂu˨˩˦,generated_mandarin_tonal,亲死,qin1 si3,tɕʰin˥ sɹ̩˨˩˦,非词汇同音词,train,1,[],[VARIANT] 亲鼠,[IPA] tɕʰin˥ ʂu˨˩˦,[VARIANT] 亲鼠 [IPA] tɕʰin˥ ʂu˨˩˦
local:biz_0118#1:01,local_657_homophone_fragments,biz_0118#1:01,饿鼠了,饿鼠了,饿鼠了,e4 shu3 le,ɤ˥˩ ʂu˨˩˦ lɤ,generated_mandarin_tonal,饿死了,e4 si3 le,ɤ˥˩ sɹ̩˨˩˦ lɤ,跨语言语音编码,train,1,[],[VARIANT] 饿鼠了,[IPA] ɤ˥˩ ʂu˨˩˦ lɤ,[VARIANT] 饿鼠了 [IPA] ɤ˥˩ ʂu˨˩˦ lɤ
local:biz_0141#1:01,local_657_homophone_fragments,biz_0141#1:01,脚角,脚角,脚角,jiao3 jiao3,tɕiɑʊ˨˩˦ tɕiɑʊ˨˩˦,generated_mandarin_tonal,脚交,jiao3 jiao1,tɕiɑʊ˨˩˦ tɕiɑʊ˥,非词汇同音词,train,1,[],[VARIANT] 脚角,[IPA] tɕiɑʊ˨˩˦ tɕiɑʊ˨˩˦,[VARIANT] 脚角 [IPA] tɕiɑʊ˨˩˦ tɕiɑʊ˨˩˦
local:biz_0133#1:01,local_657_homophone_fragments,biz_0133#1:01,这么烧,这么烧,这么烧,zhe4 me shao1,ʈʂɤ˥˩ mɤ ʂɑʊ˥,generated_mandarin_tonal,这么骚,zhe4 me sao1,ʈʂɤ˥˩ mɤ sɑʊ˥,歧义同音词,train,1,[],[VARIANT] 这么烧,[IPA] ʈʂɤ˥˩ mɤ ʂɑʊ˥,[VARIANT] 这么烧 [IPA] ʈʂɤ˥˩ mɤ ʂɑʊ˥
local:biz_0178#1:01,local_657_homophone_fragments,biz_0178#1:01,紫薇,紫薇,紫薇,zi3 wei1,tsɹ̩˨˩˦ wei˥,generated_mandarin_tonal,自慰,zi4 wei4,tsɹ̩˥˩ wei˥˩,歧义同音词,train,1,[],[VARIANT] 紫薇,[IPA] tsɹ̩˨˩˦ wei˥,[VARIANT] 紫薇 [IPA] tsɹ̩˨˩˦ wei˥
local:biz_0104#1:01,local_657_homophone_fragments,biz_0104#1:01,哥力了,哥力了,哥力了,ge1 li4 le,kɤ˥ li˥˩ lɤ,generated_mandarin_tonal,哥立了,ge1 li4 le,kɤ˥ li˥˩ lɤ,非词汇同音词,train,1,[],[VARIANT] 哥力了,[IPA] kɤ˥ li˥˩ lɤ,[VARIANT] 哥力了 [IPA] kɤ˥ li˥˩ lɤ
local:biz_0170#1:01,local_657_homophone_fragments,biz_0170#1:01,霜到,霜到,霜到,shuang1 dao4,ʂuɑŋ˥ tɑʊ˥˩,generated_mandarin_tonal,爽到,shuang3 dao4,ʂuɑŋ˨˩˦ tɑʊ˥˩,歧义同音词,train,1,[],[VARIANT] 霜到,[IPA] ʂuɑŋ˥ tɑʊ˥˩,[VARIANT] 霜到 [IPA] ʂuɑŋ˥ tɑʊ˥˩
local:biz_0130#1:01,local_657_homophone_fragments,biz_0130#1:01,长得太涩,长得太涩,长得太涩,zhang3 de2 tai4 se4,ʈʂɑŋ˨˩˦ tɤ˧˥ tʰai˥˩ sɤ˥˩,generated_mandarin_tonal,长得太色,zhang3 de2 tai4 se4,ʈʂɑŋ˨˩˦ tɤ˧˥ tʰai˥˩ sɤ˥˩,歧义同音词,train,1,[],[VARIANT] 长得太涩,[IPA] ʈʂɑŋ˨˩˦ tɤ˧˥ tʰai˥˩ sɤ˥˩,[VARIANT] 长得太涩 [IPA] ʈʂɑŋ˨˩˦ tɤ˧˥ tʰai˥˩ sɤ˥˩
local:biz_0177#1:01,local_657_homophone_fragments,biz_0177#1:01,湿巾,湿巾,湿巾,shi1 jin1,ʂɻ̩˥ tɕin˥,generated_mandarin_tonal,失禁,shi1 jin4,ʂɻ̩˥ tɕin˥˩,歧义同音词,train,1,[],[VARIANT] 湿巾,[IPA] ʂɻ̩˥ tɕin˥,[VARIANT] 湿巾 [IPA] ʂɻ̩˥ tɕin˥
local:biz_0172#1:01,local_657_homophone_fragments,biz_0172#1:01,留水,留水,留水,liu2 shui3,liou˧˥ ʂuei˨˩˦,generated_mandarin_tonal,流水,liu2 shui3,liou˧˥ ʂuei˨˩˦,歧义同音词,train,1,[],[VARIANT] 留水,[IPA] liou˧˥ ʂuei˨˩˦,[VARIANT] 留水 [IPA] liou˧˥ ʂuei˨˩˦
local:biz_0190#1:01,local_657_homophone_fragments,biz_0190#1:01,豪吃,豪吃,豪吃,hao2 chi1,xɑʊ˧˥ ʈʂʰɻ̩˥,generated_mandarin_tonal,好吃,hao3 chi1,xɑʊ˨˩˦ ʈʂʰɻ̩˥,非词汇同音词,train,1,[],[VARIANT] 豪吃,[IPA] xɑʊ˧˥ ʈʂʰɻ̩˥,[VARIANT] 豪吃 [IPA] xɑʊ˧˥ ʈʂʰɻ̩˥
local:biz_0233#1:01,local_657_homophone_fragments,biz_0233#1:01,容易shuang,容易shuang,容易shuang,rong2 yi4 shuang,ɻʊŋ˧˥ i˥˩ ʂuɑŋ,generated_mandarin_tonal,容易爽,rong2 yi4 shuang3,ɻʊŋ˧˥ i˥˩ ʂuɑŋ˨˩˦,语音替代,train,1,[],[VARIANT] 容易shuang,[IPA] ɻʊŋ˧˥ i˥˩ ʂuɑŋ,[VARIANT] 容易shuang [IPA] ɻʊŋ˧˥ i˥˩ ʂuɑŋ
local:biz_0179#1:01,local_657_homophone_fragments,biz_0179#1:01,银角了起来,银角了起来,银角了起来,yin2 jiao3 le qi3 lai2,in˧˥ tɕiɑʊ˨˩˦ lɤ tɕʰi˨˩˦ lai˧˥,generated_mandarin_tonal,淫叫了起来,yin2 jiao4 le qi3 lai2,in˧˥ tɕiɑʊ˥˩ lɤ tɕʰi˨˩˦ lai˧˥,歧义同音词,train,1,[],[VARIANT] 银角了起来,[IPA] in˧˥ tɕiɑʊ˨˩˦ lɤ tɕʰi˨˩˦ lai˧˥,[VARIANT] 银角了起来 [IPA] in˧˥ tɕiɑʊ˨˩˦ lɤ tɕʰi˨˩˦ lai˧˥
local:biz_0171#1:01,local_657_homophone_fragments,biz_0171#1:01,酥糊,酥糊,酥糊,su1 hu2,su˥ xu˧˥,generated_mandarin_tonal,舒服,shu1 fu2,ʂu˥ fu˧˥,非词汇同音词,train,1,[],[VARIANT] 酥糊,[IPA] su˥ xu˧˥,[VARIANT] 酥糊 [IPA] su˥ xu˧˥
local:biz_0261#1:01,local_657_homophone_fragments,biz_0261#1:01,守根砂,守根砂,守根砂,shou3 gen1 sha1,ʂoʊ˨˩˦ kən˥ ʂa˥,generated_mandarin_tonal,守宫砂,shou3 gong1 sha1,ʂoʊ˨˩˦ kʊŋ˥ ʂa˥,歧义同音词,train,1,[],[VARIANT] 守根砂,[IPA] ʂoʊ˨˩˦ kən˥ ʂa˥,[VARIANT] 守根砂 [IPA] ʂoʊ˨˩˦ kən˥ ʂa˥
local:biz_0316#1:01,local_657_homophone_fragments,biz_0316#1:01,铝铜,铝铜,铝铜,lv3 tong2,ly˨˩˦ tʰʊŋ˧˥,generated_mandarin_tonal,女同,nv3 tong2,ny˨˩˦ tʰʊŋ˧˥,歧义同音词,train,1,[],[VARIANT] 铝铜,[IPA] ly˨˩˦ tʰʊŋ˧˥,[VARIANT] 铝铜 [IPA] ly˨˩˦ tʰʊŋ˧˥
local:biz_0364#1:01,local_657_homophone_fragments,biz_0364#1:01,几颗法情,几颗法情,几颗法情,ji3 ke1 fa3 qing2,tɕi˨˩˦ kʰɤ˥ fa˨˩˦ tɕʰiŋ˧˥,generated_mandarin_tonal,饥渴发情,ji1 ke3 fa1 qing2,tɕi˥ kʰɤ˨˩˦ fa˥ tɕʰiŋ˧˥,非词汇同音词,train,1,[],[VARIANT] 几颗法情,[IPA] tɕi˨˩˦ kʰɤ˥ fa˨˩˦ tɕʰiŋ˧˥,[VARIANT] 几颗法情 [IPA] tɕi˨˩˦ kʰɤ˥ fa˨˩˦ tɕʰiŋ˧˥
local:biz_0364#1:02,local_657_homophone_fragments,biz_0364#1:02,慢租,慢租,慢租,man4 zu1,man˥˩ tsu˥,generated_mandarin_tonal,满足,man3 zu2,man˨˩˦ tsu˧˥,非词汇同音词,train,1,[],[VARIANT] 慢租,[IPA] man˥˩ tsu˥,[VARIANT] 慢租 [IPA] man˥˩ tsu˥
local:biz_0278#1:01,local_657_homophone_fragments,biz_0278#1:01,度数不高的9,度数不高的9,度数不高的九,du4 shu4 bu4 gao1 de jiu3,tu˥˩ ʂu˥˩ pu˥˩ kɑʊ˥ tɤ tɕiou˨˩˦,generated_mandarin_tonal,度数不高的酒,du4 shu4 bu4 gao1 de jiu3,tu˥˩ ʂu˥˩ pu˥˩ kɑʊ˥ tɤ tɕiou˨˩˦,语音替代,train,1,[],[VARIANT] 度数不高的9,[IPA] tu˥˩ ʂu˥˩ pu˥˩ kɑʊ˥ tɤ tɕiou˨˩˦,[VARIANT] 度数不高的9 [IPA] tu˥˩ ʂu˥˩ pu˥˩ kɑʊ˥ tɤ tɕiou˨˩˦
local:biz_0314#1:01,local_657_homophone_fragments,biz_0314#1:01,侄女,侄女,侄女,zhi2 nv3,ʈʂɻ̩˧˥ ny˨˩˦,generated_mandarin_tonal,直女,zhi2 nv3,ʈʂɻ̩˧˥ ny˨˩˦,歧义同音词,train,1,[],[VARIANT] 侄女,[IPA] ʈʂɻ̩˧˥ ny˨˩˦,[VARIANT] 侄女 [IPA] ʈʂɻ̩˧˥ ny˨˩˦
local:biz_0384#1:01,local_657_homophone_fragments,biz_0384#1:01,豪赤,豪赤,豪赤,hao2 chi4,xɑʊ˧˥ ʈʂʰɻ̩˥˩,generated_mandarin_tonal,好吃,hao3 chi1,xɑʊ˨˩˦ ʈʂʰɻ̩˥,非词汇同音词,train,1,[],[VARIANT] 豪赤,[IPA] xɑʊ˧˥ ʈʂʰɻ̩˥˩,[VARIANT] 豪赤 [IPA] xɑʊ˧˥ ʈʂʰɻ̩˥˩
local:biz_0163#1:01,local_657_homophone_fragments,biz_0163#1:01,小雪,小雪,小雪,xiao3 xue3,ɕiɑʊ˨˩˦ ɕyɛ˨˩˦,generated_mandarin_tonal,小穴,xiao3 xue2,ɕiɑʊ˨˩˦ ɕyɛ˧˥,歧义同音词,train,1,[],[VARIANT] 小雪,[IPA] ɕiɑʊ˨˩˦ ɕyɛ˨˩˦,[VARIANT] 小雪 [IPA] ɕiɑʊ˨˩˦ ɕyɛ˨˩˦
local:biz_0222#1:01,local_657_homophone_fragments,biz_0222#1:01,chuang上,chuang上,chuang上,chuang shang4,ʈʂʰuɑŋ ʂɑŋ˥˩,generated_mandarin_tonal,床上,chuang2 shang4,ʈʂʰuɑŋ˧˥ ʂɑŋ˥˩,语音替代,train,1,[],[VARIANT] chuang上,[IPA] ʈʂʰuɑŋ ʂɑŋ˥˩,[VARIANT] chuang上 [IPA] ʈʂʰuɑŋ ʂɑŋ˥˩
local:biz_0363#1:01,local_657_homophone_fragments,biz_0363#1:01,虾面,虾面,虾面,xia1 mian4,ɕia˥ miɛn˥˩,generated_mandarin_tonal,下面,xia4 mian4,ɕia˥˩ miɛn˥˩,歧义同音词,train,1,[],[VARIANT] 虾面,[IPA] ɕia˥ miɛn˥˩,[VARIANT] 虾面 [IPA] ɕia˥ miɛn˥˩
local:biz_0221#1:01,local_657_homophone_fragments,biz_0221#1:01,一边ding,一边ding,一边ding,yi1 bian1 ding,i˥ piɛn˥ tiŋ,generated_mandarin_tonal,一边顶,yi1 bian1 ding3,i˥ piɛn˥ tiŋ˨˩˦,语音替代,train,1,[],[VARIANT] 一边ding,[IPA] i˥ piɛn˥ tiŋ,[VARIANT] 一边ding [IPA] i˥ piɛn˥ tiŋ
local:biz_0449#1:01,local_657_homophone_fragments,biz_0449#1:01,铁腚,铁腚,铁腚,tie3 ding4,tʰiɛ˨˩˦ tiŋ˥˩,generated_mandarin_tonal,铁锭,tie3 ding4,tʰiɛ˨˩˦ tiŋ˥˩,歧义同音词,train,1,[],[VARIANT] 铁腚,[IPA] tʰiɛ˨˩˦ tiŋ˥˩,[VARIANT] 铁腚 [IPA] tʰiɛ˨˩˦ tiŋ˥˩
local:biz_0427#1:03,local_657_homophone_fragments,biz_0427#1:03,和茑全蛇,和茑全蛇,和茑全蛇,he2 niao3 quan2 she2,xɤ˧˥ niɑʊ˨˩˦ tɕʰyɛn˧˥ ʂɤ˧˥,generated_mandarin_tonal,和尿全射,he2 niao4 quan2 she4,xɤ˧˥ niɑʊ˥˩ tɕʰyɛn˧˥ ʂɤ˥˩,非词汇同音词,train,1,[],[VARIANT] 和茑全蛇,[IPA] xɤ˧˥ niɑʊ˨˩˦ tɕʰyɛn˧˥ ʂɤ˧˥,[VARIANT] 和茑全蛇 [IPA] xɤ˧˥ niɑʊ˨˩˦ tɕʰyɛn˧˥ ʂɤ˧˥
local:biz_0461#1:01,local_657_homophone_fragments,biz_0461#1:01,我嘞个豆,我嘞个豆,我嘞个豆,wo3 lei ge4 dou4,wɔ˨˩˦ lei kɤ˥˩ toʊ˥˩,generated_mandarin_tonal,我的妈呀,wo3 de ma1 ya,wɔ˨˩˦ tɤ ma˥ ja,非词汇同音词,train,1,[],[VARIANT] 我嘞个豆,[IPA] wɔ˨˩˦ lei kɤ˥˩ toʊ˥˩,[VARIANT] 我嘞个豆 [IPA] wɔ˨˩˦ lei kɤ˥˩ toʊ˥˩
local:biz_0447#1:01,local_657_homophone_fragments,biz_0447#1:01,很烧,很烧,很烧,hen3 shao1,xən˨˩˦ ʂɑʊ˥,generated_mandarin_tonal,很骚,hen3 sao1,xən˨˩˦ sɑʊ˥,非词汇同音词,train,1,[],[VARIANT] 很烧,[IPA] xən˨˩˦ ʂɑʊ˥,[VARIANT] 很烧 [IPA] xən˨˩˦ ʂɑʊ˥
local:biz_0599#1:01,local_657_homophone_fragments,biz_0599#1:01,加大力度艹,加大力度艹,加大力度艹,jia1 da4 li4 du4 cao3,tɕia˥ ta˥˩ li˥˩ tu˥˩ tsʰɑʊ˨˩˦,generated_mandarin_tonal,加大力度操,jia1 da4 li4 du4 cao1,tɕia˥ ta˥˩ li˥˩ tu˥˩ tsʰɑʊ˥,非词汇同音词,train,1,[],[VARIANT] 加大力度艹,[IPA] tɕia˥ ta˥˩ li˥˩ tu˥˩ tsʰɑʊ˨˩˦,[VARIANT] 加大力度艹 [IPA] tɕia˥ ta˥˩ li˥˩ tu˥˩ tsʰɑʊ˨˩˦
local:biz_0572#1:01,local_657_homophone_fragments,biz_0572#1:01,赛小玩具,赛小玩具,赛小玩具,sai4 xiao3 wan2 ju4,sai˥˩ ɕiɑʊ˨˩˦ wan˧˥ tɕy˥˩,generated_mandarin_tonal,塞小玩具,sai1 xiao3 wan2 ju4,sai˥ ɕiɑʊ˨˩˦ wan˧˥ tɕy˥˩,歧义同音词,train,1,[],[VARIANT] 赛小玩具,[IPA] sai˥˩ ɕiɑʊ˨˩˦ wan˧˥ tɕy˥˩,[VARIANT] 赛小玩具 [IPA] sai˥˩ ɕiɑʊ˨˩˦ wan˧˥ tɕy˥˩
local:biz_0536#1:01,local_657_homophone_fragments,biz_0536#1:01,苏福,苏福,苏福,su1 fu2,su˥ fu˧˥,generated_mandarin_tonal,舒服,shu1 fu2,ʂu˥ fu˧˥,非词汇同音词,train,1,[],[VARIANT] 苏福,[IPA] su˥ fu˧˥,[VARIANT] 苏福 [IPA] su˥ fu˧˥
local:biz_0548#1:01,local_657_homophone_fragments,biz_0548#1:01,法不服,法不服,法不服,fa3 bu4 fu2,fa˨˩˦ pu˥˩ fu˧˥,generated_mandarin_tonal,fuck不服,fuck bu4 fu2,fˈʌk pu˥˩ fu˧˥,跨语言语音编码,train,1,[],[VARIANT] 法不服,[IPA] fa˨˩˦ pu˥˩ fu˧˥,[VARIANT] 法不服 [IPA] fa˨˩˦ pu˥˩ fu˧˥
local:biz_0464#1:01,local_657_homophone_fragments,biz_0464#1:01,搞完,搞完,搞完,gao3 wan2,kɑʊ˨˩˦ wan˧˥,generated_mandarin_tonal,睾丸,gao1 wan2,kɑʊ˥ wan˧˥,歧义同音词,train,1,[],[VARIANT] 搞完,[IPA] kɑʊ˨˩˦ wan˧˥,[VARIANT] 搞完 [IPA] kɑʊ˨˩˦ wan˧˥
local:biz_0533#1:01,local_657_homophone_fragments,biz_0533#1:01,厚入,厚入,厚入,hou4 ru4,xoʊ˥˩ ɻu˥˩,generated_mandarin_tonal,后入,hou4 ru4,xoʊ˥˩ ɻu˥˩,非词汇同音词,train,1,[],[VARIANT] 厚入,[IPA] xoʊ˥˩ ɻu˥˩,[VARIANT] 厚入 [IPA] xoʊ˥˩ ɻu˥˩
local:biz_0593#1:02,local_657_homophone_fragments,biz_0593#1:02,才会角,才会角,才会角,cai2 hui4 jiao3,tsʰai˧˥ xuei˥˩ tɕiɑʊ˨˩˦,generated_mandarin_tonal,才会叫,cai2 hui4 jiao4,tsʰai˧˥ xuei˥˩ tɕiɑʊ˥˩,歧义同音词,train,1,[],[VARIANT] 才会角,[IPA] tsʰai˧˥ xuei˥˩ tɕiɑʊ˨˩˦,[VARIANT] 才会角 [IPA] tsʰai˧˥ xuei˥˩ tɕiɑʊ˨˩˦
local:biz_0542#1:01,local_657_homophone_fragments,biz_0542#1:01,烧烧,烧烧,烧烧,shao1 shao1,ʂɑʊ˥ ʂɑʊ˥,generated_mandarin_tonal,骚骚,sao1 sao1,sɑʊ˥ sɑʊ˥,非词汇同音词,train,1,[],[VARIANT] 烧烧,[IPA] ʂɑʊ˥ ʂɑʊ˥,[VARIANT] 烧烧 [IPA] ʂɑʊ˥ ʂɑʊ˥
local:biz_0543#1:01,local_657_homophone_fragments,biz_0543#1:01,雾草,雾草,雾草,wu4 cao3,u˥˩ tsʰɑʊ˨˩˦,generated_mandarin_tonal,卧槽,wo4 cao2,wɔ˥˩ tsʰɑʊ˧˥,歧义同音词,train,1,[],[VARIANT] 雾草,[IPA] u˥˩ tsʰɑʊ˨˩˦,[VARIANT] 雾草 [IPA] u˥˩ tsʰɑʊ˨˩˦
local:biz_0538#1:01,local_657_homophone_fragments,biz_0538#1:01,网煌,网煌,网煌,wang3 huang2,wɑŋ˨˩˦ xuɑŋ˧˥,generated_mandarin_tonal,网黄,wang3 huang2,wɑŋ˨˩˦ xuɑŋ˧˥,非词汇同音词,train,1,[],[VARIANT] 网煌,[IPA] wɑŋ˨˩˦ xuɑŋ˧˥,[VARIANT] 网煌 [IPA] wɑŋ˨˩˦ xuɑŋ˧˥
local:biz_0595#1:01,local_657_homophone_fragments,biz_0595#1:01,叫的越烧,叫的越烧,叫的越烧,jiao4 de yue4 shao1,tɕiɑʊ˥˩ tɤ yɛ˥˩ ʂɑʊ˥,generated_mandarin_tonal,叫的越骚,jiao4 de yue4 sao1,tɕiɑʊ˥˩ tɤ yɛ˥˩ sɑʊ˥,非词汇同音词,train,1,[],[VARIANT] 叫的越烧,[IPA] tɕiɑʊ˥˩ tɤ yɛ˥˩ ʂɑʊ˥,[VARIANT] 叫的越烧 [IPA] tɕiɑʊ˥˩ tɤ yɛ˥˩ ʂɑʊ˥
local:biz_0537#1:01,local_657_homophone_fragments,biz_0537#1:01,肚子和比,肚子和比,肚子和比,du3 zi he2 bi3,tu˨˩˦ tsɹ̩ xɤ˧˥ pi˨˩˦,generated_mandarin_tonal,肚子和逼,du3 zi he2 bi1,tu˨˩˦ tsɹ̩ xɤ˧˥ pi˥,歧义同音词,train,1,[],[VARIANT] 肚子和比,[IPA] tu˨˩˦ tsɹ̩ xɤ˧˥ pi˨˩˦,[VARIANT] 肚子和比 [IPA] tu˨˩˦ tsɹ̩ xɤ˧˥ pi˨˩˦
local:biz_0241#1:01,local_657_homophone_fragments,biz_0241#1:01,娇chuan,娇chuan,娇chuan,jiao1 chuan,tɕiɑʊ˥ ʈʂʰuan,generated_mandarin_tonal,娇喘,jiao1 chuan3,tɕiɑʊ˥ ʈʂʰuan˨˩˦,语音替代,train,2,["local:biz_0442#1:02"],[VARIANT] 娇chuan,[IPA] tɕiɑʊ˥ ʈʂʰuan,[VARIANT] 娇chuan [IPA] tɕiɑʊ˥ ʈʂʰuan
local:biz_0228#1:01,local_657_homophone_fragments,biz_0228#1:01,ying了,ying了,ying了,ying le,iŋ lɤ,generated_mandarin_tonal,硬了,ying4 le,iŋ˥˩ lɤ,语音替代,train,1,[],[VARIANT] ying了,[IPA] iŋ lɤ,[VARIANT] ying了 [IPA] iŋ lɤ
local:biz_0271#1:01,local_657_homophone_fragments,biz_0271#1:01,woc,woc,woc,woc,wˈɒk,generated_mandarin_tonal,卧槽,wo4 cao2,wɔ˥˩ tsʰɑʊ˧˥,语音替代,train,1,[],[VARIANT] woc,[IPA] wˈɒk,[VARIANT] woc [IPA] wˈɒk
local:biz_0268#1:01,local_657_homophone_fragments,biz_0268#1:01,很zhong了,很zhong了,很zhong了,hen3 zhong le,xən˨˩˦ ʈʂʊŋ lɤ,generated_mandarin_tonal,很肿了,hen3 zhong3 le,xən˨˩˦ ʈʂʊŋ˨˩˦ lɤ,语音替代,train,1,[],[VARIANT] 很zhong了,[IPA] xən˨˩˦ ʈʂʊŋ lɤ,[VARIANT] 很zhong了 [IPA] xən˨˩˦ ʈʂʊŋ lɤ
local:biz_0273#1:01,local_657_homophone_fragments,biz_0273#1:01,凌ru,凌ru,凌ru,ling2 ru,liŋ˧˥ ɻu,generated_mandarin_tonal,凌辱,ling2 ru3,liŋ˧˥ ɻu˨˩˦,语音替代,train,1,[],[VARIANT] 凌ru,[IPA] liŋ˧˥ ɻu,[VARIANT] 凌ru [IPA] liŋ˧˥ ɻu
local:biz_0347#1:01,local_657_homophone_fragments,biz_0347#1:01,zhang奶,zhang奶,zhang奶,zhang nai3,ʈʂɑŋ nai˨˩˦,generated_mandarin_tonal,涨奶,zhang3 nai3,ʈʂɑŋ˨˩˦ nai˨˩˦,语音替代,train,1,[],[VARIANT] zhang奶,[IPA] ʈʂɑŋ nai˨˩˦,[VARIANT] zhang奶 [IPA] ʈʂɑŋ nai˨˩˦
local:biz_0346#1:01,local_657_homophone_fragments,biz_0346#1:01,min感点,min感点,min感点,min gan3 dian3,min kan˨˩˦ tiɛn˨˩˦,generated_mandarin_tonal,敏感点,min3 gan3 dian3,min˨˩˦ kan˨˩˦ tiɛn˨˩˦,语音替代,train,1,[],[VARIANT] min感点,[IPA] min kan˨˩˦ tiɛn˨˩˦,[VARIANT] min感点 [IPA] min kan˨˩˦ tiɛn˨˩˦
local:biz_0336#1:01,local_657_homophone_fragments,biz_0336#1:01,JuHua,JuHua,JuHua,JuHua,dʒˈuː hjˈuːa,generated_mandarin_tonal,菊花,ju2 hua1,tɕy˧˥ xua˥,语音替代,train,1,[],[VARIANT] JuHua,[IPA] dʒˈuː hjˈuːa,[VARIANT] JuHua [IPA] dʒˈuː hjˈuːa
local:biz_0334#1:01,local_657_homophone_fragments,biz_0334#1:01,gu起来了,gu起来了,gu起来了,gu qi3 lai2 le,ku tɕʰi˨˩˦ lai˧˥ lɤ,generated_mandarin_tonal,鼓起来了,gu3 qi3 lai2 le,ku˨˩˦ tɕʰi˨˩˦ lai˧˥ lɤ,语音替代,train,1,[],[VARIANT] gu起来了,[IPA] ku tɕʰi˨˩˦ lai˧˥ lɤ,[VARIANT] gu起来了 [IPA] ku tɕʰi˨˩˦ lai˧˥ lɤ
local:biz_0348#1:01,local_657_homophone_fragments,biz_0348#1:01,tiao到最大,tiao到最大,tiao到最大,tiao dao4 zui4 da4,tʰiɑʊ tɑʊ˥˩ tsuei˥˩ ta˥˩,generated_mandarin_tonal,调到最大,diao4 dao4 zui4 da4,tiɑʊ˥˩ tɑʊ˥˩ tsuei˥˩ ta˥˩,语音替代,train,1,[],[VARIANT] tiao到最大,[IPA] tʰiɑʊ tɑʊ˥˩ tsuei˥˩ ta˥˩,[VARIANT] tiao到最大 [IPA] tʰiɑʊ tɑʊ˥˩ tsuei˥˩ ta˥˩
local:biz_0393#1:01,local_657_homophone_fragments,biz_0393#1:01,niao,niao,niao,niao,niɑʊ,generated_mandarin_tonal,尿,niao4,niɑʊ˥˩,语音替代,train,1,[],[VARIANT] niao,[IPA] niɑʊ,[VARIANT] niao [IPA] niɑʊ
local:biz_0389#1:01,local_657_homophone_fragments,biz_0389#1:01,qicheng,qicheng,qicheng,qicheng,kɪtʃˈɛŋ,generated_mandarin_tonal,骑乘,qi2 cheng2,tɕʰi˧˥ ʈʂʰɤŋ˧˥,语音替代,train,1,[],[VARIANT] qicheng,[IPA] kɪtʃˈɛŋ,[VARIANT] qicheng [IPA] kɪtʃˈɛŋ
local:biz_0360#1:01,local_657_homophone_fragments,biz_0360#1:01,1直,1直,一直,yi4 zhi2,i˥˩ ʈʂɻ̩˧˥,generated_mandarin_tonal,一直,yi4 zhi2,i˥˩ ʈʂɻ̩˧˥,语音替代,train,1,[],[VARIANT] 1直,[IPA] i˥˩ ʈʂɻ̩˧˥,[VARIANT] 1直 [IPA] i˥˩ ʈʂɻ̩˧˥
local:biz_0422#1:01,local_657_homophone_fragments,biz_0422#1:01,还shi着,还shi着,还shi着,hai2 shi zhe,xai˧˥ ʂɻ̩ ʈʂɤ,generated_mandarin_tonal,还湿着,hai2 shi1 zhe,xai˧˥ ʂɻ̩˥ ʈʂɤ,歧义同音词,train,1,[],[VARIANT] 还shi着,[IPA] xai˧˥ ʂɻ̩ ʈʂɤ,[VARIANT] 还shi着 [IPA] xai˧˥ ʂɻ̩ ʈʂɤ
local:biz_0422#1:02,local_657_homophone_fragments,biz_0422#1:02,水煎,水煎,水煎,shui3 jian1,ʂuei˨˩˦ tɕiɛn˥,generated_mandarin_tonal,睡奸,shui4 jian1,ʂuei˥˩ tɕiɛn˥,歧义同音词,train,2,["local:biz_0471#1:01"],[VARIANT] 水煎,[IPA] ʂuei˨˩˦ tɕiɛn˥,[VARIANT] 水煎 [IPA] ʂuei˨˩˦ tɕiɛn˥
local:biz_0414#1:01,local_657_homophone_fragments,biz_0414#1:01,想法她,想法她,想法她,xiang3 fa3 ta1,ɕiɑŋ˨˩˦ fa˨˩˦ tʰa˥,generated_mandarin_tonal,想fuck她,xiang3 fuck ta1,ɕiɑŋ˨˩˦ fˈʌk tʰa˥,跨语言语音编码,train,1,[],[VARIANT] 想法她,[IPA] ɕiɑŋ˨˩˦ fa˨˩˦ tʰa˥,[VARIANT] 想法她 [IPA] ɕiɑŋ˨˩˦ fa˨˩˦ tʰa˥
local:biz_0471#1:02,local_657_homophone_fragments,biz_0471#1:02,扣,扣,扣,kou4,kʰoʊ˥˩,generated_mandarin_tonal,抠,kou1,kʰoʊ˥,歧义同音词,train,1,[],[VARIANT] 扣,[IPA] kʰoʊ˥˩,[VARIANT] 扣 [IPA] kʰoʊ˥˩
local:biz_0553#1:01,local_657_homophone_fragments,biz_0553#1:01,狠狠法,狠狠法,狠狠法,hen3 hen3 fa3,xən˨˩˦ xən˨˩˦ fa˨˩˦,generated_mandarin_tonal,狠狠fuck,hen3 hen3 fuck,xən˨˩˦ xən˨˩˦ fˈʌk,跨语言语音编码,train,1,[],[VARIANT] 狠狠法,[IPA] xən˨˩˦ xən˨˩˦ fa˨˩˦,[VARIANT] 狠狠法 [IPA] xən˨˩˦ xən˨˩˦ fa˨˩˦
local:biz_0559#1:01,local_657_homophone_fragments,biz_0559#1:01,老福特,老福特,老福特,lao3 fu2 te4,lɑʊ˨˩˦ fu˧˥ tʰɤ˥˩,generated_mandarin_tonal,LOFTER,LOFTER,lˈɒftə,跨语言语音编码,train,1,[],[VARIANT] 老福特,[IPA] lɑʊ˨˩˦ fu˧˥ tʰɤ˥˩,[VARIANT] 老福特 [IPA] lɑʊ˨˩˦ fu˧˥ tʰɤ˥˩
local:biz_0570#1:01,local_657_homophone_fragments,biz_0570#1:01,双星,双星,双星,shuang1 xing1,ʂuɑŋ˥ ɕiŋ˥,generated_mandarin_tonal,双性,shuang1 xing4,ʂuɑŋ˥ ɕiŋ˥˩,歧义同音词,train,1,[],[VARIANT] 双星,[IPA] ʂuɑŋ˥ ɕiŋ˥,[VARIANT] 双星 [IPA] ʂuɑŋ˥ ɕiŋ˥
local:biz_0584#1:01,local_657_homophone_fragments,biz_0584#1:01,法着放心,法着放心,法着放心,fa3 zhe fang4 xin1,fa˨˩˦ ʈʂɤ fɑŋ˥˩ ɕin˥,generated_mandarin_tonal,fuck着放心,fuck zhe fang4 xin1,fˈʌk ʈʂɤ fɑŋ˥˩ ɕin˥,跨语言语音编码,train,1,[],[VARIANT] 法着放心,[IPA] fa˨˩˦ ʈʂɤ fɑŋ˥˩ ɕin˥,[VARIANT] 法着放心 [IPA] fa˨˩˦ ʈʂɤ fɑŋ˥˩ ɕin˥
local:biz_0302#1:01,local_657_homophone_fragments,biz_0302#1:01,好ru,好ru,好ru,hao3 ru,xɑʊ˨˩˦ ɻu,generated_mandarin_tonal,好入,hao3 ru4,xɑʊ˨˩˦ ɻu˥˩,语音替代,train,1,[],[VARIANT] 好ru,[IPA] xɑʊ˨˩˦ ɻu,[VARIANT] 好ru [IPA] xɑʊ˨˩˦ ɻu
local:biz_0582#1:01,local_657_homophone_fragments,biz_0582#1:01,被法得受不了,被法得受不了,被法得受不了,bei4 fa3 de2 shou4 bu4 liao3,pei˥˩ fa˨˩˦ tɤ˧˥ ʂoʊ˥˩ pu˥˩ liɑʊ˨˩˦,generated_mandarin_tonal,被fuck得受不了,bei4 fuck de2 shou4 bu4 liao3,pei˥˩ fˈʌk tɤ˧˥ ʂoʊ˥˩ pu˥˩ liɑʊ˨˩˦,跨语言语音编码,train,1,[],[VARIANT] 被法得受不了,[IPA] pei˥˩ fa˨˩˦ tɤ˧˥ ʂoʊ˥˩ pu˥˩ liɑʊ˨˩˦,[VARIANT] 被法得受不了 [IPA] pei˥˩ fa˨˩˦ tɤ˧˥ ʂoʊ˥˩ pu˥˩ liɑʊ˨˩˦
local:biz_0308#1:01,local_657_homophone_fragments,biz_0308#1:01,b头像,b头像,b头像,b tou2 xiang4,bˈiː tʰoʊ˧˥ ɕiɑŋ˥˩,generated_mandarin_tonal,逼头像,bi1 tou2 xiang4,pi˥ tʰoʊ˧˥ ɕiɑŋ˥˩,语音替代,train,1,[],[VARIANT] b头像,[IPA] bˈiː tʰoʊ˧˥ ɕiɑŋ˥˩,[VARIANT] b头像 [IPA] bˈiː tʰoʊ˧˥ ɕiɑŋ˥˩
local:biz_0339#1:01,local_657_homophone_fragments,biz_0339#1:01,gc特别多,gc特别多,gc特别多,gc te4 bie2 duo1,dʒˌiːsˈiː tʰɤ˥˩ piɛ˧˥ tuɔ˥,generated_mandarin_tonal,高潮特别多,gao1 chao2 te4 bie2 duo1,kɑʊ˥ ʈʂʰɑʊ˧˥ tʰɤ˥˩ piɛ˧˥ tuɔ˥,语音替代,train,1,[],[VARIANT] gc特别多,[IPA] dʒˌiːsˈiː tʰɤ˥˩ piɛ˧˥ tuɔ˥,[VARIANT] gc特别多 [IPA] dʒˌiːsˈiː tʰɤ˥˩ piɛ˧˥ tuɔ˥
local:biz_0339#1:02,local_657_homophone_fragments,biz_0339#1:02,shui也多,shui也多,shui也多,shui ye3 duo1,ʂuei jɛ˨˩˦ tuɔ˥,generated_mandarin_tonal,水也多,shui3 ye3 duo1,ʂuei˨˩˦ jɛ˨˩˦ tuɔ˥,语音替代,train,1,[],[VARIANT] shui也多,[IPA] ʂuei jɛ˨˩˦ tuɔ˥,[VARIANT] shui也多 [IPA] ʂuei jɛ˨˩˦ tuɔ˥
local:biz_0349#1:01,local_657_homophone_fragments,biz_0349#1:01,sao浪,sao浪,sao浪,sao lang4,sɑʊ lɑŋ˥˩,generated_mandarin_tonal,骚浪,sao1 lang4,sɑʊ˥ lɑŋ˥˩,语音替代,train,1,[],[VARIANT] sao浪,[IPA] sɑʊ lɑŋ˥˩,[VARIANT] sao浪 [IPA] sɑʊ lɑŋ˥˩
local:biz_0397#1:01,local_657_homophone_fragments,biz_0397#1:01,luo着,luo着,luo着,luo zhe,luɔ ʈʂɤ,generated_mandarin_tonal,裸着,luo3 zhe,luɔ˨˩˦ ʈʂɤ,语音替代,train,2,["local:biz_0478#1:02"],[VARIANT] luo着,[IPA] luɔ ʈʂɤ,[VARIANT] luo着 [IPA] luɔ ʈʂɤ
local:biz_0405#1:02,local_657_homophone_fragments,biz_0405#1:02,y e体,y e体,y e体,y e ti3,wˈaɪ ˈiː tʰi˨˩˦,generated_mandarin_tonal,液体,ye4 ti3,jɛ˥˩ tʰi˨˩˦,语音替代,train,1,[],[VARIANT] y e体,[IPA] wˈaɪ ˈiː tʰi˨˩˦,[VARIANT] y e体 [IPA] wˈaɪ ˈiː tʰi˨˩˦
local:biz_0440#1:01,local_657_homophone_fragments,biz_0440#1:01,妹的pp,妹的pp,妹的pp,mei4 de pp,mei˥˩ tɤ pˌiːpˈiː,generated_mandarin_tonal,妹的屁屁,mei4 de pi4 pi4,mei˥˩ tɤ pʰi˥˩ pʰi˥˩,语音替代,train,1,[],[VARIANT] 妹的pp,[IPA] mei˥˩ tɤ pˌiːpˈiː,[VARIANT] 妹的pp [IPA] mei˥˩ tɤ pˌiːpˈiː
local:biz_0440#1:02,local_657_homophone_fragments,biz_0440#1:02,哥的tui,哥的tui,哥的tui,ge1 de tui,kɤ˥ tɤ tʰuei,generated_mandarin_tonal,哥的腿,ge1 de tui3,kɤ˥ tɤ tʰuei˨˩˦,语音替代,train,1,[],[VARIANT] 哥的tui,[IPA] kɤ˥ tɤ tʰuei,[VARIANT] 哥的tui [IPA] kɤ˥ tɤ tʰuei
local:biz_0506#1:01,local_657_homophone_fragments,biz_0506#1:01,扇b,扇b,扇b,shan4 b,ʂan˥˩ bˈiː,generated_mandarin_tonal,扇逼,shan4 bi1,ʂan˥˩ pi˥,语音替代,train,1,[],[VARIANT] 扇b,[IPA] ʂan˥˩ bˈiː,[VARIANT] 扇b [IPA] ʂan˥˩ bˈiː
local:biz_0478#1:01,local_657_homophone_fragments,biz_0478#1:01,印bi,印bi,印bi,yin4 bi,in˥˩ pi,generated_mandarin_tonal,印逼,yin4 bi1,in˥˩ pi˥,语音替代,train,1,[],[VARIANT] 印bi,[IPA] in˥˩ pi,[VARIANT] 印bi [IPA] in˥˩ pi
local:biz_0484#1:01,local_657_homophone_fragments,biz_0484#1:01,rou挺香的,rou挺香的,rou挺香的,rou ting3 xiang1 de,ɻoʊ tʰiŋ˨˩˦ ɕiɑŋ˥ tɤ,generated_mandarin_tonal,肉挺香的,rou4 ting3 xiang1 de,ɻoʊ˥˩ tʰiŋ˨˩˦ ɕiɑŋ˥ tɤ,语音替代,train,1,[],[VARIANT] rou挺香的,[IPA] ɻoʊ tʰiŋ˨˩˦ ɕiɑŋ˥ tɤ,[VARIANT] rou挺香的 [IPA] ɻoʊ tʰiŋ˨˩˦ ɕiɑŋ˥ tɤ
local:biz_0529#1:01,local_657_homophone_fragments,biz_0529#1:01,右的雪里,右的雪里,右的雪里,you4 de xue3 li3,joʊ˥˩ tɤ ɕyɛ˨˩˦ li˨˩˦,generated_mandarin_tonal,右的穴里,you4 de xue2 li3,joʊ˥˩ tɤ ɕyɛ˧˥ li˨˩˦,非词汇同音词,train,1,[],[VARIANT] 右的雪里,[IPA] joʊ˥˩ tɤ ɕyɛ˨˩˦ li˨˩˦,[VARIANT] 右的雪里 [IPA] joʊ˥˩ tɤ ɕyɛ˨˩˦ li˨˩˦
local:biz_0366#1:01,local_657_homophone_fragments,biz_0366#1:01,妹的扔,妹的扔,妹的扔,mei4 de reng1,mei˥˩ tɤ ɻɤŋ˥,generated_mandarin_tonal,妹的奶,mei4 de nai3,mei˥˩ tɤ nai˨˩˦,跨语言语音编码,train,1,[],[VARIANT] 妹的扔,[IPA] mei˥˩ tɤ ɻɤŋ˥,[VARIANT] 妹的扔 [IPA] mei˥˩ tɤ ɻɤŋ˥
local:biz_0366#1:02,local_657_homophone_fragments,biz_0366#1:02,产汝,产汝,产汝,chan3 ru3,ʈʂʰan˨˩˦ ɻu˨˩˦,generated_mandarin_tonal,产乳,chan3 ru3,ʈʂʰan˨˩˦ ɻu˨˩˦,跨语言语音编码,train,1,[],[VARIANT] 产汝,[IPA] ʈʂʰan˨˩˦ ɻu˨˩˦,[VARIANT] 产汝 [IPA] ʈʂʰan˨˩˦ ɻu˨˩˦
local:biz_0368#1:01,local_657_homophone_fragments,biz_0368#1:01,抢了,抢了,抢了,qiang3 le,tɕʰiɑŋ˨˩˦ lɤ,generated_mandarin_tonal,强了,qiang2 le,tɕʰiɑŋ˧˥ lɤ,歧义同音词,train,1,[],[VARIANT] 抢了,[IPA] tɕʰiɑŋ˨˩˦ lɤ,[VARIANT] 抢了 [IPA] tɕʰiɑŋ˨˩˦ lɤ
local:toxicloakcn_homophone_keyword_002001#1:01,local_657_homophone_fragments,toxicloakcn_homophone_keyword_002001#1:01,蝈腩,蝈腩,蝈腩,guo1 nan3,kuɔ˥ nan˨˩˦,generated_mandarin_tonal,国男,guo2 nan2,kuɔ˧˥ nan˧˥,非词汇同音词,train,1,[],[VARIANT] 蝈腩,[IPA] kuɔ˥ nan˨˩˦,[VARIANT] 蝈腩 [IPA] kuɔ˥ nan˨˩˦
local:toxicloakcn_homophone_keyword_001196#1:02,local_657_homophone_fragments,toxicloakcn_homophone_keyword_001196#1:02,狗延残喘,狗延残喘,狗延残喘,gou3 yan2 can2 chuan3,koʊ˨˩˦ jɛn˧˥ tsʰan˧˥ ʈʂʰuan˨˩˦,generated_mandarin_tonal,苟延残喘,gou3 yan2 can2 chuan3,koʊ˨˩˦ jɛn˧˥ tsʰan˧˥ ʈʂʰuan˨˩˦,非词汇同音词,train,1,[],[VARIANT] 狗延残喘,[IPA] koʊ˨˩˦ jɛn˧˥ tsʰan˧˥ ʈʂʰuan˨˩˦,[VARIANT] 狗延残喘 [IPA] koʊ˨˩˦ jɛn˧˥ tsʰan˧˥ ʈʂʰuan˨˩˦
local:toxicloakcn_homophone_keyword_000298#1:01,local_657_homophone_fragments,toxicloakcn_homophone_keyword_000298#1:01,黑部牛球的,黑部牛球的,黑部牛球的,hei1 bu4 niu2 qiu2 de,xei˥ pu˥˩ niou˧˥ tɕʰiou˧˥ tɤ,generated_mandarin_tonal,黑不溜秋的,hei1 bu4 liu1 qiu1 de,xei˥ pu˥˩ liou˥ tɕʰiou˥ tɤ,非词汇同音词,train,1,[],[VARIANT] 黑部牛球的,[IPA] xei˥ pu˥˩ niou˧˥ tɕʰiou˧˥ tɤ,[VARIANT] 黑部牛球的 [IPA] xei˥ pu˥˩ niou˧˥ tɕʰiou˧˥ tɤ
local:toxicloakcn_homophone_keyword_000298#1:02,local_657_homophone_fragments,toxicloakcn_homophone_keyword_000298#1:02,情有可元,情有可元,情有可元,qing2 you3 ke3 yuan2,tɕʰiŋ˧˥ joʊ˨˩˦ kʰɤ˨˩˦ yɛn˧˥,generated_mandarin_tonal,情有可原,qing2 you3 ke3 yuan2,tɕʰiŋ˧˥ joʊ˨˩˦ kʰɤ˨˩˦ yɛn˧˥,非词汇同音词,train,1,[],[VARIANT] 情有可元,[IPA] tɕʰiŋ˧˥ joʊ˨˩˦ kʰɤ˨˩˦ yɛn˧˥,[VARIANT] 情有可元 [IPA] tɕʰiŋ˧˥ joʊ˨˩˦ kʰɤ˨˩˦ yɛn˧˥
local:toxicloakcn_homophone_keyword_001782#1:02,local_657_homophone_fragments,toxicloakcn_homophone_keyword_001782#1:02,从荤,从荤,从荤,cong2 hun1,tsʰʊŋ˧˥ xuən˥,generated_mandarin_tonal,虫混,chong2 hun4,ʈʂʰʊŋ˧˥ xuən˥˩,非词汇同音词,train,2,["local:toxicloakcn_homophone_keyword_002673#1:02"],[VARIANT] 从荤,[IPA] tsʰʊŋ˧˥ xuən˥,[VARIANT] 从荤 [IPA] tsʰʊŋ˧˥ xuən˥
local:biz_0152#1:01,local_657_homophone_fragments,biz_0152#1:01,被法时,被法时,被法时,bei4 fa3 shi2,pei˥˩ fa˨˩˦ ʂɻ̩˧˥,generated_mandarin_tonal,被fuck时,bei4 fuck shi2,pei˥˩ fˈʌk ʂɻ̩˧˥,跨语言语音编码,train,1,[],[VARIANT] 被法时,[IPA] pei˥˩ fa˨˩˦ ʂɻ̩˧˥,[VARIANT] 被法时 [IPA] pei˥˩ fa˨˩˦ ʂɻ̩˧˥
local:toxicloakcn_homophone_keyword_001161#1:01,local_657_homophone_fragments,toxicloakcn_homophone_keyword_001161#1:01,女全,女全,女全,nv3 quan2,ny˨˩˦ tɕʰyɛn˧˥,generated_mandarin_tonal,女拳,nv3 quan2,ny˨˩˦ tɕʰyɛn˧˥,非词汇同音词,train,4,"[""local:toxicloakcn_homophone_keyword_002165#1:01"", ""local:toxicloakcn_homophone_keyword_002367#1:01"", ""local:toxicloakcn_homophone_keyword_001063#1:01""]",[VARIANT] 女全,[IPA] ny˨˩˦ tɕʰyɛn˧˥,[VARIANT] 女全 [IPA] ny˨˩˦ tɕʰyɛn˧˥
local:toxicloakcn_homophone_keyword_001161#1:04,local_657_homophone_fragments,toxicloakcn_homophone_keyword_001161#1:04,跪天嗨人,跪天嗨人,跪天嗨人,gui4 tian1 hai1 ren2,kuei˥˩ tʰiɛn˥ xai˥ ɻən˧˥,generated_mandarin_tonal,跪舔黑人,gui4 tian3 hei1 ren2,kuei˥˩ tʰiɛn˨˩˦ xei˥ ɻən˧˥,非词汇同音词,train,1,[],[VARIANT] 跪天嗨人,[IPA] kuei˥˩ tʰiɛn˥ xai˥ ɻən˧˥,[VARIANT] 跪天嗨人 [IPA] kuei˥˩ tʰiɛn˥ xai˥ ɻən˧˥
local:toxicloakcn_homophone_keyword_001006#1:01,local_657_homophone_fragments,toxicloakcn_homophone_keyword_001006#1:01,天沟,天沟,天沟,tian1 gou1,tʰiɛn˥ koʊ˥,generated_mandarin_tonal,舔狗,tian3 gou3,tʰiɛn˨˩˦ koʊ˨˩˦,非词汇同音词,train,1,[],[VARIANT] 天沟,[IPA] tʰiɛn˥ koʊ˥,[VARIANT] 天沟 [IPA] tʰiɛn˥ koʊ˥
local:toxicloakcn_homophone_keyword_002264#1:01,local_657_homophone_fragments,toxicloakcn_homophone_keyword_002264#1:01,好一朵百年,好一朵百年,好一朵百年,hao3 yi1 duo3 bai3 nian2,xɑʊ˨˩˦ i˥ tuɔ˨˩˦ pai˨˩˦ niɛn˧˥,generated_mandarin_tonal,好一朵白莲,hao3 yi1 duo3 bai2 lian2,xɑʊ˨˩˦ i˥ tuɔ˨˩˦ pai˧˥ liɛn˧˥,歧义同音词,train,1,[],[VARIANT] 好一朵百年,[IPA] xɑʊ˨˩˦ i˥ tuɔ˨˩˦ pai˨˩˦ niɛn˧˥,[VARIANT] 好一朵百年 [IPA] xɑʊ˨˩˦ i˥ tuɔ˨˩˦ pai˨˩˦ niɛn˧˥
local:toxicloakcn_homophone_keyword_000991#1:01,local_657_homophone_fragments,toxicloakcn_homophone_keyword_000991#1:01,笑仙女,笑仙女,笑仙女,xiao4 xian1 nv3,ɕiɑʊ˥˩ ɕiɛn˥ ny˨˩˦,generated_mandarin_tonal,小仙女,xiao3 xian1 nv3,ɕiɑʊ˨˩˦ ɕiɛn˥ ny˨˩˦,歧义同音词,train,1,[],[VARIANT] 笑仙女,[IPA] ɕiɑʊ˥˩ ɕiɛn˥ ny˨˩˦,[VARIANT] 笑仙女 [IPA] ɕiɑʊ˥˩ ɕiɛn˥ ny˨˩˦
local:toxicloakcn_homophone_keyword_001289#1:01,local_657_homophone_fragments,toxicloakcn_homophone_keyword_001289#1:01,嫁及随及,嫁及随及,嫁及随及,jia4 ji2 sui2 ji2,tɕia˥˩ tɕi˧˥ suei˧˥ tɕi˧˥,generated_mandarin_tonal,嫁鸡随鸡,jia4 ji1 sui2 ji1,tɕia˥˩ tɕi˥ suei˧˥ tɕi˥,歧义同音词,train,1,[],[VARIANT] 嫁及随及,[IPA] tɕia˥˩ tɕi˧˥ suei˧˥ tɕi˧˥,[VARIANT] 嫁及随及 [IPA] tɕia˥˩ tɕi˧˥ suei˧˥ tɕi˧˥
local:toxicloakcn_homophone_keyword_001289#1:02,local_657_homophone_fragments,toxicloakcn_homophone_keyword_001289#1:02,嫁购随购,嫁购随购,嫁购随购,jia4 gou4 sui2 gou4,tɕia˥˩ koʊ˥˩ suei˧˥ koʊ˥˩,generated_mandarin_tonal,嫁狗随狗,jia4 gou3 sui2 gou3,tɕia˥˩ koʊ˨˩˦ suei˧˥ koʊ˨˩˦,歧义同音词,train,1,[],[VARIANT] 嫁购随购,[IPA] tɕia˥˩ koʊ˥˩ suei˧˥ koʊ˥˩,[VARIANT] 嫁购随购 [IPA] tɕia˥˩ koʊ˥˩ suei˧˥ koʊ˥˩
local:toxicloakcn_homophone_keyword_000911#1:01,local_657_homophone_fragments,toxicloakcn_homophone_keyword_000911#1:01,圣母标,圣母标,圣母标,sheng4 mu3 biao1,ʂɤŋ˥˩ mu˨˩˦ piɑʊ˥,generated_mandarin_tonal,圣母婊,sheng4 mu3 biao3,ʂɤŋ˥˩ mu˨˩˦ piɑʊ˨˩˦,歧义同音词,train,1,[],[VARIANT] 圣母标,[IPA] ʂɤŋ˥˩ mu˨˩˦ piɑʊ˥,[VARIANT] 圣母标 [IPA] ʂɤŋ˥˩ mu˨˩˦ piɑʊ˥
local:toxicloakcn_emoji_keyword_002595#1:01,local_657_homophone_fragments,toxicloakcn_emoji_keyword_002595#1:01,国铝,国铝,国铝,guo2 lv3,kuɔ˧˥ ly˨˩˦,generated_mandarin_tonal,国女,guo2 nv3,kuɔ˧˥ ny˨˩˦,跨语言语音编码,train,1,[],[VARIANT] 国铝,[IPA] kuɔ˧˥ ly˨˩˦,[VARIANT] 国铝 [IPA] kuɔ˧˥ ly˨˩˦
local:toxicloakcn_emoji_keyword_001540#1:01,local_657_homophone_fragments,toxicloakcn_emoji_keyword_001540#1:01,恶熏,恶熏,恶熏,e4 xun1,ɤ˥˩ ɕyn˥,generated_mandarin_tonal,恶心,e3 xin1,ɤ˨˩˦ ɕin˥,非词汇同音词,train,1,[],[VARIANT] 恶熏,[IPA] ɤ˥˩ ɕyn˥,[VARIANT] 恶熏 [IPA] ɤ˥˩ ɕyn˥
local:toxicloakcn_homophone_keyword_001799#1:01,local_657_homophone_fragments,toxicloakcn_homophone_keyword_001799#1:01,贵难,贵难,贵难,gui4 nan2,kuei˥˩ nan˧˥,generated_mandarin_tonal,龟男,gui1 nan2,kuei˥ nan˧˥,非词汇同音词,train,1,[],[VARIANT] 贵难,[IPA] kuei˥˩ nan˧˥,[VARIANT] 贵难 [IPA] kuei˥˩ nan˧˥
local:toxicloakcn_homophone_keyword_003161#1:01,local_657_homophone_fragments,toxicloakcn_homophone_keyword_003161#1:01,元因,元因,元因,yuan2 yin1,yɛn˧˥ in˥,generated_mandarin_tonal,原因,yuan2 yin1,yɛn˧˥ in˥,非词汇同音词,train,2,["local:toxicloakcn_homophone_keyword_001980#1:03"],[VARIANT] 元因,[IPA] yɛn˧˥ in˥,[VARIANT] 元因 [IPA] yɛn˧˥ in˥
local:toxicloakcn_homophone_keyword_003161#1:02,local_657_homophone_fragments,toxicloakcn_homophone_keyword_003161#1:02,难桶,难桶,难桶,nan2 tong3,nan˧˥ tʰʊŋ˨˩˦,generated_mandarin_tonal,男同,nan2 tong2,nan˧˥ tʰʊŋ˧˥,非词汇同音词,train,1,[],[VARIANT] 难桶,[IPA] nan˧˥ tʰʊŋ˨˩˦,[VARIANT] 难桶 [IPA] nan˧˥ tʰʊŋ˨˩˦
local:toxicloakcn_emoji_keyword_002868#1:01,local_657_homophone_fragments,toxicloakcn_emoji_keyword_002868#1:01,气大活好,气大活好,气大活好,qi4 da4 huo2 hao3,tɕʰi˥˩ ta˥˩ xuɔ˧˥ xɑʊ˨˩˦,generated_mandarin_tonal,器大活好,qi4 da4 huo2 hao3,tɕʰi˥˩ ta˥˩ xuɔ˧˥ xɑʊ˨˩˦,歧义同音词,train,1,[],[VARIANT] 气大活好,[IPA] tɕʰi˥˩ ta˥˩ xuɔ˧˥ xɑʊ˨˩˦,[VARIANT] 气大活好 [IPA] tɕʰi˥˩ ta˥˩ xuɔ˧˥ xɑʊ˨˩˦
local:toxicloakcn_homophone_keyword_002006#1:01,local_657_homophone_fragments,toxicloakcn_homophone_keyword_002006#1:01,蜱判,蜱判,蜱判,pi2 pan4,pʰi˧˥ pʰan˥˩,generated_mandarin_tonal,批判,pi1 pan4,pʰi˥ pʰan˥˩,非词汇同音词,train,1,[],[VARIANT] 蜱判,[IPA] pʰi˧˥ pʰan˥˩,[VARIANT] 蜱判 [IPA] pʰi˧˥ pʰan˥˩
local:toxicloakcn_homophone_keyword_000087#1:01,local_657_homophone_fragments,toxicloakcn_homophone_keyword_000087#1:01,p不放一个,p不放一个,p不放一个,p bu4 fang4 yi2 ge4,pˈiː pu˥˩ fɑŋ˥˩ i˧˥ kɤ˥˩,generated_mandarin_tonal,屁不放一个,pi4 bu4 fang4 yi2 ge4,pʰi˥˩ pu˥˩ fɑŋ˥˩ i˧˥ kɤ˥˩,语音替代,train,1,[],[VARIANT] p不放一个,[IPA] pˈiː pu˥˩ fɑŋ˥˩ i˧˥ kɤ˥˩,[VARIANT] p不放一个 [IPA] pˈiː pu˥˩ fɑŋ˥˩ i˧˥ kɤ˥˩
local:toxicloakcn_homophone_keyword_001939#1:01,local_657_homophone_fragments,toxicloakcn_homophone_keyword_001939#1:01,杀乱,杀乱,杀乱,sha1 luan4,ʂa˥ luan˥˩,generated_mandarin_tonal,傻卵,sha3 luan3,ʂa˨˩˦ luan˨˩˦,非词汇同音词,train,1,[],[VARIANT] 杀乱,[IPA] ʂa˥ luan˥˩,[VARIANT] 杀乱 [IPA] ʂa˥ luan˥˩
local:toxicloakcn_homophone_keyword_001715#1:03,local_657_homophone_fragments,toxicloakcn_homophone_keyword_001715#1:03,难满,难满,难满,nan2 man3,nan˧˥ man˨˩˦,generated_mandarin_tonal,南蛮,nan2 man2,nan˧˥ man˧˥,非词汇同音词,train,1,[],[VARIANT] 难满,[IPA] nan˧˥ man˨˩˦,[VARIANT] 难满 [IPA] nan˧˥ man˨˩˦
local:toxicloakcn_homophone_keyword_001715#1:04,local_657_homophone_fragments,toxicloakcn_homophone_keyword_001715#1:04,东移,东移,东移,dong1 yi2,tʊŋ˥ i˧˥,generated_mandarin_tonal,东夷,dong1 yi2,tʊŋ˥ i˧˥,非词汇同音词,train,1,[],[VARIANT] 东移,[IPA] tʊŋ˥ i˧˥,[VARIANT] 东移 [IPA] tʊŋ˥ i˧˥
local:toxicloakcn_homophone_keyword_001715#1:05,local_657_homophone_fragments,toxicloakcn_homophone_keyword_001715#1:05,大中元,大中元,大中元,da4 zhong1 yuan2,ta˥˩ ʈʂʊŋ˥ yɛn˧˥,generated_mandarin_tonal,大中原,da4 zhong1 yuan2,ta˥˩ ʈʂʊŋ˥ yɛn˧˥,非词汇同音词,train,1,[],[VARIANT] 大中元,[IPA] ta˥˩ ʈʂʊŋ˥ yɛn˧˥,[VARIANT] 大中元 [IPA] ta˥˩ ʈʂʊŋ˥ yɛn˧˥
local:toxicloakcn_homophone_keyword_002412#1:01,local_657_homophone_fragments,toxicloakcn_homophone_keyword_002412#1:01,这购,这购,这购,zhe4 gou4,ʈʂɤ˥˩ koʊ˥˩,generated_mandarin_tonal,这狗,zhe4 gou3,ʈʂɤ˥˩ koʊ˨˩˦,歧义同音词,train,1,[],[VARIANT] 这购,[IPA] ʈʂɤ˥˩ koʊ˥˩,[VARIANT] 这购 [IPA] ʈʂɤ˥˩ koʊ˥˩
local:toxicloakcn_homophone_keyword_002412#1:02,local_657_homophone_fragments,toxicloakcn_homophone_keyword_002412#1:02,小购,小购,小购,xiao3 gou4,ɕiɑʊ˨˩˦ koʊ˥˩,generated_mandarin_tonal,小狗,xiao3 gou3,ɕiɑʊ˨˩˦ koʊ˨˩˦,歧义同音词,train,1,[],[VARIANT] 小购,[IPA] ɕiɑʊ˨˩˦ koʊ˥˩,[VARIANT] 小购 [IPA] ɕiɑʊ˨˩˦ koʊ˥˩
local:toxicloakcn_emoji_keyword_001316#1:01,local_657_homophone_fragments,toxicloakcn_emoji_keyword_001316#1:01,有I不能见人,有I不能见人,有I不能见人,you3 I bu4 neng2 jian4 ren2,joʊ˨˩˦ i pu˥˩ nɤŋ˧˥ tɕiɛn˥˩ ɻən˧˥,generated_mandarin_tonal,有艾不能见人,you3 ai4 bu4 neng2 jian4 ren2,joʊ˨˩˦ ai˥˩ pu˥˩ nɤŋ˧˥ tɕiɛn˥˩ ɻən˧˥,语音替代,train,1,[],[VARIANT] 有I不能见人,[IPA] joʊ˨˩˦ i pu˥˩ nɤŋ˧˥ tɕiɛn˥˩ ɻən˧˥,[VARIANT] 有I不能见人 [IPA] joʊ˨˩˦ i pu˥˩ nɤŋ˧˥ tɕiɛn˥˩ ɻən˧˥
local:toxicloakcn_homophone_keyword_002023#1:01,local_657_homophone_fragments,toxicloakcn_homophone_keyword_002023#1:01,女全国,女全国,女全国,nv3 quan2 guo2,ny˨˩˦ tɕʰyɛn˧˥ kuɔ˧˥,generated_mandarin_tonal,女拳国,nv3 quan2 guo2,ny˨˩˦ tɕʰyɛn˧˥ kuɔ˧˥,非词汇同音词,train,1,[],[VARIANT] 女全国,[IPA] ny˨˩˦ tɕʰyɛn˧˥ kuɔ˧˥,[VARIANT] 女全国 [IPA] ny˨˩˦ tɕʰyɛn˧˥ kuɔ˧˥
local:toxicloakcn_homophone_keyword_001125#1:01,local_657_homophone_fragments,toxicloakcn_homophone_keyword_001125#1:01,黑购,黑购,黑购,hei1 gou4,xei˥ koʊ˥˩,generated_mandarin_tonal,黑狗,hei1 gou3,xei˥ koʊ˨˩˦,歧义同音词,train,1,[],[VARIANT] 黑购,[IPA] xei˥ koʊ˥˩,[VARIANT] 黑购 [IPA] xei˥ koʊ˥˩
local:toxicloakcn_homophone_keyword_000579#1:01,local_657_homophone_fragments,toxicloakcn_homophone_keyword_000579#1:01,sao货,sao货,sao货,sao huo4,sɑʊ xuɔ˥˩,generated_mandarin_tonal,骚货,sao1 huo4,sɑʊ˥ xuɔ˥˩,语音替代,train,1,[],[VARIANT] sao货,[IPA] sɑʊ xuɔ˥˩,[VARIANT] sao货 [IPA] sɑʊ xuɔ˥˩
local:toxicloakcn_homophone_keyword_001591#1:01,local_657_homophone_fragments,toxicloakcn_homophone_keyword_001591#1:01,亩去,亩去,亩去,mu3 qu4,mu˨˩˦ tɕʰy˥˩,generated_mandarin_tonal,母蛆,mu3 qu1,mu˨˩˦ tɕʰy˥,非词汇同音词,train,1,[],[VARIANT] 亩去,[IPA] mu˨˩˦ tɕʰy˥˩,[VARIANT] 亩去 [IPA] mu˨˩˦ tɕʰy˥˩
local:toxicloakcn_homophone_keyword_001866#1:01,local_657_homophone_fragments,toxicloakcn_homophone_keyword_001866#1:01,房通力量,房通力量,房通力量,fang2 tong1 li4 liang4,fɑŋ˧˥ tʰʊŋ˥ li˥˩ liɑŋ˥˩,generated_mandarin_tonal,反同力量,fan3 tong2 li4 liang4,fan˨˩˦ tʰʊŋ˧˥ li˥˩ liɑŋ˥˩,非词汇同音词,train,1,[],[VARIANT] 房通力量,[IPA] fɑŋ˧˥ tʰʊŋ˥ li˥˩ liɑŋ˥˩,[VARIANT] 房通力量 [IPA] fɑŋ˧˥ tʰʊŋ˥ li˥˩ liɑŋ˥˩
local:toxicloakcn_homophone_keyword_001728#1:01,local_657_homophone_fragments,toxicloakcn_homophone_keyword_001728#1:01,畒狗,畒狗,畒狗,mu3 gou3,mu˨˩˦ koʊ˨˩˦,generated_mandarin_tonal,母狗,mu3 gou3,mu˨˩˦ koʊ˨˩˦,非词汇同音词,train,1,[],[VARIANT] 畒狗,[IPA] mu˨˩˦ koʊ˨˩˦,[VARIANT] 畒狗 [IPA] mu˨˩˦ koʊ˨˩˦
local:toxicloakcn_homophone_keyword_000407#1:01,local_657_homophone_fragments,toxicloakcn_homophone_keyword_000407#1:01,控通,控通,控通,kong4 tong1,kʰʊŋ˥˩ tʰʊŋ˥,generated_mandarin_tonal,恐同,kong3 tong2,kʰʊŋ˨˩˦ tʰʊŋ˧˥,非词汇同音词,train,1,[],[VARIANT] 控通,[IPA] kʰʊŋ˥˩ tʰʊŋ˥,[VARIANT] 控通 [IPA] kʰʊŋ˥˩ tʰʊŋ˥
local:toxicloakcn_homophone_keyword_001980#1:01,local_657_homophone_fragments,toxicloakcn_homophone_keyword_001980#1:01,三飞,三飞,三飞,san1 fei1,san˥ fei˥,generated_mandarin_tonal,三非,san1 fei1,san˥ fei˥,非词汇同音词,train,1,[],[VARIANT] 三飞,[IPA] san˥ fei˥,[VARIANT] 三飞 [IPA] san˥ fei˥
local:toxicloakcn_homophone_keyword_000558#1:02,local_657_homophone_fragments,toxicloakcn_homophone_keyword_000558#1:02,伞兵,伞兵,伞兵,san3 bing1,san˨˩˦ piŋ˥,generated_mandarin_tonal,傻逼,sha3 bi1,ʂa˨˩˦ pi˥,歧义同音词,train,1,[],[VARIANT] 伞兵,[IPA] san˨˩˦ piŋ˥,[VARIANT] 伞兵 [IPA] san˨˩˦ piŋ˥
local:toxicloakcn_homophone_keyword_001517#1:01,local_657_homophone_fragments,toxicloakcn_homophone_keyword_001517#1:01,燕女,燕女,燕女,yan4 nv3,jɛn˥˩ ny˨˩˦,generated_mandarin_tonal,厌女,yan4 nv3,jɛn˥˩ ny˨˩˦,非词汇同音词,train,1,[],[VARIANT] 燕女,[IPA] jɛn˥˩ ny˨˩˦,[VARIANT] 燕女 [IPA] jɛn˥˩ ny˨˩˦
local:toxicloakcn_homophone_keyword_001237#1:01,local_657_homophone_fragments,toxicloakcn_homophone_keyword_001237#1:01,砸披,砸披,砸披,za2 pi1,tsa˧˥ pʰi˥,generated_mandarin_tonal,杂皮,za2 pi2,tsa˧˥ pʰi˧˥,非词汇同音词,train,1,[],[VARIANT] 砸披,[IPA] tsa˧˥ pʰi˥,[VARIANT] 砸披 [IPA] tsa˧˥ pʰi˥
local:toxicloakcn_homophone_keyword_001237#1:02,local_657_homophone_fragments,toxicloakcn_homophone_keyword_001237#1:02,别三,别三,别三,bie2 san1,piɛ˧˥ san˥,generated_mandarin_tonal,瘪三,bie1 san1,piɛ˥ san˥,非词汇同音词,train,2,["local:toxicloakcn_homophone_keyword_001518#1:01"],[VARIANT] 别三,[IPA] piɛ˧˥ san˥,[VARIANT] 别三 [IPA] piɛ˧˥ san˥
local:toxicloakcn_homophone_keyword_002130#1:01,local_657_homophone_fragments,toxicloakcn_homophone_keyword_002130#1:01,满多,满多,满多,man3 duo1,man˨˩˦ tuɔ˥,generated_mandarin_tonal,蛮多,man2 duo1,man˧˥ tuɔ˥,歧义同音词,train,1,[],[VARIANT] 满多,[IPA] man˨˩˦ tuɔ˥,[VARIANT] 满多 [IPA] man˨˩˦ tuɔ˥
local:toxicloakcn_homophone_keyword_000033#1:01,local_657_homophone_fragments,toxicloakcn_homophone_keyword_000033#1:01,外国仁,外国仁,外国仁,wai4 guo2 ren2,wai˥˩ kuɔ˧˥ ɻən˧˥,generated_mandarin_tonal,歪果仁,wai1 guo3 ren2,wai˥ kuɔ˨˩˦ ɻən˧˥,非词汇同音词,train,1,[],[VARIANT] 外国仁,[IPA] wai˥˩ kuɔ˧˥ ɻən˧˥,[VARIANT] 外国仁 [IPA] wai˥˩ kuɔ˧˥ ɻən˧˥
local:toxicloakcn_homophone_keyword_000033#1:02,local_657_homophone_fragments,toxicloakcn_homophone_keyword_000033#1:02,传播元理,传播元理,传播元理,chuan2 bo1 yuan2 li3,ʈʂʰuan˧˥ puɔ˥ yɛn˧˥ li˨˩˦,generated_mandarin_tonal,传播原理,chuan2 bo1 yuan2 li3,ʈʂʰuan˧˥ puɔ˥ yɛn˧˥ li˨˩˦,非词汇同音词,train,1,[],[VARIANT] 传播元理,[IPA] ʈʂʰuan˧˥ puɔ˥ yɛn˧˥ li˨˩˦,[VARIANT] 传播元理 [IPA] ʈʂʰuan˧˥ puɔ˥ yɛn˧˥ li˨˩˦
local:toxicloakcn_homophone_keyword_000102#1:01,local_657_homophone_fragments,toxicloakcn_homophone_keyword_000102#1:01,区,区,区,qu1,tɕʰy˥,generated_mandarin_tonal,蛆,qu1,tɕʰy˥,歧义同音词,train,1,[],[VARIANT] 区,[IPA] tɕʰy˥,[VARIANT] 区 [IPA] tɕʰy˥
local:pcr-95#1:01,local_657_homophone_fragments,pcr-95#1:01,真煞笔,真煞笔,真煞笔,zhen1 sha1 bi3,ʈʂən˥ ʂa˥ pi˨˩˦,generated_mandarin_tonal,真傻逼,zhen1 sha3 bi1,ʈʂən˥ ʂa˨˩˦ pi˥,非词汇同音词,train,1,[],[VARIANT] 真煞笔,[IPA] ʈʂən˥ ʂa˥ pi˨˩˦,[VARIANT] 真煞笔 [IPA] ʈʂən˥ ʂa˥ pi˨˩˦
local:pcr-134#1:01,local_657_homophone_fragments,pcr-134#1:01,B数,B数,B数,B shu4,bˈiː ʂu˥˩,generated_mandarin_tonal,逼数,bi1 shu4,pi˥ ʂu˥˩,语音替代,train,1,[],[VARIANT] B数,[IPA] bˈiː ʂu˥˩,[VARIANT] B数 [IPA] bˈiː ʂu˥˩
local:pcr-134#1:02,local_657_homophone_fragments,pcr-134#1:02,劳资,劳资,劳资,lao2 zi1,lɑʊ˧˥ tsɹ̩˥,generated_mandarin_tonal,老子,lao3 zi,lɑʊ˨˩˦ tsɹ̩,语音替代,train,2,["codedlang:398:01"],[VARIANT] 劳资,[IPA] lɑʊ˧˥ tsɹ̩˥,[VARIANT] 劳资 [IPA] lɑʊ˧˥ tsɹ̩˥
local:pcr-348#1:01,local_657_homophone_fragments,pcr-348#1:01,心香四橙,心香四橙,心香四橙,xin1 xiang1 si4 cheng2,ɕin˥ ɕiɑŋ˥ sɹ̩˥˩ ʈʂʰɤŋ˧˥,generated_mandarin_tonal,心想事成,xin1 xiang3 shi4 cheng2,ɕin˥ ɕiɑŋ˨˩˦ ʂɻ̩˥˩ ʈʂʰɤŋ˧˥,非词汇同音词,train,1,[],[VARIANT] 心香四橙,[IPA] ɕin˥ ɕiɑŋ˥ sɹ̩˥˩ ʈʂʰɤŋ˧˥,[VARIANT] 心香四橙 [IPA] ɕin˥ ɕiɑŋ˥ sɹ̩˥˩ ʈʂʰɤŋ˧˥
local:pcr-491#1:01,local_657_homophone_fragments,pcr-491#1:01,fire gee,fire gee,fire gee,fire gee,fˈaɪə dʒˈiː,generated_mandarin_tonal,火鸡,huo3 ji1,xuɔ˨˩˦ tɕi˥,跨语言语音编码,train,1,[],[VARIANT] fire gee,[IPA] fˈaɪə dʒˈiː,[VARIANT] fire gee [IPA] fˈaɪə dʒˈiː
local:pcr-272#1:01,local_657_homophone_fragments,pcr-272#1:01,不李姐,不李姐,不李姐,bu4 li3 jie3,pu˥˩ li˨˩˦ tɕiɛ˨˩˦,generated_mandarin_tonal,不理解,bu4 li3 jie3,pu˥˩ li˨˩˦ tɕiɛ˨˩˦,歧义同音词,train,1,[],[VARIANT] 不李姐,[IPA] pu˥˩ li˨˩˦ tɕiɛ˨˩˦,[VARIANT] 不李姐 [IPA] pu˥˩ li˨˩˦ tɕiɛ˨˩˦
local:pcr-6#1:01,local_657_homophone_fragments,pcr-6#1:01,幕购,幕购,幕购,mu4 gou4,mu˥˩ koʊ˥˩,generated_mandarin_tonal,母狗,mu3 gou3,mu˨˩˦ koʊ˨˩˦,非词汇同音词,train,1,[],[VARIANT] 幕购,[IPA] mu˥˩ koʊ˥˩,[VARIANT] 幕购 [IPA] mu˥˩ koʊ˥˩
local:pcr-37#1:01,local_657_homophone_fragments,pcr-37#1:01,这么省金,这么省金,这么省金,zhe4 me sheng3 jin1,ʈʂɤ˥˩ mɤ ʂɤŋ˨˩˦ tɕin˥,generated_mandarin_tonal,这么神经,zhe4 me shen2 jing1,ʈʂɤ˥˩ mɤ ʂən˧˥ tɕiŋ˥,歧义同音词,train,1,[],[VARIANT] 这么省金,[IPA] ʈʂɤ˥˩ mɤ ʂɤŋ˨˩˦ tɕin˥,[VARIANT] 这么省金 [IPA] ʈʂɤ˥˩ mɤ ʂɤŋ˨˩˦ tɕin˥
local:toxicloakcn_homophone_keyword_001085#1:01,local_657_homophone_fragments,toxicloakcn_homophone_keyword_001085#1:01,孙杂,孙杂,孙杂,sun1 za2,suən˥ tsa˧˥,generated_mandarin_tonal,孙砸,sun1 za2,suən˥ tsa˧˥,跨语言语音编码,train,1,[],[VARIANT] 孙杂,[IPA] suən˥ tsa˧˥,[VARIANT] 孙杂 [IPA] suən˥ tsa˧˥
local:pcr-207#1:01,local_657_homophone_fragments,pcr-207#1:01,活事,活事,活事,huo2 shi4,xuɔ˧˥ ʂɻ̩˥˩,generated_mandarin_tonal,活是,huo2 shi4,xuɔ˧˥ ʂɻ̩˥˩,非词汇同音词,train,1,[],[VARIANT] 活事,[IPA] xuɔ˧˥ ʂɻ̩˥˩,[VARIANT] 活事 [IPA] xuɔ˧˥ ʂɻ̩˥˩
local:pcr-207#1:02,local_657_homophone_fragments,pcr-207#1:02,真滴,真滴,真滴,zhen1 di1,ʈʂən˥ ti˥,generated_mandarin_tonal,真的,zhen1 de,ʈʂən˥ tɤ,非词汇同音词,train,1,[],[VARIANT] 真滴,[IPA] ʈʂən˥ ti˥,[VARIANT] 真滴 [IPA] ʈʂən˥ ti˥
local:pcr-207#1:03,local_657_homophone_fragments,pcr-207#1:03,不星,不星,不星,bu4 xing1,pu˥˩ ɕiŋ˥,generated_mandarin_tonal,不行,bu4 xing2,pu˥˩ ɕiŋ˧˥,非词汇同音词,train,1,[],[VARIANT] 不星,[IPA] pu˥˩ ɕiŋ˥,[VARIANT] 不星 [IPA] pu˥˩ ɕiŋ˥
local:pcr-494#1:01,local_657_homophone_fragments,pcr-494#1:01,饭车,饭车,饭车,fan4 che1,fan˥˩ ʈʂʰɤ˥,generated_mandarin_tonal,翻车,fan1 che1,fan˥ ʈʂʰɤ˥,歧义同音词,train,1,[],[VARIANT] 饭车,[IPA] fan˥˩ ʈʂʰɤ˥,[VARIANT] 饭车 [IPA] fan˥˩ ʈʂʰɤ˥
local:pcr-388#1:01,local_657_homophone_fragments,pcr-388#1:01,滴水blow,滴水blow,滴水blow,di1 shui3 blow,ti˥ ʂuei˨˩˦ blˈəʊ,generated_mandarin_tonal,滴水不漏,di1 shui3 bu4 lou4,ti˥ ʂuei˨˩˦ pu˥˩ loʊ˥˩,跨语言语音编码,train,1,[],[VARIANT] 滴水blow,[IPA] ti˥ ʂuei˨˩˦ blˈəʊ,[VARIANT] 滴水blow [IPA] ti˥ ʂuei˨˩˦ blˈəʊ
local:pcr-433#1:02,local_657_homophone_fragments,pcr-433#1:02,v瑞,v瑞,v瑞,v rui4,y ɻuei˥˩,generated_mandarin_tonal,very,very,vˈɛɹi,语音替代,train,1,[],[VARIANT] v瑞,[IPA] y ɻuei˥˩,[VARIANT] v瑞 [IPA] y ɻuei˥˩
local:pcr-364#1:01,local_657_homophone_fragments,pcr-364#1:01,失棉,失棉,失棉,shi1 mian2,ʂɻ̩˥ miɛn˧˥,generated_mandarin_tonal,失眠,shi1 mian2,ʂɻ̩˥ miɛn˧˥,非词汇同音词,train,1,[],[VARIANT] 失棉,[IPA] ʂɻ̩˥ miɛn˧˥,[VARIANT] 失棉 [IPA] ʂɻ̩˥ miɛn˧˥
local:pcr-213#1:01,local_657_homophone_fragments,pcr-213#1:01,癞ha mo,癞ha mo,癞ha mo,lai4 ha mo,lai˥˩ xa muɔ,generated_mandarin_tonal,癞蛤蟆,lai4 ha2 ma,lai˥˩ xa˧˥ ma,语音替代,train,1,[],[VARIANT] 癞ha mo,[IPA] lai˥˩ xa muɔ,[VARIANT] 癞ha mo [IPA] lai˥˩ xa muɔ
local:pcr-325#1:01,local_657_homophone_fragments,pcr-325#1:01,时来运砖,时来运砖,时来运砖,shi2 lai2 yun4 zhuan1,ʂɻ̩˧˥ lai˧˥ yn˥˩ ʈʂuan˥,generated_mandarin_tonal,时来运转,shi2 lai2 yun4 zhuan3,ʂɻ̩˧˥ lai˧˥ yn˥˩ ʈʂuan˨˩˦,歧义同音词,train,1,[],[VARIANT] 时来运砖,[IPA] ʂɻ̩˧˥ lai˧˥ yn˥˩ ʈʂuan˥,[VARIANT] 时来运砖 [IPA] ʂɻ̩˧˥ lai˧˥ yn˥˩ ʈʂuan˥
local:pcr-330#1:01,local_657_homophone_fragments,pcr-330#1:01,招财进堡,招财进堡,招财进堡,zhao1 cai2 jin4 bao3,ʈʂɑʊ˥ tsʰai˧˥ tɕin˥˩ pɑʊ˨˩˦,generated_mandarin_tonal,招财进宝,zhao1 cai2 jin4 bao3,ʈʂɑʊ˥ tsʰai˧˥ tɕin˥˩ pɑʊ˨˩˦,歧义同音词,train,1,[],[VARIANT] 招财进堡,[IPA] ʈʂɑʊ˥ tsʰai˧˥ tɕin˥˩ pɑʊ˨˩˦,[VARIANT] 招财进堡 [IPA] ʈʂɑʊ˥ tsʰai˧˥ tɕin˥˩ pɑʊ˨˩˦
local:pcr-94#1:01,local_657_homophone_fragments,pcr-94#1:01,碧嘴,碧嘴,碧嘴,bi4 zui3,pi˥˩ tsuei˨˩˦,generated_mandarin_tonal,闭嘴,bi4 zui3,pi˥˩ tsuei˨˩˦,非词汇同音词,train,1,[],[VARIANT] 碧嘴,[IPA] pi˥˩ tsuei˨˩˦,[VARIANT] 碧嘴 [IPA] pi˥˩ tsuei˨˩˦
local:pcr-81#1:01,local_657_homophone_fragments,pcr-81#1:01,能桩,能桩,能桩,neng2 zhuang1,nɤŋ˧˥ ʈʂuɑŋ˥,generated_mandarin_tonal,能装,neng2 zhuang1,nɤŋ˧˥ ʈʂuɑŋ˥,非词汇同音词,train,1,[],[VARIANT] 能桩,[IPA] nɤŋ˧˥ ʈʂuɑŋ˥,[VARIANT] 能桩 [IPA] nɤŋ˧˥ ʈʂuɑŋ˥
local:pcr-102#1:02,local_657_homophone_fragments,pcr-102#1:02,钩,钩,钩,gou1,koʊ˥,generated_mandarin_tonal,狗,gou3,koʊ˨˩˦,非词汇同音词,train,1,[],[VARIANT] 钩,[IPA] koʊ˥,[VARIANT] 钩 [IPA] koʊ˥
local:pcr-251#1:01,local_657_homophone_fragments,pcr-251#1:01,护士,护士,护士,hu4 shi4,xu˥˩ ʂɻ̩˥˩,generated_mandarin_tonal,忽视,hu1 shi4,xu˥ ʂɻ̩˥˩,歧义同音词,train,1,[],[VARIANT] 护士,[IPA] xu˥˩ ʂɻ̩˥˩,[VARIANT] 护士 [IPA] xu˥˩ ʂɻ̩˥˩
local:pcr-201#1:01,local_657_homophone_fragments,pcr-201#1:01,好表啊,好表啊,好表啊,hao3 biao3 a,xɑʊ˨˩˦ piɑʊ˨˩˦ a,generated_mandarin_tonal,好婊啊,hao3 biao3 a,xɑʊ˨˩˦ piɑʊ˨˩˦ a,歧义同音词,train,1,[],[VARIANT] 好表啊,[IPA] xɑʊ˨˩˦ piɑʊ˨˩˦ a,[VARIANT] 好表啊 [IPA] xɑʊ˨˩˦ piɑʊ˨˩˦ a
local:pcr-34#1:01,local_657_homophone_fragments,pcr-34#1:01,你是梅马,你是梅马,你是梅马,ni3 shi4 mei2 ma3,ni˨˩˦ ʂɻ̩˥˩ mei˧˥ ma˨˩˦,generated_mandarin_tonal,你是没妈,ni3 shi4 mei2 ma1,ni˨˩˦ ʂɻ̩˥˩ mei˧˥ ma˥,非词汇同音词,train,1,[],[VARIANT] 你是梅马,[IPA] ni˨˩˦ ʂɻ̩˥˩ mei˧˥ ma˨˩˦,[VARIANT] 你是梅马 [IPA] ni˨˩˦ ʂɻ̩˥˩ mei˧˥ ma˨˩˦
local:toxicloakcn_emoji_keyword_002359#1:01,local_657_homophone_fragments,toxicloakcn_emoji_keyword_002359#1:01,黑砸,黑砸,黑砸,hei1 za2,xei˥ tsa˧˥,generated_mandarin_tonal,黑子,hei1 zi,xei˥ tsɹ̩,跨语言语音编码,train,1,[],[VARIANT] 黑砸,[IPA] xei˥ tsa˧˥,[VARIANT] 黑砸 [IPA] xei˥ tsa˧˥
local:pcr-206#1:01,local_657_homophone_fragments,pcr-206#1:01,你的箭,你的箭,你的箭,ni3 de jian4,ni˨˩˦ tɤ tɕiɛn˥˩,generated_mandarin_tonal,你的贱,ni3 de jian4,ni˨˩˦ tɤ tɕiɛn˥˩,歧义同音词,train,1,[],[VARIANT] 你的箭,[IPA] ni˨˩˦ tɤ tɕiɛn˥˩,[VARIANT] 你的箭 [IPA] ni˨˩˦ tɤ tɕiɛn˥˩
local:pcr-11#1:01,local_657_homophone_fragments,pcr-11#1:01,我利了,我利了,我利了,wo3 li4 le,wɔ˨˩˦ li˥˩ lɤ,generated_mandarin_tonal,我立了,wo3 li4 le,wɔ˨˩˦ li˥˩ lɤ,歧义同音词,train,1,[],[VARIANT] 我利了,[IPA] wɔ˨˩˦ li˥˩ lɤ,[VARIANT] 我利了 [IPA] wɔ˨˩˦ li˥˩ lɤ
local:pcr-177#1:01,local_657_homophone_fragments,pcr-177#1:01,烦动,烦动,烦动,fan2 dong4,fan˧˥ tʊŋ˥˩,generated_mandarin_tonal,反动,fan3 dong4,fan˨˩˦ tʊŋ˥˩,非词汇同音词,train,1,[],[VARIANT] 烦动,[IPA] fan˧˥ tʊŋ˥˩,[VARIANT] 烦动 [IPA] fan˧˥ tʊŋ˥˩
local:pcr-345#1:01,local_657_homophone_fragments,pcr-345#1:01,鸡羽,鸡羽,鸡羽,ji1 yu3,tɕi˥ y˨˩˦,generated_mandarin_tonal,机遇,ji1 yu4,tɕi˥ y˥˩,歧义同音词,train,1,[],[VARIANT] 鸡羽,[IPA] tɕi˥ y˨˩˦,[VARIANT] 鸡羽 [IPA] tɕi˥ y˨˩˦
local:pcr-345#1:02,local_657_homophone_fragments,pcr-345#1:02,周,周,周,zhou1,ʈʂoʊ˥,generated_mandarin_tonal,舟,zhou1,ʈʂoʊ˥,歧义同音词,train,1,[],[VARIANT] 周,[IPA] ʈʂoʊ˥,[VARIANT] 周 [IPA] ʈʂoʊ˥
local:pcr-192#1:01,local_657_homophone_fragments,pcr-192#1:01,第一次当银,第一次当银,第一次当银,di4 yi1 ci4 dang1 yin2,ti˥˩ i˥ tsʰɹ̩˥˩ tɑŋ˥ in˧˥,generated_mandarin_tonal,第一次当人,di4 yi1 ci4 dang1 ren2,ti˥˩ i˥ tsʰɹ̩˥˩ tɑŋ˥ ɻən˧˥,跨语言语音编码,train,1,[],[VARIANT] 第一次当银,[IPA] ti˥˩ i˥ tsʰɹ̩˥˩ tɑŋ˥ in˧˥,[VARIANT] 第一次当银 [IPA] ti˥˩ i˥ tsʰɹ̩˥˩ tɑŋ˥ in˧˥
local:pcr-265#1:01,local_657_homophone_fragments,pcr-265#1:01,鸡不可湿,鸡不可湿,鸡不可湿,ji1 bu4 ke3 shi1,tɕi˥ pu˥˩ kʰɤ˨˩˦ ʂɻ̩˥,generated_mandarin_tonal,机不可失,ji1 bu4 ke3 shi1,tɕi˥ pu˥˩ kʰɤ˨˩˦ ʂɻ̩˥,非词汇同音词,train,1,[],[VARIANT] 鸡不可湿,[IPA] tɕi˥ pu˥˩ kʰɤ˨˩˦ ʂɻ̩˥,[VARIANT] 鸡不可湿 [IPA] tɕi˥ pu˥˩ kʰɤ˨˩˦ ʂɻ̩˥
local:pcr-220#1:01,local_657_homophone_fragments,pcr-220#1:01,顽梗,顽梗,顽梗,wan2 geng3,wan˧˥ kɤŋ˨˩˦,generated_mandarin_tonal,玩梗,wan2 geng3,wan˧˥ kɤŋ˨˩˦,非词汇同音词,train,1,[],[VARIANT] 顽梗,[IPA] wan˧˥ kɤŋ˨˩˦,[VARIANT] 顽梗 [IPA] wan˧˥ kɤŋ˨˩˦
local:pcr-220#1:02,local_657_homophone_fragments,pcr-220#1:02,痘肌疤,痘肌疤,痘肌疤,dou4 ji1 ba1,toʊ˥˩ tɕi˥ pa˥,generated_mandarin_tonal,都鸡巴,dou1 ji1 ba1,toʊ˥ tɕi˥ pa˥,非词汇同音词,train,1,[],[VARIANT] 痘肌疤,[IPA] toʊ˥˩ tɕi˥ pa˥,[VARIANT] 痘肌疤 [IPA] toʊ˥˩ tɕi˥ pa˥
local:pcr-225#1:01,local_657_homophone_fragments,pcr-225#1:01,比亚迪,比亚迪,比亚迪,bi3 ya4 di2,pi˨˩˦ ja˥˩ ti˧˥,generated_mandarin_tonal,逼痒的,bi1 yang3 de,pi˥ jɑŋ˨˩˦ tɤ,歧义同音词,train,1,[],[VARIANT] 比亚迪,[IPA] pi˨˩˦ ja˥˩ ti˧˥,[VARIANT] 比亚迪 [IPA] pi˨˩˦ ja˥˩ ti˧˥
local:pcr-225#1:02,local_657_homophone_fragments,pcr-225#1:02,玛莎拉,玛莎拉,玛莎拉,ma3 sha1 la1,ma˨˩˦ ʂa˥ la˥,generated_mandarin_tonal,妈杀了,ma1 sha1 le,ma˥ ʂa˥ lɤ,歧义同音词,train,1,[],[VARIANT] 玛莎拉,[IPA] ma˨˩˦ ʂa˥ la˥,[VARIANT] 玛莎拉 [IPA] ma˨˩˦ ʂa˥ la˥
local:pcr-285#1:01,local_657_homophone_fragments,pcr-285#1:01,回蚁窝,回蚁窝,回蚁窝,hui2 yi3 wo1,xuei˧˥ i˨˩˦ wɔ˥,generated_mandarin_tonal,回忆我,hui2 yi4 wo3,xuei˧˥ i˥˩ wɔ˨˩˦,歧义同音词,train,1,[],[VARIANT] 回蚁窝,[IPA] xuei˧˥ i˨˩˦ wɔ˥,[VARIANT] 回蚁窝 [IPA] xuei˧˥ i˨˩˦ wɔ˥
local:pcr-217#1:01,local_657_homophone_fragments,pcr-217#1:01,王昌龄妈,王昌龄妈,王昌龄妈,wang2 chang1 ling2 ma1,wɑŋ˧˥ ʈʂʰɑŋ˥ liŋ˧˥ ma˥,generated_mandarin_tonal,我操你妈,wo3 cao1 ni3 ma1,wɔ˨˩˦ tsʰɑʊ˥ ni˨˩˦ ma˥,非词汇同音词,train,1,[],[VARIANT] 王昌龄妈,[IPA] wɑŋ˧˥ ʈʂʰɑŋ˥ liŋ˧˥ ma˥,[VARIANT] 王昌龄妈 [IPA] wɑŋ˧˥ ʈʂʰɑŋ˥ liŋ˧˥ ma˥
local:pcr-33#1:01,local_657_homophone_fragments,pcr-33#1:01,没嘛,没嘛,没嘛,mei2 ma,mei˧˥ ma,generated_mandarin_tonal,没妈,mei2 ma1,mei˧˥ ma˥,歧义同音词,train,1,[],[VARIANT] 没嘛,[IPA] mei˧˥ ma,[VARIANT] 没嘛 [IPA] mei˧˥ ma
local:pcr-465#1:01,local_657_homophone_fragments,pcr-465#1:01,can can need,can can need,can can need,can can need,kan kan nˈiːd,generated_mandarin_tonal,看看你的,kan4 kan4 ni3 de,kʰan˥˩ kʰan˥˩ ni˨˩˦ tɤ,语音替代,train,1,[],[VARIANT] can can need,[IPA] kan kan nˈiːd,[VARIANT] can can need [IPA] kan kan nˈiːd
local:pcr-319#1:01,local_657_homophone_fragments,pcr-319#1:01,一鹿顺丰,一鹿顺丰,一鹿顺丰,yi1 lu4 shun4 feng1,i˥ lu˥˩ ʂuən˥˩ fɤŋ˥,generated_mandarin_tonal,一路顺风,yi1 lu4 shun4 feng1,i˥ lu˥˩ ʂuən˥˩ fɤŋ˥,歧义同音词,train,1,[],[VARIANT] 一鹿顺丰,[IPA] i˥ lu˥˩ ʂuən˥˩ fɤŋ˥,[VARIANT] 一鹿顺丰 [IPA] i˥ lu˥˩ ʂuən˥˩ fɤŋ˥
local:pcr-25#1:01,local_657_homophone_fragments,pcr-25#1:01,春竹,春竹,春竹,chun1 zhu2,ʈʂʰuən˥ ʈʂu˧˥,generated_mandarin_tonal,蠢猪,chun3 zhu1,ʈʂʰuən˨˩˦ ʈʂu˥,歧义同音词,train,1,[],[VARIANT] 春竹,[IPA] ʈʂʰuən˥ ʈʂu˧˥,[VARIANT] 春竹 [IPA] ʈʂʰuən˥ ʈʂu˧˥
local:pcr-389#1:01,local_657_homophone_fragments,pcr-389#1:01,猕hotel,猕hotel,猕hotel,mi2 hotel,mi˧˥ həʊtˈɛl,generated_mandarin_tonal,猕猴桃,mi2 hou2 tao2,mi˧˥ xoʊ˧˥ tʰɑʊ˧˥,跨语言语音编码,train,1,[],[VARIANT] 猕hotel,[IPA] mi˧˥ həʊtˈɛl,[VARIANT] 猕hotel [IPA] mi˧˥ həʊtˈɛl
local:pcr-250#1:01,local_657_homophone_fragments,pcr-250#1:01,2 B 5,2 B 5,二 B 五,er4 B wu3,əɻ˥˩ bˈiː u˨˩˦,generated_mandarin_tonal,二百五,er4 bai3 wu3,əɻ˥˩ pai˨˩˦ u˨˩˦,语音替代,train,1,[],[VARIANT] 2 B 5,[IPA] əɻ˥˩ bˈiː u˨˩˦,[VARIANT] 2 B 5 [IPA] əɻ˥˩ bˈiː u˨˩˦
local:pcr-374#1:01,local_657_homophone_fragments,pcr-374#1:01,木凳口袋,木凳口袋,木凳口袋,mu4 deng4 kou3 dai4,mu˥˩ tɤŋ˥˩ kʰoʊ˨˩˦ tai˥˩,generated_mandarin_tonal,目瞪口呆,mu4 deng4 kou3 dai1,mu˥˩ tɤŋ˥˩ kʰoʊ˨˩˦ tai˥,歧义同音词,train,1,[],[VARIANT] 木凳口袋,[IPA] mu˥˩ tɤŋ˥˩ kʰoʊ˨˩˦ tai˥˩,[VARIANT] 木凳口袋 [IPA] mu˥˩ tɤŋ˥˩ kʰoʊ˨˩˦ tai˥˩
local:pcr-361#1:01,local_657_homophone_fragments,pcr-361#1:01,吃堡了,吃堡了,吃堡了,chi1 bao3 le,ʈʂʰɻ̩˥ pɑʊ˨˩˦ lɤ,generated_mandarin_tonal,吃饱了,chi1 bao3 le,ʈʂʰɻ̩˥ pɑʊ˨˩˦ lɤ,歧义同音词,train,1,[],[VARIANT] 吃堡了,[IPA] ʈʂʰɻ̩˥ pɑʊ˨˩˦ lɤ,[VARIANT] 吃堡了 [IPA] ʈʂʰɻ̩˥ pɑʊ˨˩˦ lɤ
local:pcr-308#1:01,local_657_homophone_fragments,pcr-308#1:01,天鸡,天鸡,天鸡,tian1 ji1,tʰiɛn˥ tɕi˥,generated_mandarin_tonal,天机,tian1 ji1,tʰiɛn˥ tɕi˥,非词汇同音词,train,1,[],[VARIANT] 天鸡,[IPA] tʰiɛn˥ tɕi˥,[VARIANT] 天鸡 [IPA] tʰiɛn˥ tɕi˥
local:pcr-122#1:01,local_657_homophone_fragments,pcr-122#1:01,得姓,得姓,得姓,de2 xing4,tɤ˧˥ ɕiŋ˥˩,generated_mandarin_tonal,德性,de2 xing4,tɤ˧˥ ɕiŋ˥˩,歧义同音词,train,1,[],[VARIANT] 得姓,[IPA] tɤ˧˥ ɕiŋ˥˩,[VARIANT] 得姓 [IPA] tɤ˧˥ ɕiŋ˥˩
local:pcr-122#1:02,local_657_homophone_fragments,pcr-122#1:02,饿心,饿心,饿心,e4 xin1,ɤ˥˩ ɕin˥,generated_mandarin_tonal,恶心,e3 xin1,ɤ˨˩˦ ɕin˥,歧义同音词,train,1,[],[VARIANT] 饿心,[IPA] ɤ˥˩ ɕin˥,[VARIANT] 饿心 [IPA] ɤ˥˩ ɕin˥
local:pcr-266#1:01,local_657_homophone_fragments,pcr-266#1:01,轻鹅易举,轻鹅易举,轻鹅易举,qing1 e2 yi4 ju3,tɕʰiŋ˥ ɤ˧˥ i˥˩ tɕy˨˩˦,generated_mandarin_tonal,轻而易举,qing1 er2 yi4 ju3,tɕʰiŋ˥ əɻ˧˥ i˥˩ tɕy˨˩˦,非词汇同音词,train,1,[],[VARIANT] 轻鹅易举,[IPA] tɕʰiŋ˥ ɤ˧˥ i˥˩ tɕy˨˩˦,[VARIANT] 轻鹅易举 [IPA] tɕʰiŋ˥ ɤ˧˥ i˥˩ tɕy˨˩˦
local:pcr-68#1:01,local_657_homophone_fragments,pcr-68#1:01,煤负沐,煤负沐,煤负沐,mei2 fu4 mu4,mei˧˥ fu˥˩ mu˥˩,generated_mandarin_tonal,没父母,mei2 fu4 mu3,mei˧˥ fu˥˩ mu˨˩˦,非词汇同音词,train,1,[],[VARIANT] 煤负沐,[IPA] mei˧˥ fu˥˩ mu˥˩,[VARIANT] 煤负沐 [IPA] mei˧˥ fu˥˩ mu˥˩
local:pcr-398#1:01,local_657_homophone_fragments,pcr-398#1:01,辣好吧,辣好吧,辣好吧,la4 hao3 ba,la˥˩ xɑʊ˨˩˦ pa,generated_mandarin_tonal,那好吧,na4 hao3 ba,na˥˩ xɑʊ˨˩˦ pa,非词汇同音词,train,1,[],[VARIANT] 辣好吧,[IPA] la˥˩ xɑʊ˨˩˦ pa,[VARIANT] 辣好吧 [IPA] la˥˩ xɑʊ˨˩˦ pa
local:pcr-219#1:01,local_657_homophone_fragments,pcr-219#1:01,你这个咋种,你这个咋种,你这个咋种,ni3 zhe4 ge za3 zhong3,ni˨˩˦ ʈʂɤ˥˩ kɤ tsa˨˩˦ ʈʂʊŋ˨˩˦,generated_mandarin_tonal,你这个杂种,ni3 zhe4 ge za2 zhong3,ni˨˩˦ ʈʂɤ˥˩ kɤ tsa˧˥ ʈʂʊŋ˨˩˦,非词汇同音词,train,1,[],[VARIANT] 你这个咋种,[IPA] ni˨˩˦ ʈʂɤ˥˩ kɤ tsa˨˩˦ ʈʂʊŋ˨˩˦,[VARIANT] 你这个咋种 [IPA] ni˨˩˦ ʈʂɤ˥˩ kɤ tsa˨˩˦ ʈʂʊŋ˨˩˦
local:pcr-27#1:01,local_657_homophone_fragments,pcr-27#1:01,珍妮玛士多,珍妮玛士多,珍妮玛士多,zhen1 ni1 ma3 shi4 duo1,ʈʂən˥ ni˥ ma˨˩˦ ʂɻ̩˥˩ tuɔ˥,generated_mandarin_tonal,真你妈事多,zhen1 ni3 ma1 shi4 duo1,ʈʂən˥ ni˨˩˦ ma˥ ʂɻ̩˥˩ tuɔ˥,歧义同音词,train,1,[],[VARIANT] 珍妮玛士多,[IPA] ʈʂən˥ ni˥ ma˨˩˦ ʂɻ̩˥˩ tuɔ˥,[VARIANT] 珍妮玛士多 [IPA] ʈʂən˥ ni˥ ma˨˩˦ ʂɻ̩˥˩ tuɔ˥
local:pcr-399#1:01,local_657_homophone_fragments,pcr-399#1:01,上海,上海,上海,shang4 hai3,ʂɑŋ˥˩ xai˨˩˦,generated_mandarin_tonal,伤害,shang1 hai4,ʂɑŋ˥ xai˥˩,歧义同音词,train,1,[],[VARIANT] 上海,[IPA] ʂɑŋ˥˩ xai˨˩˦,[VARIANT] 上海 [IPA] ʂɑŋ˥˩ xai˨˩˦
local:pcr-105#1:01,local_657_homophone_fragments,pcr-105#1:01,zhuang了,zhuang了,zhuang了,zhuang le,ʈʂuɑŋ lɤ,generated_mandarin_tonal,装了,zhuang1 le,ʈʂuɑŋ˥ lɤ,语音替代,train,1,[],[VARIANT] zhuang了,[IPA] ʈʂuɑŋ lɤ,[VARIANT] zhuang了 [IPA] ʈʂuɑŋ lɤ
local:pcr-216#1:01,local_657_homophone_fragments,pcr-216#1:01,你比李时珍见啊,你比李时珍见啊,你比李时珍见啊,ni3 bi3 li3 shi2 zhen1 jian4 a,ni˨˩˦ pi˨˩˦ li˨˩˦ ʂɻ̩˧˥ ʈʂən˥ tɕiɛn˥˩ a,generated_mandarin_tonal,你比李时珍贱啊,ni3 bi3 li3 shi2 zhen1 jian4 a,ni˨˩˦ pi˨˩˦ li˨˩˦ ʂɻ̩˧˥ ʈʂən˥ tɕiɛn˥˩ a,非词汇同音词,train,1,[],[VARIANT] 你比李时珍见啊,[IPA] ni˨˩˦ pi˨˩˦ li˨˩˦ ʂɻ̩˧˥ ʈʂən˥ tɕiɛn˥˩ a,[VARIANT] 你比李时珍见啊 [IPA] ni˨˩˦ pi˨˩˦ li˨˩˦ ʂɻ̩˧˥ ʈʂən˥ tɕiɛn˥˩ a
local:pcr-489#1:01,local_657_homophone_fragments,pcr-489#1:01,gone she,gone she,gone she,gone she,ɡˈɒn ʃiː,generated_mandarin_tonal,关系,guan1 xi4,kuan˥ ɕi˥˩,跨语言语音编码,train,1,[],[VARIANT] gone she,[IPA] ɡˈɒn ʃiː,[VARIANT] gone she [IPA] ɡˈɒn ʃiː
local:pcr-80#1:01,local_657_homophone_fragments,pcr-80#1:01,皇到家了,皇到家了,皇到家了,huang2 dao4 jia1 le,xuɑŋ˧˥ tɑʊ˥˩ tɕia˥ lɤ,generated_mandarin_tonal,黄到家了,huang2 dao4 jia1 le,xuɑŋ˧˥ tɑʊ˥˩ tɕia˥ lɤ,歧义同音词,train,1,[],[VARIANT] 皇到家了,[IPA] xuɑŋ˧˥ tɑʊ˥˩ tɕia˥ lɤ,[VARIANT] 皇到家了 [IPA] xuɑŋ˧˥ tɑʊ˥˩ tɕia˥ lɤ
local:pcr-21#1:01,local_657_homophone_fragments,pcr-21#1:01,全价4万,全价4万,全价四万,quan2 jia4 si4 wan4,tɕʰyɛn˧˥ tɕia˥˩ sɹ̩˥˩ wan˥˩,generated_mandarin_tonal,全家死完,quan2 jia1 si3 wan2,tɕʰyɛn˧˥ tɕia˥ sɹ̩˨˩˦ wan˧˥,语音替代,train,1,[],[VARIANT] 全价4万,[IPA] tɕʰyɛn˧˥ tɕia˥˩ sɹ̩˥˩ wan˥˩,[VARIANT] 全价4万 [IPA] tɕʰyɛn˧˥ tɕia˥˩ sɹ̩˥˩ wan˥˩
local:pcr-405#1:01,local_657_homophone_fragments,pcr-405#1:01,政钱,政钱,政钱,zheng4 qian2,ʈʂɤŋ˥˩ tɕʰiɛn˧˥,generated_mandarin_tonal,挣钱,zheng4 qian2,ʈʂɤŋ˥˩ tɕʰiɛn˧˥,非词汇同音词,train,1,[],[VARIANT] 政钱,[IPA] ʈʂɤŋ˥˩ tɕʰiɛn˧˥,[VARIANT] 政钱 [IPA] ʈʂɤŋ˥˩ tɕʰiɛn˧˥
local:pcr-354#1:01,local_657_homophone_fragments,pcr-354#1:01,郑在,郑在,郑在,zheng4 zai4,ʈʂɤŋ˥˩ tsai˥˩,generated_mandarin_tonal,正在,zheng4 zai4,ʈʂɤŋ˥˩ tsai˥˩,歧义同音词,train,1,[],[VARIANT] 郑在,[IPA] ʈʂɤŋ˥˩ tsai˥˩,[VARIANT] 郑在 [IPA] ʈʂɤŋ˥˩ tsai˥˩
local:pcr-427#1:01,local_657_homophone_fragments,pcr-427#1:01,6神无主,6神无主,六神无主,liu4 shen2 wu2 zhu3,liou˥˩ ʂən˧˥ u˧˥ ʈʂu˨˩˦,generated_mandarin_tonal,六神无主,liu4 shen2 wu2 zhu3,liou˥˩ ʂən˧˥ u˧˥ ʈʂu˨˩˦,语音替代,train,1,[],[VARIANT] 6神无主,[IPA] liou˥˩ ʂən˧˥ u˧˥ ʈʂu˨˩˦,[VARIANT] 6神无主 [IPA] liou˥˩ ʂən˧˥ u˧˥ ʈʂu˨˩˦
local:pcr-461#1:01,local_657_homophone_fragments,pcr-461#1:01,太婉了,太婉了,太婉了,tai4 wan3 le,tʰai˥˩ wan˨˩˦ lɤ,generated_mandarin_tonal,太晚了,tai4 wan3 le,tʰai˥˩ wan˨˩˦ lɤ,歧义同音词,train,1,[],[VARIANT] 太婉了,[IPA] tʰai˥˩ wan˨˩˦ lɤ,[VARIANT] 太婉了 [IPA] tʰai˥˩ wan˨˩˦ lɤ
local:pcr-137#1:01,local_657_homophone_fragments,pcr-137#1:01,6,6,六,liu4,liou˥˩,generated_mandarin_tonal,6,liu4,liou˥˩,语音替代,train,1,[],[VARIANT] 6,[IPA] liou˥˩,[VARIANT] 6 [IPA] liou˥˩
local:pcr-256#1:01,local_657_homophone_fragments,pcr-256#1:01,你的螂来了,你的螂来了,你的螂来了,ni3 de lang2 lai2 le,ni˨˩˦ tɤ lɑŋ˧˥ lai˧˥ lɤ,generated_mandarin_tonal,你的郎来了,ni3 de lang2 lai2 le,ni˨˩˦ tɤ lɑŋ˧˥ lai˧˥ lɤ,歧义同音词,train,1,[],[VARIANT] 你的螂来了,[IPA] ni˨˩˦ tɤ lɑŋ˧˥ lai˧˥ lɤ,[VARIANT] 你的螂来了 [IPA] ni˨˩˦ tɤ lɑŋ˧˥ lai˧˥ lɤ
local:pcr-355#1:01,local_657_homophone_fragments,pcr-355#1:01,过乔米线,过乔米线,过乔米线,guo4 qiao2 mi3 xian4,kuɔ˥˩ tɕʰiɑʊ˧˥ mi˨˩˦ ɕiɛn˥˩,generated_mandarin_tonal,过桥米线,guo4 qiao2 mi3 xian4,kuɔ˥˩ tɕʰiɑʊ˧˥ mi˨˩˦ ɕiɛn˥˩,非词汇同音词,train,1,[],[VARIANT] 过乔米线,[IPA] kuɔ˥˩ tɕʰiɑʊ˧˥ mi˨˩˦ ɕiɛn˥˩,[VARIANT] 过乔米线 [IPA] kuɔ˥˩ tɕʰiɑʊ˧˥ mi˨˩˦ ɕiɛn˥˩
local:pcr-111#1:01,local_657_homophone_fragments,pcr-111#1:01,浮木,浮木,浮木,fu2 mu4,fu˧˥ mu˥˩,generated_mandarin_tonal,父母,fu4 mu3,fu˥˩ mu˨˩˦,歧义同音词,train,1,[],[VARIANT] 浮木,[IPA] fu˧˥ mu˥˩,[VARIANT] 浮木 [IPA] fu˧˥ mu˥˩
local:pcr-391#1:01,local_657_homophone_fragments,pcr-391#1:01,脚头烂额,脚头烂额,脚头烂额,jiao3 tou2 lan4 e2,tɕiɑʊ˨˩˦ tʰoʊ˧˥ lan˥˩ ɤ˧˥,generated_mandarin_tonal,焦头烂额,jiao1 tou2 lan4 e2,tɕiɑʊ˥ tʰoʊ˧˥ lan˥˩ ɤ˧˥,非词汇同音词,train,1,[],[VARIANT] 脚头烂额,[IPA] tɕiɑʊ˨˩˦ tʰoʊ˧˥ lan˥˩ ɤ˧˥,[VARIANT] 脚头烂额 [IPA] tɕiɑʊ˨˩˦ tʰoʊ˧˥ lan˥˩ ɤ˧˥
local:pcr-422#1:01,local_657_homophone_fragments,pcr-422#1:01,看的我蕉绿,看的我蕉绿,看的我蕉绿,kan4 de wo3 jiao1 lv4,kʰan˥˩ tɤ wɔ˨˩˦ tɕiɑʊ˥ ly˥˩,generated_mandarin_tonal,看的我焦虑,kan4 de wo3 jiao1 lv4,kʰan˥˩ tɤ wɔ˨˩˦ tɕiɑʊ˥ ly˥˩,非词汇同音词,train,1,[],[VARIANT] 看的我蕉绿,[IPA] kʰan˥˩ tɤ wɔ˨˩˦ tɕiɑʊ˥ ly˥˩,[VARIANT] 看的我蕉绿 [IPA] kʰan˥˩ tɤ wɔ˨˩˦ tɕiɑʊ˥ ly˥˩
local:pcr-139#1:01,local_657_homophone_fragments,pcr-139#1:01,待批,待批,待批,dai4 pi1,tai˥˩ pʰi˥,generated_mandarin_tonal,呆逼,dai1 bi1,tai˥ pi˥,歧义同音词,train,1,[],[VARIANT] 待批,[IPA] tai˥˩ pʰi˥,[VARIANT] 待批 [IPA] tai˥˩ pʰi˥
local:pcr-116#1:01,local_657_homophone_fragments,pcr-116#1:01,一坨10,一坨10,一坨一零,yi1 tuo2 yi1 ling2,i˥ tʰuɔ˧˥ i˥ liŋ˧˥,generated_mandarin_tonal,一坨屎,yi1 tuo2 shi3,i˥ tʰuɔ˧˥ ʂɻ̩˨˩˦,语音替代,train,1,[],[VARIANT] 一坨10,[IPA] i˥ tʰuɔ˧˥ i˥ liŋ˧˥,[VARIANT] 一坨10 [IPA] i˥ tʰuɔ˧˥ i˥ liŋ˧˥
local:pcr-350#1:01,local_657_homophone_fragments,pcr-350#1:01,1314,1314,一三一四,yi1 san1 yi1 si4,i˥ san˥ i˥ sɹ̩˥˩,generated_mandarin_tonal,一生一世,yi4 sheng1 yi2 shi4,i˥˩ ʂɤŋ˥ i˧˥ ʂɻ̩˥˩,语音替代,train,1,[],[VARIANT] 1314,[IPA] i˥ san˥ i˥ sɹ̩˥˩,[VARIANT] 1314 [IPA] i˥ san˥ i˥ sɹ̩˥˩
local:pcr-205#1:02,local_657_homophone_fragments,pcr-205#1:02,噶,噶,噶,ga2,ka˧˥,generated_mandarin_tonal,嘎,ga1,ka˥,歧义同音词,train,1,[],[VARIANT] 噶,[IPA] ka˧˥,[VARIANT] 噶 [IPA] ka˧˥
local:pcr-30#1:01,local_657_homophone_fragments,pcr-30#1:01,司马,司马,司马,si1 ma3,sɹ̩˥ ma˨˩˦,generated_mandarin_tonal,死妈,si3 ma1,sɹ̩˨˩˦ ma˥,歧义同音词,train,1,[],[VARIANT] 司马,[IPA] sɹ̩˥ ma˨˩˦,[VARIANT] 司马 [IPA] sɹ̩˥ ma˨˩˦
local:pcr-83#1:01,local_657_homophone_fragments,pcr-83#1:01,风了,风了,风了,feng1 le,fɤŋ˥ lɤ,generated_mandarin_tonal,疯了,feng1 le,fɤŋ˥ lɤ,非词汇同音词,train,1,[],[VARIANT] 风了,[IPA] fɤŋ˥ lɤ,[VARIANT] 风了 [IPA] fɤŋ˥ lɤ
local:pcr-467#1:01,local_657_homophone_fragments,pcr-467#1:01,9494,9494,九四九四,jiu3 si4 jiu3 si4,tɕiou˨˩˦ sɹ̩˥˩ tɕiou˨˩˦ sɹ̩˥˩,generated_mandarin_tonal,就是就是,jiu4 shi4 jiu4 shi4,tɕiou˥˩ ʂɻ̩˥˩ tɕiou˥˩ ʂɻ̩˥˩,语音替代,train,1,[],[VARIANT] 9494,[IPA] tɕiou˨˩˦ sɹ̩˥˩ tɕiou˨˩˦ sɹ̩˥˩,[VARIANT] 9494 [IPA] tɕiou˨˩˦ sɹ̩˥˩ tɕiou˨˩˦ sɹ̩˥˩
local:pcr-482#1:01,local_657_homophone_fragments,pcr-482#1:01,慌空,慌空,慌空,huang1 kong1,xuɑŋ˥ kʰʊŋ˥,generated_mandarin_tonal,惶恐,huang2 kong3,xuɑŋ˧˥ kʰʊŋ˨˩˦,非词汇同音词,train,1,[],[VARIANT] 慌空,[IPA] xuɑŋ˥ kʰʊŋ˥,[VARIANT] 慌空 [IPA] xuɑŋ˥ kʰʊŋ˥
local:pcr-166#1:01,local_657_homophone_fragments,pcr-166#1:01,傻杯,傻杯,傻杯,sha3 bei1,ʂa˨˩˦ pei˥,generated_mandarin_tonal,傻逼,sha3 bi1,ʂa˨˩˦ pi˥,非词汇同音词,train,1,[],[VARIANT] 傻杯,[IPA] ʂa˨˩˦ pei˥,[VARIANT] 傻杯 [IPA] ʂa˨˩˦ pei˥
local:pcr-490#1:01,local_657_homophone_fragments,pcr-490#1:01,别上,别上,别上,bie2 shang4,piɛ˧˥ ʂɑŋ˥˩,generated_mandarin_tonal,边上,bian1 shang4,piɛn˥ ʂɑŋ˥˩,跨语言语音编码,train,1,[],[VARIANT] 别上,[IPA] piɛ˧˥ ʂɑŋ˥˩,[VARIANT] 别上 [IPA] piɛ˧˥ ʂɑŋ˥˩
local:pcr-254#1:01,local_657_homophone_fragments,pcr-254#1:01,亡牌,亡牌,亡牌,wang2 pai2,wɑŋ˧˥ pʰai˧˥,generated_mandarin_tonal,王牌,wang2 pai2,wɑŋ˧˥ pʰai˧˥,非词汇同音词,train,1,[],[VARIANT] 亡牌,[IPA] wɑŋ˧˥ pʰai˧˥,[VARIANT] 亡牌 [IPA] wɑŋ˧˥ pʰai˧˥
local:pcr-390#1:01,local_657_homophone_fragments,pcr-390#1:01,你拔我罐罪,你拔我罐罪,你拔我罐罪,ni3 ba2 wo3 guan4 zui4,ni˨˩˦ pa˧˥ wɔ˨˩˦ kuan˥˩ tsuei˥˩,generated_mandarin_tonal,你把我灌醉,ni3 ba3 wo3 guan4 zui4,ni˨˩˦ pa˨˩˦ wɔ˨˩˦ kuan˥˩ tsuei˥˩,非词汇同音词,train,1,[],[VARIANT] 你拔我罐罪,[IPA] ni˨˩˦ pa˧˥ wɔ˨˩˦ kuan˥˩ tsuei˥˩,[VARIANT] 你拔我罐罪 [IPA] ni˨˩˦ pa˧˥ wɔ˨˩˦ kuan˥˩ tsuei˥˩
local:pcr-474#1:01,local_657_homophone_fragments,pcr-474#1:01,煎墙,煎墙,煎墙,jian1 qiang2,tɕiɛn˥ tɕʰiɑŋ˧˥,generated_mandarin_tonal,坚强,jian1 qiang2,tɕiɛn˥ tɕʰiɑŋ˧˥,非词汇同音词,train,1,[],[VARIANT] 煎墙,[IPA] tɕiɛn˥ tɕʰiɑŋ˧˥,[VARIANT] 煎墙 [IPA] tɕiɛn˥ tɕʰiɑŋ˧˥
local:pcr-436#1:01,local_657_homophone_fragments,pcr-436#1:01,心弦,心弦,心弦,xin1 xian2,ɕin˥ ɕiɛn˧˥,generated_mandarin_tonal,新鲜,xin1 xian1,ɕin˥ ɕiɛn˥,歧义同音词,train,1,[],[VARIANT] 心弦,[IPA] ɕin˥ ɕiɛn˧˥,[VARIANT] 心弦 [IPA] ɕin˥ ɕiɛn˧˥
local:pcr-498#1:01,local_657_homophone_fragments,pcr-498#1:01,留字们,留字们,留字们,liu2 zi4 men,liou˧˥ tsɹ̩˥˩ mən,generated_mandarin_tonal,留子们,liu2 zi men,liou˧˥ tsɹ̩ mən,语音替代,train,1,[],[VARIANT] 留字们,[IPA] liou˧˥ tsɹ̩˥˩ mən,[VARIANT] 留字们 [IPA] liou˧˥ tsɹ̩˥˩ mən
local:pcr-498#1:02,local_657_homophone_fragments,pcr-498#1:02,通货P胀,通货po胀,通货po胀,tong1 huo4 po zhang4,tʰʊŋ˥ xuɔ˥˩ pʰuɔ ʈʂɑŋ˥˩,generated_mandarin_tonal,通货膨胀,tong1 huo4 peng2 zhang4,tʰʊŋ˥ xuɔ˥˩ pʰɤŋ˧˥ ʈʂɑŋ˥˩,语音替代,train,1,[],[VARIANT] 通货P胀,[IPA] tʰʊŋ˥ xuɔ˥˩ pʰuɔ ʈʂɑŋ˥˩,[VARIANT] 通货P胀 [IPA] tʰʊŋ˥ xuɔ˥˩ pʰuɔ ʈʂɑŋ˥˩
local:pcr-431#1:01,local_657_homophone_fragments,pcr-431#1:01,萧何财路煎煎饺,萧何财路煎煎饺,萧何财路煎煎饺,xiao1 he2 cai2 lu4 jian1 jian1 jiao3,ɕiɑʊ˥ xɤ˧˥ tsʰai˧˥ lu˥˩ tɕiɛn˥ tɕiɛn˥ tɕiɑʊ˨˩˦,generated_mandarin_tonal,小荷才露尖尖角,xiao3 he2 cai2 lu4 jian1 jian1 jiao3,ɕiɑʊ˨˩˦ xɤ˧˥ tsʰai˧˥ lu˥˩ tɕiɛn˥ tɕiɛn˥ tɕiɑʊ˨˩˦,歧义同音词,train,1,[],[VARIANT] 萧何财路煎煎饺,[IPA] ɕiɑʊ˥ xɤ˧˥ tsʰai˧˥ lu˥˩ tɕiɛn˥ tɕiɛn˥ tɕiɑʊ˨˩˦,[VARIANT] 萧何财路煎煎饺 [IPA] ɕiɑʊ˥ xɤ˧˥ tsʰai˧˥ lu˥˩ tɕiɛn˥ tɕiɛn˥ tɕiɑʊ˨˩˦
local:pcr-58#1:01,local_657_homophone_fragments,pcr-58#1:01,G8,G8,G八,G ba1,dʒˈiː pa˥,generated_mandarin_tonal,鸡巴,ji1 ba1,tɕi˥ pa˥,语音替代,train,1,[],[VARIANT] G8,[IPA] dʒˈiː pa˥,[VARIANT] G8 [IPA] dʒˈiː pa˥
local:pcr-24#1:01,local_657_homophone_fragments,pcr-24#1:01,二笔,二笔,二笔,er4 bi3,əɻ˥˩ pi˨˩˦,generated_mandarin_tonal,二逼,er4 bi1,əɻ˥˩ pi˥,非词汇同音词,train,1,[],[VARIANT] 二笔,[IPA] əɻ˥˩ pi˨˩˦,[VARIANT] 二笔 [IPA] əɻ˥˩ pi˨˩˦
local:pcr-152#1:01,local_657_homophone_fragments,pcr-152#1:01,低能er,低能er,低能er,di1 neng2 er,ti˥ nɤŋ˧˥ əɻ,generated_mandarin_tonal,低能儿,di1 neng2 er2,ti˥ nɤŋ˧˥ əɻ˧˥,语音替代,train,1,[],[VARIANT] 低能er,[IPA] ti˥ nɤŋ˧˥ əɻ,[VARIANT] 低能er [IPA] ti˥ nɤŋ˧˥ əɻ
local:pcr-419#1:01,local_657_homophone_fragments,pcr-419#1:01,加期,加期,加期,jia1 qi1,tɕia˥ tɕʰi˥,generated_mandarin_tonal,假期,jia4 qi1,tɕia˥˩ tɕʰi˥,歧义同音词,train,1,[],[VARIANT] 加期,[IPA] tɕia˥ tɕʰi˥,[VARIANT] 加期 [IPA] tɕia˥ tɕʰi˥
local:pcr-419#1:02,local_657_homophone_fragments,pcr-419#1:02,鱼块,鱼块,鱼块,yu2 kuai4,y˧˥ kʰuai˥˩,generated_mandarin_tonal,愉快,yu2 kuai4,y˧˥ kʰuai˥˩,歧义同音词,train,1,[],[VARIANT] 鱼块,[IPA] y˧˥ kʰuai˥˩,[VARIANT] 鱼块 [IPA] y˧˥ kʰuai˥˩
local:pcr-402#1:01,local_657_homophone_fragments,pcr-402#1:01,宁波打的,宁波打的,宁波打的,ning2 bo1 da3 di1,niŋ˧˥ puɔ˥ ta˨˩˦ ti˥,generated_mandarin_tonal,您拨打的,nin2 bo1 da3 di1,nin˧˥ puɔ˥ ta˨˩˦ ti˥,歧义同音词,train,1,[],[VARIANT] 宁波打的,[IPA] niŋ˧˥ puɔ˥ ta˨˩˦ ti˥,[VARIANT] 宁波打的 [IPA] niŋ˧˥ puɔ˥ ta˨˩˦ ti˥
local:pcr-296#1:01,local_657_homophone_fragments,pcr-296#1:01,扒拉拉能亮,扒拉拉能亮,扒拉拉能亮,ba1 la1 la1 neng2 liang4,pa˥ la˥ la˥ nɤŋ˧˥ liɑŋ˥˩,generated_mandarin_tonal,巴啦啦能量,ba1 la la neng2 liang4,pa˥ la la nɤŋ˧˥ liɑŋ˥˩,非词汇同音词,train,1,[],[VARIANT] 扒拉拉能亮,[IPA] pa˥ la˥ la˥ nɤŋ˧˥ liɑŋ˥˩,[VARIANT] 扒拉拉能亮 [IPA] pa˥ la˥ la˥ nɤŋ˧˥ liɑŋ˥˩
local:pcr-208#1:01,local_657_homophone_fragments,pcr-208#1:01,玼世鸭梨,玼世鸭梨,玼世鸭梨,ci3 shi4 ya1 li2,tsʰɹ̩˨˩˦ ʂɻ̩˥˩ ja˥ li˧˥,generated_mandarin_tonal,吃屎呀你,chi1 shi3 ya ni3,ʈʂʰɻ̩˥ ʂɻ̩˨˩˦ ja ni˨˩˦,非词汇同音词,train,1,[],[VARIANT] 玼世鸭梨,[IPA] tsʰɹ̩˨˩˦ ʂɻ̩˥˩ ja˥ li˧˥,[VARIANT] 玼世鸭梨 [IPA] tsʰɹ̩˨˩˦ ʂɻ̩˥˩ ja˥ li˧˥
local:pcr-193#1:01,local_657_homophone_fragments,pcr-193#1:01,吃完shi,吃完shi,吃完shi,chi1 wan2 shi,ʈʂʰɻ̩˥ wan˧˥ ʂɻ̩,generated_mandarin_tonal,吃完屎,chi1 wan2 shi3,ʈʂʰɻ̩˥ wan˧˥ ʂɻ̩˨˩˦,语音替代,train,1,[],[VARIANT] 吃完shi,[IPA] ʈʂʰɻ̩˥ wan˧˥ ʂɻ̩,[VARIANT] 吃完shi [IPA] ʈʂʰɻ̩˥ wan˧˥ ʂɻ̩
local:pcr-421#1:01,local_657_homophone_fragments,pcr-421#1:01,莓道理,莓道理,莓道理,mei2 dao4 li3,mei˧˥ tɑʊ˥˩ li˨˩˦,generated_mandarin_tonal,没道理,mei2 dao4 li3,mei˧˥ tɑʊ˥˩ li˨˩˦,非词汇同音词,train,1,[],[VARIANT] 莓道理,[IPA] mei˧˥ tɑʊ˥˩ li˨˩˦,[VARIANT] 莓道理 [IPA] mei˧˥ tɑʊ˥˩ li˨˩˦
local:pcr-333#1:01,local_657_homophone_fragments,pcr-333#1:01,长安,长安,长安,chang2 an1,ʈʂʰɑŋ˧˥ an˥,generated_mandarin_tonal,常按,chang2 an4,ʈʂʰɑŋ˧˥ an˥˩,歧义同音词,train,1,[],[VARIANT] 长安,[IPA] ʈʂʰɑŋ˧˥ an˥,[VARIANT] 长安 [IPA] ʈʂʰɑŋ˧˥ an˥
local:pcr-458#1:01,local_657_homophone_fragments,pcr-458#1:01,笱男人,笱男人,笱男人,gou3 nan2 ren2,koʊ˨˩˦ nan˧˥ ɻən˧˥,generated_mandarin_tonal,狗男人,gou3 nan2 ren2,koʊ˨˩˦ nan˧˥ ɻən˧˥,非词汇同音词,train,1,[],[VARIANT] 笱男人,[IPA] koʊ˨˩˦ nan˧˥ ɻən˧˥,[VARIANT] 笱男人 [IPA] koʊ˨˩˦ nan˧˥ ɻən˧˥
local:pcr-448#1:01,local_657_homophone_fragments,pcr-448#1:01,滴至伍哲,滴至伍哲,滴至伍哲,di1 zhi4 wu3 zhe2,ti˥ ʈʂɻ̩˥˩ u˨˩˦ ʈʂɤ˧˥,generated_mandarin_tonal,低至五折,di1 zhi4 wu3 zhe2,ti˥ ʈʂɻ̩˥˩ u˨˩˦ ʈʂɤ˧˥,非词汇同音词,train,1,[],[VARIANT] 滴至伍哲,[IPA] ti˥ ʈʂɻ̩˥˩ u˨˩˦ ʈʂɤ˧˥,[VARIANT] 滴至伍哲 [IPA] ti˥ ʈʂɻ̩˥˩ u˨˩˦ ʈʂɤ˧˥
local:pcr-161#1:01,local_657_homophone_fragments,pcr-161#1:01,肺5,肺5,肺五,fei4 wu3,fei˥˩ u˨˩˦,generated_mandarin_tonal,废物,fei4 wu4,fei˥˩ u˥˩,语音替代,train,1,[],[VARIANT] 肺5,[IPA] fei˥˩ u˨˩˦,[VARIANT] 肺5 [IPA] fei˥˩ u˨˩˦
local:pcr-335#1:01,local_657_homophone_fragments,pcr-335#1:01,44944,44944,四四九四四,si4 si4 jiu3 si4 si4,sɹ̩˥˩ sɹ̩˥˩ tɕiou˨˩˦ sɹ̩˥˩ sɹ̩˥˩,generated_mandarin_tonal,试试就试试,shi4 shi4 jiu4 shi4 shi4,ʂɻ̩˥˩ ʂɻ̩˥˩ tɕiou˥˩ ʂɻ̩˥˩ ʂɻ̩˥˩,语音替代,train,1,[],[VARIANT] 44944,[IPA] sɹ̩˥˩ sɹ̩˥˩ tɕiou˨˩˦ sɹ̩˥˩ sɹ̩˥˩,[VARIANT] 44944 [IPA] sɹ̩˥˩ sɹ̩˥˩ tɕiou˨˩˦ sɹ̩˥˩ sɹ̩˥˩
local:pcr-303#1:01,local_657_homophone_fragments,pcr-303#1:01,锁乙呢？,锁乙呢？,锁乙呢？,suo3 yi3 ne ？,suɔ˨˩˦ i˨˩˦ nɤ,generated_mandarin_tonal,所以呢？,suo3 yi3 ne ？,suɔ˨˩˦ i˨˩˦ nɤ,非词汇同音词,train,1,[],[VARIANT] 锁乙呢？,[IPA] suɔ˨˩˦ i˨˩˦ nɤ,[VARIANT] 锁乙呢？ [IPA] suɔ˨˩˦ i˨˩˦ nɤ
local:pcr-230#1:01,local_657_homophone_fragments,pcr-230#1:01,撒椒,撒椒,撒椒,sa1 jiao1,sa˥ tɕiɑʊ˥,generated_mandarin_tonal,傻屌,sha3 diao3,ʂa˨˩˦ tiɑʊ˨˩˦,歧义同音词,train,1,[],[VARIANT] 撒椒,[IPA] sa˥ tɕiɑʊ˥,[VARIANT] 撒椒 [IPA] sa˥ tɕiɑʊ˥
local:pcr-18#1:01,local_657_homophone_fragments,pcr-18#1:01,大厦避风,大厦避风,大厦避风,da4 sha4 bi4 feng1,ta˥˩ ʂa˥˩ pi˥˩ fɤŋ˥,generated_mandarin_tonal,大傻逼疯,da4 sha3 bi1 feng1,ta˥˩ ʂa˨˩˦ pi˥ fɤŋ˥,非词汇同音词,train,1,[],[VARIANT] 大厦避风,[IPA] ta˥˩ ʂa˥˩ pi˥˩ fɤŋ˥,[VARIANT] 大厦避风 [IPA] ta˥˩ ʂa˥˩ pi˥˩ fɤŋ˥
local:pcr-215#1:01,local_657_homophone_fragments,pcr-215#1:01,极拔,极拔,极拔,ji2 ba2,tɕi˧˥ pa˧˥,generated_mandarin_tonal,鸡巴,ji1 ba1,tɕi˥ pa˥,非词汇同音词,train,1,[],[VARIANT] 极拔,[IPA] tɕi˧˥ pa˧˥,[VARIANT] 极拔 [IPA] tɕi˧˥ pa˧˥
local:pcr-14#1:01,local_657_homophone_fragments,pcr-14#1:01,采九朵莲,采九朵莲,采九朵莲,cai3 jiu3 duo3 lian2,tsʰai˨˩˦ tɕiou˨˩˦ tuɔ˨˩˦ liɛn˧˥,generated_mandarin_tonal,菜就多练,cai4 jiu4 duo1 lian4,tsʰai˥˩ tɕiou˥˩ tuɔ˥ liɛn˥˩,歧义同音词,train,1,[],[VARIANT] 采九朵莲,[IPA] tsʰai˨˩˦ tɕiou˨˩˦ tuɔ˨˩˦ liɛn˧˥,[VARIANT] 采九朵莲 [IPA] tsʰai˨˩˦ tɕiou˨˩˦ tuɔ˨˩˦ liɛn˧˥
local:pcr-370#1:01,local_657_homophone_fragments,pcr-370#1:01,鸡会,鸡会,鸡会,ji1 hui4,tɕi˥ xuei˥˩,generated_mandarin_tonal,机会,ji1 hui4,tɕi˥ xuei˥˩,非词汇同音词,train,1,[],[VARIANT] 鸡会,[IPA] tɕi˥ xuei˥˩,[VARIANT] 鸡会 [IPA] tɕi˥ xuei˥˩
local:pcr-445#1:01,local_657_homophone_fragments,pcr-445#1:01,你没4,你没4,你没四,ni3 mei2 si4,ni˨˩˦ mei˧˥ sɹ̩˥˩,generated_mandarin_tonal,你没事,ni3 mei2 shi4,ni˨˩˦ mei˧˥ ʂɻ̩˥˩,语音替代,train,1,[],[VARIANT] 你没4,[IPA] ni˨˩˦ mei˧˥ sɹ̩˥˩,[VARIANT] 你没4 [IPA] ni˨˩˦ mei˧˥ sɹ̩˥˩
local:pcr-39#1:01,local_657_homophone_fragments,pcr-39#1:01,壁画,壁画,壁画,bi4 hua4,pi˥˩ xua˥˩,generated_mandarin_tonal,逼话,bi1 hua4,pi˥ xua˥˩,歧义同音词,train,1,[],[VARIANT] 壁画,[IPA] pi˥˩ xua˥˩,[VARIANT] 壁画 [IPA] pi˥˩ xua˥˩
local:pcr-352#1:01,local_657_homophone_fragments,pcr-352#1:01,自bee中,自bee中,自bee中,zi4 bee zhong1,tsɹ̩˥˩ bˈiː ʈʂʊŋ˥,generated_mandarin_tonal,自闭中,zi4 bi4 zhong1,tsɹ̩˥˩ pi˥˩ ʈʂʊŋ˥,跨语言语音编码,train,1,[],[VARIANT] 自bee中,[IPA] tsɹ̩˥˩ bˈiː ʈʂʊŋ˥,[VARIANT] 自bee中 [IPA] tsɹ̩˥˩ bˈiː ʈʂʊŋ˥
local:pcr-176#1:01,local_657_homophone_fragments,pcr-176#1:01,沙笔,沙笔,沙笔,sha1 bi3,ʂa˥ pi˨˩˦,generated_mandarin_tonal,傻逼,sha3 bi1,ʂa˨˩˦ pi˥,非词汇同音词,train,1,[],[VARIANT] 沙笔,[IPA] ʂa˥ pi˨˩˦,[VARIANT] 沙笔 [IPA] ʂa˥ pi˨˩˦
local:pcr-113#1:01,local_657_homophone_fragments,pcr-113#1:01,这粽人,这粽人,这粽人,zhe4 zong4 ren2,ʈʂɤ˥˩ tsʊŋ˥˩ ɻən˧˥,generated_mandarin_tonal,这种人,zhe4 zhong3 ren2,ʈʂɤ˥˩ ʈʂʊŋ˨˩˦ ɻən˧˥,跨语言语音编码,train,1,[],[VARIANT] 这粽人,[IPA] ʈʂɤ˥˩ tsʊŋ˥˩ ɻən˧˥,[VARIANT] 这粽人 [IPA] ʈʂɤ˥˩ tsʊŋ˥˩ ɻən˧˥
local:pcr-113#1:02,local_657_homophone_fragments,pcr-113#1:02,可肖,可肖,可肖,ke3 xiao4,kʰɤ˨˩˦ ɕiɑʊ˥˩,generated_mandarin_tonal,可笑,ke3 xiao4,kʰɤ˨˩˦ ɕiɑʊ˥˩,跨语言语音编码,train,1,[],[VARIANT] 可肖,[IPA] kʰɤ˨˩˦ ɕiɑʊ˥˩,[VARIANT] 可肖 [IPA] kʰɤ˨˩˦ ɕiɑʊ˥˩
local:pcr-282#1:01,local_657_homophone_fragments,pcr-282#1:01,柿柿如意,柿柿如意,柿柿如意,shi4 shi4 ru2 yi4,ʂɻ̩˥˩ ʂɻ̩˥˩ ɻu˧˥ i˥˩,generated_mandarin_tonal,事事如意,shi4 shi4 ru2 yi4,ʂɻ̩˥˩ ʂɻ̩˥˩ ɻu˧˥ i˥˩,非词汇同音词,train,1,[],[VARIANT] 柿柿如意,[IPA] ʂɻ̩˥˩ ʂɻ̩˥˩ ɻu˧˥ i˥˩,[VARIANT] 柿柿如意 [IPA] ʂɻ̩˥˩ ʂɻ̩˥˩ ɻu˧˥ i˥˩
local:pcr-234#1:01,local_657_homophone_fragments,pcr-234#1:01,法克油,法克油,法克油,fa3 ke4 you2,fa˨˩˦ kʰɤ˥˩ joʊ˧˥,generated_mandarin_tonal,fuck you,fuck you,fˈʌk juː,跨语言语音编码,train,1,[],[VARIANT] 法克油,[IPA] fa˨˩˦ kʰɤ˥˩ joʊ˧˥,[VARIANT] 法克油 [IPA] fa˨˩˦ kʰɤ˥˩ joʊ˧˥
local:pcr-227#1:01,local_657_homophone_fragments,pcr-227#1:01,去你m的,去你mo的,去你mo的,qu4 ni3 mo de,tɕʰy˥˩ ni˨˩˦ muɔ tɤ,generated_mandarin_tonal,去你妈的,qu4 ni3 ma1 de,tɕʰy˥˩ ni˨˩˦ ma˥ tɤ,语音替代,train,1,[],[VARIANT] 去你m的,[IPA] tɕʰy˥˩ ni˨˩˦ muɔ tɤ,[VARIANT] 去你m的 [IPA] tɕʰy˥˩ ni˨˩˦ muɔ tɤ
local:pcr-158#1:01,local_657_homophone_fragments,pcr-158#1:01,自取其ru,自取其ru,自取其ru,zi4 qu3 qi2 ru,tsɹ̩˥˩ tɕʰy˨˩˦ tɕʰi˧˥ ɻu,generated_mandarin_tonal,自取其辱,zi4 qu3 qi2 ru3,tsɹ̩˥˩ tɕʰy˨˩˦ tɕʰi˧˥ ɻu˨˩˦,语音替代,train,1,[],[VARIANT] 自取其ru,[IPA] tsɹ̩˥˩ tɕʰy˨˩˦ tɕʰi˧˥ ɻu,[VARIANT] 自取其ru [IPA] tsɹ̩˥˩ tɕʰy˨˩˦ tɕʰi˧˥ ɻu
local:pcr-291#1:01,local_657_homophone_fragments,pcr-291#1:01,秃然,秃然,秃然,tu1 ran2,tʰu˥ ɻan˧˥,generated_mandarin_tonal,突然,tu1 ran2,tʰu˥ ɻan˧˥,非词汇同音词,train,1,[],[VARIANT] 秃然,[IPA] tʰu˥ ɻan˧˥,[VARIANT] 秃然 [IPA] tʰu˥ ɻan˧˥
local:pcr-480#1:01,local_657_homophone_fragments,pcr-480#1:01,踩4了,踩4了,踩四了,cai3 si4 le,tsʰai˨˩˦ sɹ̩˥˩ lɤ,generated_mandarin_tonal,踩死了,cai3 si3 le,tsʰai˨˩˦ sɹ̩˨˩˦ lɤ,语音替代,train,1,[],[VARIANT] 踩4了,[IPA] tsʰai˨˩˦ sɹ̩˥˩ lɤ,[VARIANT] 踩4了 [IPA] tsʰai˨˩˦ sɹ̩˥˩ lɤ
local:pcr-313#1:01,local_657_homophone_fragments,pcr-313#1:01,泰裤辣,泰裤辣,泰裤辣,tai4 ku4 la4,tʰai˥˩ kʰu˥˩ la˥˩,generated_mandarin_tonal,太酷啦,tai4 ku4 la,tʰai˥˩ kʰu˥˩ la,歧义同音词,train,1,[],[VARIANT] 泰裤辣,[IPA] tʰai˥˩ kʰu˥˩ la˥˩,[VARIANT] 泰裤辣 [IPA] tʰai˥˩ kʰu˥˩ la˥˩
local:pcr-125#1:01,local_657_homophone_fragments,pcr-125#1:01,别庄了,别庄了,别庄了,bie2 zhuang1 le,piɛ˧˥ ʈʂuɑŋ˥ lɤ,generated_mandarin_tonal,别装了,bie2 zhuang1 le,piɛ˧˥ ʈʂuɑŋ˥ lɤ,歧义同音词,train,1,[],[VARIANT] 别庄了,[IPA] piɛ˧˥ ʈʂuɑŋ˥ lɤ,[VARIANT] 别庄了 [IPA] piɛ˧˥ ʈʂuɑŋ˥ lɤ
local:pcr-125#1:02,local_657_homophone_fragments,pcr-125#1:02,好额心,好额心,好额心,hao3 e2 xin1,xɑʊ˨˩˦ ɤ˧˥ ɕin˥,generated_mandarin_tonal,好恶心,hao4 wu4 xin1,xɑʊ˥˩ u˥˩ ɕin˥,歧义同音词,train,1,[],[VARIANT] 好额心,[IPA] xɑʊ˨˩˦ ɤ˧˥ ɕin˥,[VARIANT] 好额心 [IPA] xɑʊ˨˩˦ ɤ˧˥ ɕin˥
local:pcr-210#1:01,local_657_homophone_fragments,pcr-210#1:01,鲨臂,鲨臂,鲨臂,sha1 bi4,ʂa˥ pi˥˩,generated_mandarin_tonal,傻逼,sha3 bi1,ʂa˨˩˦ pi˥,非词汇同音词,train,1,[],[VARIANT] 鲨臂,[IPA] ʂa˥ pi˥˩,[VARIANT] 鲨臂 [IPA] ʂa˥ pi˥˩
local:pcr-170#1:01,local_657_homophone_fragments,pcr-170#1:01,放霹,放霹,放霹,fang4 pi1,fɑŋ˥˩ pʰi˥,generated_mandarin_tonal,放屁,fang4 pi4,fɑŋ˥˩ pʰi˥˩,非词汇同音词,train,1,[],[VARIANT] 放霹,[IPA] fɑŋ˥˩ pʰi˥,[VARIANT] 放霹 [IPA] fɑŋ˥˩ pʰi˥
local:pcr-170#1:02,local_657_homophone_fragments,pcr-170#1:02,清寝,清寝,清寝,qing1 qin3,tɕʰiŋ˥ tɕʰin˨˩˦,generated_mandarin_tonal,清静,qing1 jing4,tɕʰiŋ˥ tɕiŋ˥˩,非词汇同音词,train,1,[],[VARIANT] 清寝,[IPA] tɕʰiŋ˥ tɕʰin˨˩˦,[VARIANT] 清寝 [IPA] tɕʰiŋ˥ tɕʰin˨˩˦
local:pcr-301#1:01,local_657_homophone_fragments,pcr-301#1:01,一见粽情,一见粽情,一见粽情,yi1 jian4 zong4 qing2,i˥ tɕiɛn˥˩ tsʊŋ˥˩ tɕʰiŋ˧˥,generated_mandarin_tonal,一见钟情,yi1 jian4 zhong1 qing2,i˥ tɕiɛn˥˩ ʈʂʊŋ˥ tɕʰiŋ˧˥,歧义同音词,train,1,[],[VARIANT] 一见粽情,[IPA] i˥ tɕiɛn˥˩ tsʊŋ˥˩ tɕʰiŋ˧˥,[VARIANT] 一见粽情 [IPA] i˥ tɕiɛn˥˩ tsʊŋ˥˩ tɕʰiŋ˧˥
local:pcr-104#1:01,local_657_homophone_fragments,pcr-104#1:01,e xing,e xing,e xing,e xing,ɤ ɕiŋ,generated_mandarin_tonal,恶心,e3 xin1,ɤ˨˩˦ ɕin˥,语音替代,train,1,[],[VARIANT] e xing,[IPA] ɤ ɕiŋ,[VARIANT] e xing [IPA] ɤ ɕiŋ
local:pcr-353#1:01,local_657_homophone_fragments,pcr-353#1:01,花生,花生,花生,hua1 sheng1,xua˥ ʂɤŋ˥,generated_mandarin_tonal,发生,fa1 sheng1,fa˥ ʂɤŋ˥,歧义同音词,train,1,[],[VARIANT] 花生,[IPA] xua˥ ʂɤŋ˥,[VARIANT] 花生 [IPA] xua˥ ʂɤŋ˥
local:pcr-496#1:01,local_657_homophone_fragments,pcr-496#1:01,0售,0售,零售,ling2 shou4,liŋ˧˥ ʂoʊ˥˩,generated_mandarin_tonal,零售,ling2 shou4,liŋ˧˥ ʂoʊ˥˩,语音替代,train,1,[],[VARIANT] 0售,[IPA] liŋ˧˥ ʂoʊ˥˩,[VARIANT] 0售 [IPA] liŋ˧˥ ʂoʊ˥˩
local:pcr-112#1:01,local_657_homophone_fragments,pcr-112#1:01,棍回,棍回,棍回,gun4 hui2,kuən˥˩ xuei˧˥,generated_mandarin_tonal,滚回,gun3 hui2,kuən˨˩˦ xuei˧˥,歧义同音词,train,1,[],[VARIANT] 棍回,[IPA] kuən˥˩ xuei˧˥,[VARIANT] 棍回 [IPA] kuən˥˩ xuei˧˥
local:pcr-112#1:02,local_657_homophone_fragments,pcr-112#1:02,颇地儿,颇地儿,颇地儿,po3 di4 er2,pʰuɔ˨˩˦ ti˥˩ əɻ˧˥,generated_mandarin_tonal,破地儿,po4 di4 er2,pʰuɔ˥˩ ti˥˩ əɻ˧˥,歧义同音词,train,1,[],[VARIANT] 颇地儿,[IPA] pʰuɔ˨˩˦ ti˥˩ əɻ˧˥,[VARIANT] 颇地儿 [IPA] pʰuɔ˨˩˦ ti˥˩ əɻ˧˥
local:pcr-112#1:03,local_657_homophone_fragments,pcr-112#1:03,碍演,碍演,碍演,ai4 yan3,ai˥˩ jɛn˨˩˦,generated_mandarin_tonal,碍眼,ai4 yan3,ai˥˩ jɛn˨˩˦,歧义同音词,train,1,[],[VARIANT] 碍演,[IPA] ai˥˩ jɛn˨˩˦,[VARIANT] 碍演 [IPA] ai˥˩ jɛn˨˩˦
local:pcr-22#1:01,local_657_homophone_fragments,pcr-22#1:01,是投注,是投注,是投注,shi4 tou2 zhu4,ʂɻ̩˥˩ tʰoʊ˧˥ ʈʂu˥˩,generated_mandarin_tonal,是头猪,shi4 tou2 zhu1,ʂɻ̩˥˩ tʰoʊ˧˥ ʈʂu˥,歧义同音词,train,1,[],[VARIANT] 是投注,[IPA] ʂɻ̩˥˩ tʰoʊ˧˥ ʈʂu˥˩,[VARIANT] 是投注 [IPA] ʂɻ̩˥˩ tʰoʊ˧˥ ʈʂu˥˩
local:pcr-22#1:02,local_657_homophone_fragments,pcr-22#1:02,跌,跌,跌,die1,tiɛ˥,generated_mandarin_tonal,爹,die1,tiɛ˥,歧义同音词,train,1,[],[VARIANT] 跌,[IPA] tiɛ˥,[VARIANT] 跌 [IPA] tiɛ˥
local:pcr-22#1:03,local_657_homophone_fragments,pcr-22#1:03,直涨,直涨,直涨,zhi2 zhang3,ʈʂɻ̩˧˥ ʈʂɑŋ˨˩˦,generated_mandarin_tonal,智障,zhi4 zhang4,ʈʂɻ̩˥˩ ʈʂɑŋ˥˩,歧义同音词,train,1,[],[VARIANT] 直涨,[IPA] ʈʂɻ̩˧˥ ʈʂɑŋ˨˩˦,[VARIANT] 直涨 [IPA] ʈʂɻ̩˧˥ ʈʂɑŋ˨˩˦
local:pcr-140#1:01,local_657_homophone_fragments,pcr-140#1:01,sales,sales,sales,sales,sˈeɪlz,generated_mandarin_tonal,笑死,xiao4 si3,ɕiɑʊ˥˩ sɹ̩˨˩˦,跨语言语音编码,train,1,[],[VARIANT] sales,[IPA] sˈeɪlz,[VARIANT] sales [IPA] sˈeɪlz
local:pcr-43#1:01,local_657_homophone_fragments,pcr-43#1:01,老闭灯,老闭灯,老闭灯,lao3 bi4 deng1,lɑʊ˨˩˦ pi˥˩ tɤŋ˥,generated_mandarin_tonal,老逼登,lao3 bi1 deng1,lɑʊ˨˩˦ pi˥ tɤŋ˥,歧义同音词,train,1,[],[VARIANT] 老闭灯,[IPA] lɑʊ˨˩˦ pi˥˩ tɤŋ˥,[VARIANT] 老闭灯 [IPA] lɑʊ˨˩˦ pi˥˩ tɤŋ˥
local:pcr-238#1:01,local_657_homophone_fragments,pcr-238#1:01,dior丝,dior丝,dior丝,dior si1,dɪˈɔː sɹ̩˥,generated_mandarin_tonal,屌丝,diao3 si1,tiɑʊ˨˩˦ sɹ̩˥,跨语言语音编码,train,1,[],[VARIANT] dior丝,[IPA] dɪˈɔː sɹ̩˥,[VARIANT] dior丝 [IPA] dɪˈɔː sɹ̩˥
local:human-1#1:01,local_657_homophone_fragments,human-1#1:01,一起do i,一起do i,一起do i,yi4 qi3 do i,i˥˩ tɕʰi˨˩˦ to i,generated_mandarin_tonal,一起做爱,yi4 qi3 zuo4 ai4,i˥˩ tɕʰi˨˩˦ tsuɔ˥˩ ai˥˩,跨语言语音编码,train,1,[],[VARIANT] 一起do i,[IPA] i˥˩ tɕʰi˨˩˦ to i,[VARIANT] 一起do i [IPA] i˥˩ tɕʰi˨˩˦ to i
local:pcr-108#1:01,local_657_homophone_fragments,pcr-108#1:01,3子,3子,三子,san1 zi,san˥ tsɹ̩,generated_mandarin_tonal,傻子,sha3 zi,ʂa˨˩˦ tsɹ̩,语音替代,train,1,[],[VARIANT] 3子,[IPA] san˥ tsɹ̩,[VARIANT] 3子 [IPA] san˥ tsɹ̩
local:human-3#1:01,local_657_homophone_fragments,human-3#1:01,delay no more,delay no more,delay no more,delay no more,dɪlˈeɪ nˈəʊmˌɔː,generated_mandarin_tonal,屌你老母,diao3 ni3 lao3 mu3,tiɑʊ˨˩˦ ni˨˩˦ lɑʊ˨˩˦ mu˨˩˦,跨语言语音编码,train,1,[],[VARIANT] delay no more,[IPA] dɪlˈeɪ nˈəʊmˌɔː,[VARIANT] delay no more [IPA] dɪlˈeɪ nˈəʊmˌɔː
local:pcr-326#1:01,local_657_homophone_fragments,pcr-326#1:01,有荔有bee,有荔有bee,有荔有bee,you3 li4 you3 bee,joʊ˨˩˦ li˥˩ joʊ˨˩˦ bˈiː,generated_mandarin_tonal,有利有弊,you3 li4 you3 bi4,joʊ˨˩˦ li˥˩ joʊ˨˩˦ pi˥˩,语音替代,train,1,[],[VARIANT] 有荔有bee,[IPA] joʊ˨˩˦ li˥˩ joʊ˨˩˦ bˈiː,[VARIANT] 有荔有bee [IPA] joʊ˨˩˦ li˥˩ joʊ˨˩˦ bˈiː
local:pcr-326#1:02,local_657_homophone_fragments,pcr-326#1:02,荔大于bee,荔大于bee,荔大于bee,li4 da4 yu2 bee,li˥˩ ta˥˩ y˧˥ bˈiː,generated_mandarin_tonal,利大于弊,li4 da4 yu2 bi4,li˥˩ ta˥˩ y˧˥ pi˥˩,语音替代,train,1,[],[VARIANT] 荔大于bee,[IPA] li˥˩ ta˥˩ y˧˥ bˈiː,[VARIANT] 荔大于bee [IPA] li˥˩ ta˥˩ y˧˥ bˈiː
local:pcr-7#1:01,local_657_homophone_fragments,pcr-7#1:01,开英帕,开英帕,开英帕,kai1 ying1 pa4,kʰai˥ iŋ˥ pʰa˥˩,generated_mandarin_tonal,开淫趴,kai1 yin2 pa1,kʰai˥ in˧˥ pʰa˥,非词汇同音词,train,1,[],[VARIANT] 开英帕,[IPA] kʰai˥ iŋ˥ pʰa˥˩,[VARIANT] 开英帕 [IPA] kʰai˥ iŋ˥ pʰa˥˩
local:human-2#1:01,local_657_homophone_fragments,human-2#1:01,作 i,作 i,作 i,zuo4 i,tsuɔ˥˩ i,generated_mandarin_tonal,做爱,zuo4 ai4,tsuɔ˥˩ ai˥˩,语音替代,train,1,[],[VARIANT] 作 i,[IPA] tsuɔ˥˩ i,[VARIANT] 作 i [IPA] tsuɔ˥˩ i
local:human-4#1:01,local_657_homophone_fragments,human-4#1:01,wash today,wash today,wash today,wash today,wˈɒʃ tədˈeɪ,generated_mandarin_tonal,我操你爹,wo3 cao1 ni3 die1,wɔ˨˩˦ tsʰɑʊ˥ ni˨˩˦ tiɛ˥,跨语言语音编码,train,1,[],[VARIANT] wash today,[IPA] wˈɒʃ tədˈeɪ,[VARIANT] wash today [IPA] wˈɒʃ tədˈeɪ
local:pcr-300#1:01,local_657_homophone_fragments,pcr-300#1:01,旺旺掀被,旺旺掀被,旺旺掀被,wang4 wang4 xian1 bei4,wɑŋ˥˩ wɑŋ˥˩ ɕiɛn˥ pei˥˩,generated_mandarin_tonal,旺旺仙贝,wang4 wang4 xian1 bei4,wɑŋ˥˩ wɑŋ˥˩ ɕiɛn˥ pei˥˩,歧义同音词,train,1,[],[VARIANT] 旺旺掀被,[IPA] wɑŋ˥˩ wɑŋ˥˩ ɕiɛn˥ pei˥˩,[VARIANT] 旺旺掀被 [IPA] wɑŋ˥˩ wɑŋ˥˩ ɕiɛn˥ pei˥˩
codedlang:8:01,Crowd-AI-Lab/CodedLang,8,乚,乚,乚,yin3,in˨˩˦,generated_mandarin_tonal,好,hao3,xɑʊ˨˩˦,语音替代,train,1,[],[VARIANT] 乚,[IPA] in˨˩˦,[VARIANT] 乚 [IPA] in˨˩˦
codedlang:15:01,Crowd-AI-Lab/CodedLang,15,6,6,六,liu4,liou˥˩,generated_mandarin_tonal,厉害,li4 hai4,li˥˩ xai˥˩,歧义同音词,train,1,[],[VARIANT] 6,[IPA] liou˥˩,[VARIANT] 6 [IPA] liou˥˩
codedlang:17:01,Crowd-AI-Lab/CodedLang,17,蔡,蔡,蔡,cai4,tsʰai˥˩,generated_mandarin_tonal,菜,cai4,tsʰai˥˩,歧义同音词,train,3,"[""codedlang:831:01"", ""codedlang:900:01""]",[VARIANT] 蔡,[IPA] tsʰai˥˩,[VARIANT] 蔡 [IPA] tsʰai˥˩
codedlang:20:01,Crowd-AI-Lab/CodedLang,20,金厚呷,金厚呷,金厚呷,jin1 hou4 ga1,tɕin˥ xoʊ˥˩ ka˥,generated_mandarin_tonal,真好吃,zhen1 hao3 chi1,ʈʂən˥ xɑʊ˨˩˦ ʈʂʰɻ̩˥,非词汇同音词,train,1,[],[VARIANT] 金厚呷,[IPA] tɕin˥ xoʊ˥˩ ka˥,[VARIANT] 金厚呷 [IPA] tɕin˥ xoʊ˥˩ ka˥
codedlang:26:01,Crowd-AI-Lab/CodedLang,26,jb,jb,jb,jb,dʒˌeɪbˈiː,generated_mandarin_tonal,鸡巴,ji1 ba1,tɕi˥ pa˥,语音替代,train,30,"[""codedlang:205:05"", ""codedlang:297:02"", ""codedlang:553:01"", ""codedlang:561:01"", ""codedlang:584:01"", ""codedlang:619:02"", ""codedlang:632:01"", ""codedlang:633:01"", ""codedlang:650:01"", ""codedlang:656:01"", ""codedlang:664:01"", ""codedlang:685:01"", ""codedlang:689:01"", ""codedlang:715:01"", ""codedlang:717:01"", ""codedlang:731:01"", ""codedlang:739:01"", ""codedlang:745:01"", ""codedlang:750:03"", ""codedlang:758:01"", ""codedlang:763:01"", ""codedlang:764:01"", ""codedlang:783:01"", ""codedlang:793:01"", ""codedlang:794:02"", ""codedlang:795:02"", ""codedlang:842:01"", ""codedlang:843:01"", ""codedlang:858:01""]",[VARIANT] jb,[IPA] dʒˌeɪbˈiː,[VARIANT] jb [IPA] dʒˌeɪbˈiː
codedlang:28:01,Crowd-AI-Lab/CodedLang,28,Jb,Jb,Jb,Jb,dʒˌeɪbˈiː,generated_mandarin_tonal,鸡巴,ji1 ba1,tɕi˥ pa˥,语音替代,train,1,[],[VARIANT] Jb,[IPA] dʒˌeɪbˈiː,[VARIANT] Jb [IPA] dʒˌeɪbˈiː
codedlang:39:01,Crowd-AI-Lab/CodedLang,39,灰常,灰常,灰常,hui1 chang2,xuei˥ ʈʂʰɑŋ˧˥,generated_mandarin_tonal,非常,fei1 chang2,fei˥ ʈʂʰɑŋ˧˥,非词汇同音词,train,10,"[""codedlang:51:01"", ""codedlang:128:01"", ""codedlang:278:01"", ""codedlang:392:01"", ""codedlang:451:01"", ""codedlang:461:01"", ""codedlang:487:01"", ""codedlang:496:01"", ""codedlang:860:01""]",[VARIANT] 灰常,[IPA] xuei˥ ʈʂʰɑŋ˧˥,[VARIANT] 灰常 [IPA] xuei˥ ʈʂʰɑŋ˧˥
codedlang:41:01,Crowd-AI-Lab/CodedLang,41,ㄔ,ㄔ,ㄔ,ㄔ,tʂʰ,official_codedlang,吃,chi1,ʈʂʰɻ̩˥,语音替代,train,9,"[""codedlang:166:01"", ""codedlang:177:01"", ""codedlang:265:01"", ""codedlang:304:01"", ""codedlang:329:01"", ""codedlang:426:01"", ""codedlang:535:01"", ""codedlang:536:01""]",[VARIANT] ㄔ,[IPA] tʂʰ,[VARIANT] ㄔ [IPA] tʂʰ
codedlang:44:01,Crowd-AI-Lab/CodedLang,44,特么,特么,特么,te4 me,tʰɤ˥˩ mɤ,generated_mandarin_tonal,他妈,ta1 ma1,tʰa˥ ma˥,非词汇同音词,train,56,"[""codedlang:55:01"", ""codedlang:65:01"", ""codedlang:68:01"", ""codedlang:76:01"", ""codedlang:85:01"", ""codedlang:86:01"", ""codedlang:88:01"", ""codedlang:92:01"", ""codedlang:103:01"", ""codedlang:105:01"", ""codedlang:111:01"", ""codedlang:114:01"", ""codedlang:133:01"", ""codedlang:135:01"", ""codedlang:138:01"", ""codedlang:147:02"", ""codedlang:149:01"", ""codedlang:156:01"", ""codedlang:160:01"", ""codedlang:167:01"", ""codedlang:170:01"", ""codedlang:190:01"", ""codedlang:194:01"", ""codedlang:209:01"", ""codedlang:225:01"", ""codedlang:234:01"", ""codedlang:236:01"", ""codedlang:248:01"", ""codedlang:291:01"", ""codedlang:299:01"", ""codedlang:308:01"", ""codedlang:315:01"", ""codedlang:316:01"", ""codedlang:322:01"", ""codedlang:331:01"", ""codedlang:332:01"", ""codedlang:336:01"", ""codedlang:338:01"", ""codedlang:341:01"", ""codedlang:348:01"", ""codedlang:352:02"", ""codedlang:363:01"", ""codedlang:373:01"", ""codedlang:395:01"", ""codedlang:403:01"", ""codedlang:415:01"", ""codedlang:422:01"", ""codedlang:428:01"", ""codedlang:430:01"", ""codedlang:434:01"", ""codedlang:445:01"", ""codedlang:464:01"", ""codedlang:472:01"", ""codedlang:491:01"", ""codedlang:523:01""]",[VARIANT] 特么,[IPA] tʰɤ˥˩ mɤ,[VARIANT] 特么 [IPA] tʰɤ˥˩ mɤ
codedlang:44:02,Crowd-AI-Lab/CodedLang,44,chǒu,chǒu,chǒu,ch ǒ u,ʈ͡ʂʰòʊ̯,official_codedlang,丑,chou3,ʈʂʰoʊ˨˩˦,语音替代,train,1,[],[VARIANT] chǒu,[IPA] ʈ͡ʂʰòʊ̯,[VARIANT] chǒu [IPA] ʈ͡ʂʰòʊ̯
codedlang:45:01,Crowd-AI-Lab/CodedLang,45,桑心,桑心,桑心,sang1 xin1,sɑŋ˥ ɕin˥,generated_mandarin_tonal,伤心,shang1 xin1,ʂɑŋ˥ ɕin˥,非词汇同音词,train,2,["codedlang:136:01"],[VARIANT] 桑心,[IPA] sɑŋ˥ ɕin˥,[VARIANT] 桑心 [IPA] sɑŋ˥ ɕin˥
codedlang:47:01,Crowd-AI-Lab/CodedLang,47,盆友,盆友,盆友,pen2 you3,pʰən˧˥ joʊ˨˩˦,generated_mandarin_tonal,朋友,peng2 you3,pʰɤŋ˧˥ joʊ˨˩˦,非词汇同音词,train,17,"[""codedlang:58:01"", ""codedlang:63:01"", ""codedlang:66:01"", ""codedlang:80:01"", ""codedlang:152:01"", ""codedlang:154:01"", ""codedlang:172:01"", ""codedlang:229:01"", ""codedlang:247:01"", ""codedlang:251:01"", ""codedlang:344:01"", ""codedlang:355:01"", ""codedlang:388:01"", ""codedlang:448:01"", ""codedlang:497:01"", ""codedlang:522:01""]",[VARIANT] 盆友,[IPA] pʰən˧˥ joʊ˨˩˦,[VARIANT] 盆友 [IPA] pʰən˧˥ joʊ˨˩˦
codedlang:48:01,Crowd-AI-Lab/CodedLang,48,辣鸡,辣鸡,辣鸡,la4 ji1,la˥˩ tɕi˥,generated_mandarin_tonal,垃圾,la1 ji1,la˥ tɕi˥,歧义同音词,train,49,"[""codedlang:56:01"", ""codedlang:71:01"", ""codedlang:78:01"", ""codedlang:91:01"", ""codedlang:97:01"", ""codedlang:141:01"", ""codedlang:145:01"", ""codedlang:147:01"", ""codedlang:158:01"", ""codedlang:179:01"", ""codedlang:181:01"", ""codedlang:183:01"", ""codedlang:187:01"", ""codedlang:191:01"", ""codedlang:217:01"", ""codedlang:233:01"", ""codedlang:255:01"", ""codedlang:270:01"", ""codedlang:279:01"", ""codedlang:280:01"", ""codedlang:282:01"", ""codedlang:288:01"", ""codedlang:290:01"", ""codedlang:303:01"", ""codedlang:319:01"", ""codedlang:346:01"", ""codedlang:357:01"", ""codedlang:359:01"", ""codedlang:360:01"", ""codedlang:362:01"", ""codedlang:364:01"", ""codedlang:366:01"", ""codedlang:377:01"", ""codedlang:380:01"", ""codedlang:400:01"", ""codedlang:401:01"", ""codedlang:405:01"", ""codedlang:406:01"", ""codedlang:417:01"", ""codedlang:425:01"", ""codedlang:432:02"", ""codedlang:441:01"", ""codedlang:470:01"", ""codedlang:478:01"", ""codedlang:479:01"", ""codedlang:492:01"", ""codedlang:511:01"", ""codedlang:514:01""]",[VARIANT] 辣鸡,[IPA] la˥˩ tɕi˥,[VARIANT] 辣鸡 [IPA] la˥˩ tɕi˥
codedlang:50:01,Crowd-AI-Lab/CodedLang,50,尼玛,尼玛,尼玛,ni2 ma3,ni˧˥ ma˨˩˦,generated_mandarin_tonal,你妈,ni3 ma1,ni˨˩˦ ma˥,非词汇同音词,train,43,"[""codedlang:54:01"", ""codedlang:57:01"", ""codedlang:69:01"", ""codedlang:95:01"", ""codedlang:107:01"", ""codedlang:110:01"", ""codedlang:116:01"", ""codedlang:121:01"", ""codedlang:123:01"", ""codedlang:127:01"", ""codedlang:134:01"", ""codedlang:139:01"", ""codedlang:144:01"", ""codedlang:157:02"", ""codedlang:174:01"", ""codedlang:178:01"", ""codedlang:188:01"", ""codedlang:193:01"", ""codedlang:202:01"", ""codedlang:205:02"", ""codedlang:210:01"", ""codedlang:216:01"", ""codedlang:218:01"", ""codedlang:239:02"", ""codedlang:242:01"", ""codedlang:249:01"", ""codedlang:271:01"", ""codedlang:297:01"", ""codedlang:298:01"", ""codedlang:317:01"", ""codedlang:318:01"", ""codedlang:337:01"", ""codedlang:354:01"", ""codedlang:382:01"", ""codedlang:408:01"", ""codedlang:433:03"", ""codedlang:447:01"", ""codedlang:455:01"", ""codedlang:457:01"", ""codedlang:494:01"", ""codedlang:495:02"", ""codedlang:503:01""]",[VARIANT] 尼玛,[IPA] ni˧˥ ma˨˩˦,[VARIANT] 尼玛 [IPA] ni˧˥ ma˨˩˦
codedlang:60:03,Crowd-AI-Lab/CodedLang,60,米国,米国,米国,mi3 guo2,mi˨˩˦ kuɔ˧˥,generated_mandarin_tonal,美国,mei3 guo2,mei˨˩˦ kuɔ˧˥,非词汇同音词,train,11,"[""codedlang:122:01"", ""codedlang:165:01"", ""codedlang:273:01"", ""codedlang:281:01"", ""codedlang:313:01"", ""codedlang:334:01"", ""codedlang:343:01"", ""codedlang:435:01"", ""codedlang:504:01"", ""codedlang:515:01""]",[VARIANT] 米国,[IPA] mi˨˩˦ kuɔ˧˥,[VARIANT] 米国 [IPA] mi˨˩˦ kuɔ˧˥
codedlang:60:04,Crowd-AI-Lab/CodedLang,60,妹纸,妹纸,妹纸,mei4 zhi3,mei˥˩ ʈʂɻ̩˨˩˦,generated_mandarin_tonal,妹子,mei4 zi,mei˥˩ tsɹ̩,非词汇同音词,train,6,"[""codedlang:277:01"", ""codedlang:349:01"", ""codedlang:393:01"", ""codedlang:399:01"", ""codedlang:454:01""]",[VARIANT] 妹纸,[IPA] mei˥˩ ʈʂɻ̩˨˩˦,[VARIANT] 妹纸 [IPA] mei˥˩ ʈʂɻ̩˨˩˦
codedlang:64:01,Crowd-AI-Lab/CodedLang,64,木有,木有,木有,mu4 you3,mu˥˩ joʊ˨˩˦,generated_mandarin_tonal,没有,mei2 you3,mei˧˥ joʊ˨˩˦,非词汇同音词,train,21,"[""codedlang:182:01"", ""codedlang:199:01"", ""codedlang:219:01"", ""codedlang:222:01"", ""codedlang:226:01"", ""codedlang:241:01"", ""codedlang:267:01"", ""codedlang:268:02"", ""codedlang:330:01"", ""codedlang:353:01"", ""codedlang:386:01"", ""codedlang:402:01"", ""codedlang:436:01"", ""codedlang:443:01"", ""codedlang:463:01"", ""codedlang:471:01"", ""codedlang:484:01"", ""codedlang:493:01"", ""codedlang:503:02"", ""codedlang:532:01""]",[VARIANT] 木有,[IPA] mu˥˩ joʊ˨˩˦,[VARIANT] 木有 [IPA] mu˥˩ joʊ˨˩˦
codedlang:70:01,Crowd-AI-Lab/CodedLang,70,歪果仁,歪果仁,歪果仁,wai1 guo3 ren2,wai˥ kuɔ˨˩˦ ɻən˧˥,generated_mandarin_tonal,外国人,wai4 guo2 ren2,wai˥˩ kuɔ˧˥ ɻən˧˥,非词汇同音词,train,5,"[""codedlang:98:02"", ""codedlang:192:01"", ""codedlang:237:01"", ""codedlang:262:01""]",[VARIANT] 歪果仁,[IPA] wai˥ kuɔ˨˩˦ ɻən˧˥,[VARIANT] 歪果仁 [IPA] wai˥ kuɔ˨˩˦ ɻən˧˥
codedlang:72:01,Crowd-AI-Lab/CodedLang,72,开森,开森,开森,kai1 sen1,kʰai˥ sən˥,generated_mandarin_tonal,开心,kai1 xin1,kʰai˥ ɕin˥,非词汇同音词,train,4,"[""codedlang:221:01"", ""codedlang:307:01"", ""codedlang:473:01""]",[VARIANT] 开森,[IPA] kʰai˥ sən˥,[VARIANT] 开森 [IPA] kʰai˥ sən˥
codedlang:75:01,Crowd-AI-Lab/CodedLang,75,知本家,知本家,知本家,zhi1 ben3 jia1,ʈʂɻ̩˥ pən˨˩˦ tɕia˥,generated_mandarin_tonal,资本家,zi1 ben3 jia1,tsɹ̩˥ pən˨˩˦ tɕia˥,非词汇同音词,train,1,[],[VARIANT] 知本家,[IPA] ʈʂɻ̩˥ pən˨˩˦ tɕia˥,[VARIANT] 知本家 [IPA] ʈʂɻ̩˥ pən˨˩˦ tɕia˥
codedlang:77:01,Crowd-AI-Lab/CodedLang,77,敲击,敲击,敲击,qiao1 ji1,tɕʰiɑʊ˥ tɕi˥,generated_mandarin_tonal,超级,chao1 ji2,ʈʂʰɑʊ˥ tɕi˧˥,歧义同音词,train,2,["codedlang:81:01"],[VARIANT] 敲击,[IPA] tɕʰiɑʊ˥ tɕi˥,[VARIANT] 敲击 [IPA] tɕʰiɑʊ˥ tɕi˥
codedlang:79:01,Crowd-AI-Lab/CodedLang,79,男票,男票,男票,nan2 piao4,nan˧˥ pʰiɑʊ˥˩,generated_mandarin_tonal,男朋友,nan2 peng2 you3,nan˧˥ pʰɤŋ˧˥ joʊ˨˩˦,非词汇同音词,train,12,"[""codedlang:119:01"", ""codedlang:142:01"", ""codedlang:159:01"", ""codedlang:162:01"", ""codedlang:238:01"", ""codedlang:268:01"", ""codedlang:310:01"", ""codedlang:335:01"", ""codedlang:342:01"", ""codedlang:453:01"", ""codedlang:466:01""]",[VARIANT] 男票,[IPA] nan˧˥ pʰiɑʊ˥˩,[VARIANT] 男票 [IPA] nan˧˥ pʰiɑʊ˥˩
codedlang:90:01,Crowd-AI-Lab/CodedLang,90,卧槽,卧槽,卧槽,wo4 cao2,wɔ˥˩ tsʰɑʊ˧˥,generated_mandarin_tonal,我操,wo3 cao1,wɔ˨˩˦ tsʰɑʊ˥,非词汇同音词,train,15,"[""codedlang:100:01"", ""codedlang:137:01"", ""codedlang:275:01"", ""codedlang:305:02"", ""codedlang:309:01"", ""codedlang:314:01"", ""codedlang:340:01"", ""codedlang:404:01"", ""codedlang:427:01"", ""codedlang:446:01"", ""codedlang:449:01"", ""codedlang:481:01"", ""codedlang:502:01"", ""codedlang:512:01""]",[VARIANT] 卧槽,[IPA] wɔ˥˩ tsʰɑʊ˧˥,[VARIANT] 卧槽 [IPA] wɔ˥˩ tsʰɑʊ˧˥
codedlang:99:01,Crowd-AI-Lab/CodedLang,99,稀饭,稀饭,稀饭,xi1 fan4,ɕi˥ fan˥˩,generated_mandarin_tonal,喜欢,xi3 huan1,ɕi˨˩˦ xuan˥,歧义同音词,train,2,["codedlang:381:01"],[VARIANT] 稀饭,[IPA] ɕi˥ fan˥˩,[VARIANT] 稀饭 [IPA] ɕi˥ fan˥˩
codedlang:124:01,Crowd-AI-Lab/CodedLang,124,笔芯,笔芯,笔芯,bi3 xin1,pi˨˩˦ ɕin˥,generated_mandarin_tonal,比心,bi3 xin1,pi˨˩˦ ɕin˥,歧义同音词,train,2,["codedlang:456:01"],[VARIANT] 笔芯,[IPA] pi˨˩˦ ɕin˥,[VARIANT] 笔芯 [IPA] pi˨˩˦ ɕin˥
codedlang:126:01,Crowd-AI-Lab/CodedLang,126,神马,神马,神马,shen2 ma3,ʂən˧˥ ma˨˩˦,generated_mandarin_tonal,什么,shen2 me,ʂən˧˥ mɤ,歧义同音词,train,4,"[""codedlang:163:01"", ""codedlang:347:01"", ""codedlang:462:01""]",[VARIANT] 神马,[IPA] ʂən˧˥ ma˨˩˦,[VARIANT] 神马 [IPA] ʂən˧˥ ma˨˩˦
codedlang:129:01,Crowd-AI-Lab/CodedLang,129,草泥马,草泥马,草泥马,cao3 ni2 ma3,tsʰɑʊ˨˩˦ ni˧˥ ma˨˩˦,generated_mandarin_tonal,操你妈,cao1 ni3 ma1,tsʰɑʊ˥ ni˨˩˦ ma˥,歧义同音词,train,15,"[""codedlang:157:01"", ""codedlang:168:01"", ""codedlang:198:01"", ""codedlang:240:01"", ""codedlang:245:01"", ""codedlang:352:01"", ""codedlang:384:01"", ""codedlang:385:01"", ""codedlang:394:01"", ""codedlang:429:01"", ""codedlang:431:01"", ""codedlang:432:01"", ""codedlang:440:01"", ""codedlang:467:01""]",[VARIANT] 草泥马,[IPA] tsʰɑʊ˨˩˦ ni˧˥ ma˨˩˦,[VARIANT] 草泥马 [IPA] tsʰɑʊ˨˩˦ ni˧˥ ma˨˩˦
codedlang:129:02,Crowd-AI-Lab/CodedLang,129,煞笔,煞笔,煞笔,sha1 bi3,ʂa˥ pi˨˩˦,generated_mandarin_tonal,傻逼,sha3 bi1,ʂa˨˩˦ pi˥,非词汇同音词,train,1,[],[VARIANT] 煞笔,[IPA] ʂa˥ pi˨˩˦,[VARIANT] 煞笔 [IPA] ʂa˥ pi˨˩˦
codedlang:132:01,Crowd-AI-Lab/CodedLang,132,赶脚,赶脚,赶脚,gan3 jiao3,kan˨˩˦ tɕiɑʊ˨˩˦,generated_mandarin_tonal,感觉,gan3 jue2,kan˨˩˦ tɕyɛ˧˥,非词汇同音词,train,8,"[""codedlang:150:01"", ""codedlang:189:01"", ""codedlang:243:01"", ""codedlang:365:01"", ""codedlang:458:01"", ""codedlang:459:01"", ""codedlang:507:01""]",[VARIANT] 赶脚,[IPA] kan˨˩˦ tɕiɑʊ˨˩˦,[VARIANT] 赶脚 [IPA] kan˨˩˦ tɕiɑʊ˨˩˦
codedlang:164:01,Crowd-AI-Lab/CodedLang,164,辣么,辣么,辣么,la4 me,la˥˩ mɤ,generated_mandarin_tonal,那么,na4 me,na˥˩ mɤ,非词汇同音词,train,2,["codedlang:488:01"],[VARIANT] 辣么,[IPA] la˥˩ mɤ,[VARIANT] 辣么 [IPA] la˥˩ mɤ
codedlang:193:03,Crowd-AI-Lab/CodedLang,193,美见过,美见过,美见过,mei3 jian4 guo4,mei˨˩˦ tɕiɛn˥˩ kuɔ˥˩,generated_mandarin_tonal,没见过,mei2 jian4 guo4,mei˧˥ tɕiɛn˥˩ kuɔ˥˩,非词汇同音词,train,1,[],[VARIANT] 美见过,[IPA] mei˨˩˦ tɕiɛn˥˩ kuɔ˥˩,[VARIANT] 美见过 [IPA] mei˨˩˦ tɕiɛn˥˩ kuɔ˥˩
codedlang:200:01,Crowd-AI-Lab/CodedLang,200,滚粗,滚粗,滚粗,gun3 cu1,kuən˨˩˦ tsʰu˥,generated_mandarin_tonal,滚出,gun3 chu1,kuən˨˩˦ ʈʂʰu˥,非词汇同音词,train,5,"[""codedlang:213:01"", ""codedlang:389:01"", ""codedlang:500:01"", ""codedlang:516:02""]",[VARIANT] 滚粗,[IPA] kuən˨˩˦ tsʰu˥,[VARIANT] 滚粗 [IPA] kuən˨˩˦ tsʰu˥
codedlang:201:01,Crowd-AI-Lab/CodedLang,201,捉急,捉急,捉急,zhuo1 ji2,ʈʂuɔ˥ tɕi˧˥,generated_mandarin_tonal,着急,zhao2 ji2,ʈʂɑʊ˧˥ tɕi˧˥,非词汇同音词,train,1,[],[VARIANT] 捉急,[IPA] ʈʂuɔ˥ tɕi˧˥,[VARIANT] 捉急 [IPA] ʈʂuɔ˥ tɕi˧˥
codedlang:205:04,Crowd-AI-Lab/CodedLang,205,SB,SB,SB,SB,ˌɛsbˈiː,generated_mandarin_tonal,傻逼,sha3 bi1,ʂa˨˩˦ pi˥,语音替代,train,1,[],[VARIANT] SB,[IPA] ˌɛsbˈiː,[VARIANT] SB [IPA] ˌɛsbˈiː
codedlang:205:06,Crowd-AI-Lab/CodedLang,205,我就去年买了块表,我就去年买了块表,我就去年买了块表,wo3 jiu4 qu4 nian2 mai3 le kuai4 biao3,wɔ˨˩˦ tɕiou˥˩ tɕʰy˥˩ niɛn˧˥ mai˨˩˦ lɤ kʰuai˥˩ piɑʊ˨˩˦,generated_mandarin_tonal,我就去你妈了个逼,wo3 jiu4 qu4 ni3 ma1 le ge4 bi1,wɔ˨˩˦ tɕiou˥˩ tɕʰy˥˩ ni˨˩˦ ma˥ lɤ kɤ˥˩ pi˥,歧义同音词,train,1,[],[VARIANT] 我就去年买了块表,[IPA] wɔ˨˩˦ tɕiou˥˩ tɕʰy˥˩ niɛn˧˥ mai˨˩˦ lɤ kʰuai˥˩ piɑʊ˨˩˦,[VARIANT] 我就去年买了块表 [IPA] wɔ˨˩˦ tɕiou˥˩ tɕʰy˥˩ niɛn˧˥ mai˨˩˦ lɤ kʰuai˥˩ piɑʊ˨˩˦
codedlang:230:01,Crowd-AI-Lab/CodedLang,230,五花又,五花又,五花又,wu3 hua1 you4,u˨˩˦ xua˥ joʊ˥˩,generated_mandarin_tonal,五花肉,wu3 hua1 rou4,u˨˩˦ xua˥ ɻoʊ˥˩,非词汇同音词,train,1,[],[VARIANT] 五花又,[IPA] u˨˩˦ xua˥ joʊ˥˩,[VARIANT] 五花又 [IPA] u˨˩˦ xua˥ joʊ˥˩
codedlang:244:01,Crowd-AI-Lab/CodedLang,244,e间,e间,e间,e jian1,ɤ tɕiɛn˥,generated_mandarin_tonal,呢间,ne jian1,nɤ tɕiɛn˥,语音替代,train,2,["codedlang:284:02"],[VARIANT] e间,[IPA] ɤ tɕiɛn˥,[VARIANT] e间 [IPA] ɤ tɕiɛn˥
codedlang:272:02,Crowd-AI-Lab/CodedLang,272,好次,好次,好次,hao3 ci4,xɑʊ˨˩˦ tsʰɹ̩˥˩,generated_mandarin_tonal,好吃,hao3 chi1,xɑʊ˨˩˦ ʈʂʰɻ̩˥,非词汇同音词,train,33,"[""codedlang:273:02"", ""codedlang:551:01"", ""codedlang:554:01"", ""codedlang:603:01"", ""codedlang:620:01"", ""codedlang:624:01"", ""codedlang:657:01"", ""codedlang:658:01"", ""codedlang:676:01"", ""codedlang:686:01"", ""codedlang:707:01"", ""codedlang:723:01"", ""codedlang:724:01"", ""codedlang:726:01"", ""codedlang:736:01"", ""codedlang:738:01"", ""codedlang:752:01"", ""codedlang:770:01"", ""codedlang:771:01"", ""codedlang:789:01"", ""codedlang:799:01"", ""codedlang:800:02"", ""codedlang:801:01"", ""codedlang:803:01"", ""codedlang:815:01"", ""codedlang:828:01"", ""codedlang:837:01"", ""codedlang:844:01"", ""codedlang:847:01"", ""codedlang:848:01"", ""codedlang:853:01"", ""codedlang:862:01""]",[VARIANT] 好次,[IPA] xɑʊ˨˩˦ tsʰɹ̩˥˩,[VARIANT] 好次 [IPA] xɑʊ˨˩˦ tsʰɹ̩˥˩
codedlang:284:01,Crowd-AI-Lab/CodedLang,284,e度,e度,e度,e du4,ɤ tu˥˩,generated_mandarin_tonal,呢度,ne du4,nɤ tu˥˩,语音替代,train,3,"[""codedlang:292:02"", ""codedlang:533:01""]",[VARIANT] e度,[IPA] ɤ tu˥˩,[VARIANT] e度 [IPA] ɤ tu˥˩
codedlang:297:03,Crowd-AI-Lab/CodedLang,297,sb,sb,sb,sb,ˌɛsbˈiː,generated_mandarin_tonal,傻逼,sha3 bi1,ʂa˨˩˦ pi˥,语音替代,train,15,"[""codedlang:574:02"", ""codedlang:580:01"", ""codedlang:598:01"", ""codedlang:608:03"", ""codedlang:614:02"", ""codedlang:687:01"", ""codedlang:693:01"", ""codedlang:695:01"", ""codedlang:778:01"", ""codedlang:779:01"", ""codedlang:791:01"", ""codedlang:792:01"", ""codedlang:834:01"", ""codedlang:835:01""]",[VARIANT] sb,[IPA] ˌɛsbˈiː,[VARIANT] sb [IPA] ˌɛsbˈiː
codedlang:301:01,Crowd-AI-Lab/CodedLang,301,美眉,美眉,美眉,mei3 mei2,mei˨˩˦ mei˧˥,generated_mandarin_tonal,妹妹,mei4 mei4,mei˥˩ mei˥˩,非词汇同音词,train,1,[],[VARIANT] 美眉,[IPA] mei˨˩˦ mei˧˥,[VARIANT] 美眉 [IPA] mei˨˩˦ mei˧˥
codedlang:311:01,Crowd-AI-Lab/CodedLang,311,嘟,嘟,嘟,du1,tu˥,generated_mandarin_tonal,都,dou1,toʊ˥,歧义同音词,train,4,"[""codedlang:409:01"", ""codedlang:489:01"", ""codedlang:509:01""]",[VARIANT] 嘟,[IPA] tu˥,[VARIANT] 嘟 [IPA] tu˥
codedlang:328:01,Crowd-AI-Lab/CodedLang,328,内牛满面,内牛满面,内牛满面,nei4 niu2 man3 mian4,nei˥˩ niou˧˥ man˨˩˦ miɛn˥˩,generated_mandarin_tonal,泪流满面,lei4 liu2 man3 mian4,nei˥˩ liou˧˥ man˨˩˦ miɛn˥˩,非词汇同音词,train,1,[],[VARIANT] 内牛满面,[IPA] nei˥˩ niou˧˥ man˨˩˦ miɛn˥˩,[VARIANT] 内牛满面 [IPA] nei˥˩ niou˧˥ man˨˩˦ miɛn˥˩
codedlang:350:01,Crowd-AI-Lab/CodedLang,350,温油,温油,温油,wen1 you2,wən˥ joʊ˧˥,generated_mandarin_tonal,温柔,wen1 rou2,wən˥ ɻoʊ˧˥,非词汇同音词,train,2,["codedlang:351:01"],[VARIANT] 温油,[IPA] wən˥ joʊ˧˥,[VARIANT] 温油 [IPA] wən˥ joʊ˧˥
codedlang:358:01,Crowd-AI-Lab/CodedLang,358,帅锅,帅锅,帅锅,shuai4 guo1,ʂuai˥˩ kuɔ˥,generated_mandarin_tonal,帅哥,shuai4 ge1,ʂuai˥˩ kɤ˥,非词汇同音词,train,1,[],[VARIANT] 帅锅,[IPA] ʂuai˥˩ kuɔ˥,[VARIANT] 帅锅 [IPA] ʂuai˥˩ kuɔ˥
codedlang:368:01,Crowd-AI-Lab/CodedLang,368,集美,集美,集美,ji2 mei3,tɕi˧˥ mei˨˩˦,generated_mandarin_tonal,姐妹,jie3 mei4,tɕiɛ˨˩˦ mei˥˩,非词汇同音词,train,1,[],[VARIANT] 集美,[IPA] tɕi˧˥ mei˨˩˦,[VARIANT] 集美 [IPA] tɕi˧˥ mei˨˩˦
codedlang:375:01,Crowd-AI-Lab/CodedLang,375,阔爱,阔爱,阔爱,kuo4 ai4,kʰuɔ˥˩ ai˥˩,generated_mandarin_tonal,可爱,ke3 ai4,kʰɤ˨˩˦ ai˥˩,非词汇同音词,train,1,[],[VARIANT] 阔爱,[IPA] kʰuɔ˥˩ ai˥˩,[VARIANT] 阔爱 [IPA] kʰuɔ˥˩ ai˥˩
codedlang:376:01,Crowd-AI-Lab/CodedLang,376,曹尼玛,曹尼玛,曹尼玛,cao2 ni2 ma3,tsʰɑʊ˧˥ ni˧˥ ma˨˩˦,generated_mandarin_tonal,操你妈,cao1 ni3 ma1,tsʰɑʊ˥ ni˨˩˦ ma˥,非词汇同音词,train,2,["codedlang:424:01"],[VARIANT] 曹尼玛,[IPA] tsʰɑʊ˧˥ ni˧˥ ma˨˩˦,[VARIANT] 曹尼玛 [IPA] tsʰɑʊ˧˥ ni˧˥ ma˨˩˦
codedlang:379:01,Crowd-AI-Lab/CodedLang,379,8,8,八,ba1,pa˥,generated_mandarin_tonal,不,bu4,pu˥˩,歧义同音词,train,1,[],[VARIANT] 8,[IPA] pa˥,[VARIANT] 8 [IPA] pa˥
codedlang:396:02,Crowd-AI-Lab/CodedLang,396,你牠妈,你牠妈,你牠妈,ni3 ta1 ma1,ni˨˩˦ tʰa˥ ma˥,generated_mandarin_tonal,你他妈,ni3 ta1 ma1,ni˨˩˦ tʰa˥ ma˥,非词汇同音词,train,1,[],[VARIANT] 你牠妈,[IPA] ni˨˩˦ tʰa˥ ma˥,[VARIANT] 你牠妈 [IPA] ni˨˩˦ tʰa˥ ma˥
codedlang:396:03,Crowd-AI-Lab/CodedLang,396,尼玛币,尼玛币,尼玛币,ni2 ma3 bi4,ni˧˥ ma˨˩˦ pi˥˩,generated_mandarin_tonal,你妈逼,ni3 ma1 bi1,ni˨˩˦ ma˥ pi˥,非词汇同音词,train,3,"[""codedlang:433:02"", ""codedlang:483:01""]",[VARIANT] 尼玛币,[IPA] ni˧˥ ma˨˩˦ pi˥˩,[VARIANT] 尼玛币 [IPA] ni˧˥ ma˨˩˦ pi˥˩
codedlang:396:04,Crowd-AI-Lab/CodedLang,396,TMD,TMD,TMD,TMD,tˌiːˌɛmdˈiː,generated_mandarin_tonal,他妈的,ta1 ma1 de,tʰa˥ ma˥ tɤ,语音替代,train,5,"[""codedlang:577:01"", ""codedlang:656:02"", ""codedlang:750:04"", ""codedlang:867:01""]",[VARIANT] TMD,[IPA] tˌiːˌɛmdˈiː,[VARIANT] TMD [IPA] tˌiːˌɛmdˈiː
codedlang:416:02,Crowd-AI-Lab/CodedLang,416,v5,v5,v五,v wu3,y u˨˩˦,generated_mandarin_tonal,威武,wei1 wu3,wei˥ u˨˩˦,语音替代,train,1,[],[VARIANT] v5,[IPA] y u˨˩˦,[VARIANT] v5 [IPA] y u˨˩˦
codedlang:433:01,Crowd-AI-Lab/CodedLang,433,妈个比,妈个比,妈个比,ma1 ge4 bi3,ma˥ kɤ˥˩ pi˨˩˦,generated_mandarin_tonal,妈个逼,ma1 ge4 bi1,ma˥ kɤ˥˩ pi˥,非词汇同音词,train,1,[],[VARIANT] 妈个比,[IPA] ma˥ kɤ˥˩ pi˨˩˦,[VARIANT] 妈个比 [IPA] ma˥ kɤ˥˩ pi˨˩˦
codedlang:472:02,Crowd-AI-Lab/CodedLang,472,nmsl,nmsl,nmsl,nmsl,ˌɛnˌɛmˌɛsˈɛl,generated_mandarin_tonal,你妈死了,ni3 ma1 si3 le,ni˨˩˦ ma˥ sɹ̩˨˩˦ lɤ,语音替代,train,3,"[""codedlang:516:01"", ""codedlang:779:02""]",[VARIANT] nmsl,[IPA] ˌɛnˌɛmˌɛsˈɛl,[VARIANT] nmsl [IPA] ˌɛnˌɛmˌɛsˈɛl
codedlang:474:01,Crowd-AI-Lab/CodedLang,474,ㄋㄡ,ㄋㄡ,ㄋㄡ,ㄋ ㄡ,noʊ̯,official_codedlang,喏,nuo4,nuɔ˥˩,语音替代,train,3,"[""codedlang:477:01"", ""codedlang:531:01""]",[VARIANT] ㄋㄡ,[IPA] noʊ̯,[VARIANT] ㄋㄡ [IPA] noʊ̯
codedlang:483:02,Crowd-AI-Lab/CodedLang,483,Cnmm,Cnmm,Cnmm,Cnmm,sˌiːˌɛnˌɛmˈɛm,generated_mandarin_tonal,操你妈妈,cao1 ni3 ma1 ma1,tsʰɑʊ˥ ni˨˩˦ ma˥ ma˥,语音替代,train,1,[],[VARIANT] Cnmm,[IPA] sˌiːˌɛnˌɛmˈɛm,[VARIANT] Cnmm [IPA] sˌiːˌɛnˌɛmˈɛm
codedlang:485:01,Crowd-AI-Lab/CodedLang,485,冲鸭,冲鸭,冲鸭,chong1 ya1,ʈʂʰʊŋ˥ ja˥,generated_mandarin_tonal,冲呀,chong1 ya,ʈʂʰʊŋ˥ ja,非词汇同音词,train,1,[],[VARIANT] 冲鸭,[IPA] ʈʂʰʊŋ˥ ja˥,[VARIANT] 冲鸭 [IPA] ʈʂʰʊŋ˥ ja˥
codedlang:498:01,Crowd-AI-Lab/CodedLang,498,兄弟萌,兄弟萌,兄弟萌,xiong1 di4 meng2,ɕiʊŋ˥ ti˥˩ mɤŋ˧˥,generated_mandarin_tonal,兄弟们,xiong1 di4 men,ɕiʊŋ˥ ti˥˩ mən,非词汇同音词,train,1,[],[VARIANT] 兄弟萌,[IPA] ɕiʊŋ˥ ti˥˩ mɤŋ˧˥,[VARIANT] 兄弟萌 [IPA] ɕiʊŋ˥ ti˥˩ mɤŋ˧˥
codedlang:516:03,Crowd-AI-Lab/CodedLang,516,sbdx,sbdx,sbdx,sbdx,ˌɛsbˌiːdˌiːˈɛks,generated_mandarin_tonal,傻逼东西,sha3 bi1 dong1 xi1,ʂa˨˩˦ pi˥ tʊŋ˥ ɕi˥,语音替代,train,1,[],[VARIANT] sbdx,[IPA] ˌɛsbˌiːdˌiːˈɛks,[VARIANT] sbdx [IPA] ˌɛsbˌiːdˌiːˈɛks
codedlang:518:02,Crowd-AI-Lab/CodedLang,518,敲,敲,敲,qiao1,tɕʰiɑʊ˥,generated_mandarin_tonal,超,chao1,ʈʂʰɑʊ˥,歧义同音词,train,10,"[""codedlang:540:01"", ""codedlang:543:01"", ""codedlang:629:01"", ""codedlang:705:01"", ""codedlang:706:01"", ""codedlang:775:01"", ""codedlang:788:01"", ""codedlang:800:01"", ""codedlang:836:01""]",[VARIANT] 敲,[IPA] tɕʰiɑʊ˥,[VARIANT] 敲 [IPA] tɕʰiɑʊ˥
codedlang:522:02,Crowd-AI-Lab/CodedLang,522,滴,滴,滴,di1,ti˥,generated_mandarin_tonal,的,de,tɤ,歧义同音词,train,102,"[""codedlang:544:01"", ""codedlang:546:01"", ""codedlang:552:01"", ""codedlang:557:01"", ""codedlang:558:01"", ""codedlang:559:01"", ""codedlang:563:01"", ""codedlang:566:01"", ""codedlang:568:01"", ""codedlang:569:01"", ""codedlang:570:01"", ""codedlang:571:01"", ""codedlang:572:01"", ""codedlang:573:01"", ""codedlang:586:01"", ""codedlang:587:01"", ""codedlang:589:01"", ""codedlang:590:01"", ""codedlang:592:01"", ""codedlang:593:01"", ""codedlang:597:01"", ""codedlang:599:01"", ""codedlang:600:01"", ""codedlang:604:01"", ""codedlang:607:01"", ""codedlang:610:01"", ""codedlang:613:01"", ""codedlang:622:01"", ""codedlang:625:01"", ""codedlang:635:01"", ""codedlang:637:01"", ""codedlang:638:01"", ""codedlang:641:01"", ""codedlang:643:01"", ""codedlang:644:01"", ""codedlang:647:01"", ""codedlang:648:01"", ""codedlang:649:01"", ""codedlang:651:01"", ""codedlang:654:01"", ""codedlang:659:01"", ""codedlang:662:01"", ""codedlang:663:01"", ""codedlang:666:01"", ""codedlang:669:01"", ""codedlang:671:01"", ""codedlang:674:03"", ""codedlang:677:01"", ""codedlang:678:01"", ""codedlang:682:01"", ""codedlang:683:01"", ""codedlang:684:01"", ""codedlang:688:01"", ""codedlang:691:01"", ""codedlang:692:01"", ""codedlang:699:01"", ""codedlang:701:01"", ""codedlang:702:01"", ""codedlang:704:01"", ""codedlang:710:01"", ""codedlang:714:01"", ""codedlang:725:01"", ""codedlang:730:01"", ""codedlang:733:01"", ""codedlang:734:01"", ""codedlang:742:01"", ""codedlang:744:01"", ""codedlang:745:02"", ""codedlang:751:01"", ""codedlang:753:01"", ""codedlang:754:01"", ""codedlang:755:01"", ""codedlang:757:01"", ""codedlang:772:01"", ""codedlang:777:01"", ""codedlang:781:01"", ""codedlang:782:01"", ""codedlang:786:01"", ""codedlang:790:01"", ""codedlang:802:01"", ""codedlang:808:01"", ""codedlang:809:01"", ""codedlang:814:01"", ""codedlang:816:01"", ""codedlang:822:01"", ""codedlang:823:01"", ""codedlang:824:01"", ""codedlang:826:01"", ""codedlang:827:01"", ""codedlang:832:01"", ""codedlang:833:01"", ""codedlang:838:01"", ""codedlang:840:01"", ""codedlang:845:01"", ""codedlang:846:01"", ""codedlang:854:01"", ""codedlang:859:02"", ""codedlang:860:02"", ""codedlang:863:01"", ""codedlang:864:01"", ""codedlang:876:02""]",[VARIANT] 滴,[IPA] ti˥,[VARIANT] 滴 [IPA] ti˥
codedlang:606:03,Crowd-AI-Lab/CodedLang,606,反suan水,反suan水,反suan水,fan3 suan shui3,fan˨˩˦ suan ʂuei˨˩˦,generated_mandarin_tonal,反酸水,fan3 suan1 shui3,fan˨˩˦ suan˥ ʂuei˨˩˦,语音替代,train,1,[],[VARIANT] 反suan水,[IPA] fan˨˩˦ suan ʂuei˨˩˦,[VARIANT] 反suan水 [IPA] fan˨˩˦ suan ʂuei˨˩˦
codedlang:608:01,Crowd-AI-Lab/CodedLang,608,gan,gan,gan,gan,kan,generated_mandarin_tonal,干,gan4,kan˥˩,语音替代,train,1,[],[VARIANT] gan,[IPA] kan,[VARIANT] gan [IPA] kan
codedlang:608:02,Crowd-AI-Lab/CodedLang,608,小标子曼,小标子曼,小标子曼,xiao3 biao1 zi man4,ɕiɑʊ˨˩˦ piɑʊ˥ tsɹ̩ man˥˩,generated_mandarin_tonal,小婊子们,xiao3 biao3 zi men,ɕiɑʊ˨˩˦ piɑʊ˨˩˦ tsɹ̩ mən,非词汇同音词,train,1,[],[VARIANT] 小标子曼,[IPA] ɕiɑʊ˨˩˦ piɑʊ˥ tsɹ̩ man˥˩,[VARIANT] 小标子曼 [IPA] ɕiɑʊ˨˩˦ piɑʊ˥ tsɹ̩ man˥˩
codedlang:618:01,Crowd-AI-Lab/CodedLang,618,mmp,mmp,mmp,mmp,ˌɛmˌɛmpˈiː,generated_mandarin_tonal,妈卖批,ma1 mai4 pi1,ma˥ mai˥˩ pʰi˥,语音替代,train,4,"[""codedlang:636:01"", ""codedlang:642:01"", ""codedlang:804:01""]",[VARIANT] mmp,[IPA] ˌɛmˌɛmpˈiː,[VARIANT] mmp [IPA] ˌɛmˌɛmpˈiː
codedlang:622:02,Crowd-AI-Lab/CodedLang,622,偶們,偶們,偶們,ou3 men,oʊ˨˩˦ mən,generated_mandarin_tonal,我們,wo3 men,wɔ˨˩˦ mən,非词汇同音词,train,7,"[""codedlang:641:02"", ""codedlang:827:02"", ""codedlang:832:03"", ""codedlang:833:02"", ""codedlang:845:02"", ""codedlang:876:01""]",[VARIANT] 偶們,[IPA] oʊ˨˩˦ mən,[VARIANT] 偶們 [IPA] oʊ˨˩˦ mən
codedlang:622:03,Crowd-AI-Lab/CodedLang,622,挖,挖,挖,wa1,wa˥,generated_mandarin_tonal,哇,wa,wa,歧义同音词,train,1,[],[VARIANT] 挖,[IPA] wa˥,[VARIANT] 挖 [IPA] wa˥
codedlang:645:01,Crowd-AI-Lab/CodedLang,645,wrnmmp,wrnmmp,wrnmmp,wrnmmp,dˌʌbəljˌuːˌɑːɹˈɛnˌɛmˌɛmpˈiː,generated_mandarin_tonal,我日你妈卖批,wo3 ri4 ni3 ma1 mai4 pi1,wɔ˨˩˦ ɻɻ̩˥˩ ni˨˩˦ ma˥ mai˥˩ pʰi˥,语音替代,train,1,[],[VARIANT] wrnmmp,[IPA] dˌʌbəljˌuːˌɑːɹˈɛnˌɛmˌɛmpˈiː,[VARIANT] wrnmmp [IPA] dˌʌbəljˌuːˌɑːɹˈɛnˌɛmˌɛmpˈiː
codedlang:668:01,Crowd-AI-Lab/CodedLang,668,shi wang,shi wang,shi wang,shi wang,ʂɻ̩ wɑŋ,generated_mandarin_tonal,失望,shi1 wang4,ʂɻ̩˥ wɑŋ˥˩,语音替代,train,1,[],[VARIANT] shi wang,[IPA] ʂɻ̩ wɑŋ,[VARIANT] shi wang [IPA] ʂɻ̩ wɑŋ
codedlang:672:01,Crowd-AI-Lab/CodedLang,672,mmlgb,mmlgb,mmlgb,mmlgb,ˌɛmˌɛmˈɛldʒˌiːbˈiː,generated_mandarin_tonal,妈妈了个逼,ma1 ma1 le ge4 bi1,ma˥ ma˥ lɤ kɤ˥˩ pi˥,语音替代,train,1,[],[VARIANT] mmlgb,[IPA] ˌɛmˌɛmˈɛldʒˌiːbˈiː,[VARIANT] mmlgb [IPA] ˌɛmˌɛmˈɛldʒˌiːbˈiː
codedlang:674:01,Crowd-AI-Lab/CodedLang,674,TM,TM,TM,TM,tˌiːˈɛm,generated_mandarin_tonal,他妈,ta1 ma1,tʰa˥ ma˥,语音替代,train,2,["codedlang:894:01"],[VARIANT] TM,[IPA] tˌiːˈɛm,[VARIANT] TM [IPA] tˌiːˈɛm
codedlang:674:02,Crowd-AI-Lab/CodedLang,674,MLGB,MLGB,MLGB,MLGB,ˌɛmˌɛldʒˌiːbˈiː,generated_mandarin_tonal,妈了个逼,ma1 le ge4 bi1,ma˥ lɤ kɤ˥˩ pi˥,语音替代,train,1,[],[VARIANT] MLGB,[IPA] ˌɛmˌɛldʒˌiːbˈiː,[VARIANT] MLGB [IPA] ˌɛmˌɛldʒˌiːbˈiː
codedlang:690:01,Crowd-AI-Lab/CodedLang,690,睹場,睹場,睹場,du3 chang3,tu˨˩˦ ʈʂʰɑŋ˨˩˦,generated_mandarin_tonal,賭場,du3 chang3,tu˨˩˦ ʈʂʰɑŋ˨˩˦,非词汇同音词,train,1,[],[VARIANT] 睹場,[IPA] tu˨˩˦ ʈʂʰɑŋ˨˩˦,[VARIANT] 睹場 [IPA] tu˨˩˦ ʈʂʰɑŋ˨˩˦
codedlang:729:01,Crowd-AI-Lab/CodedLang,729,diao,diao,diao,diao,tiɑʊ,generated_mandarin_tonal,屌,diao3,tiɑʊ˨˩˦,语音替代,train,1,[],[VARIANT] diao,[IPA] tiɑʊ,[VARIANT] diao [IPA] tiɑʊ
codedlang:729:03,Crowd-AI-Lab/CodedLang,729,cao,cao,cao,cao,tsʰɑʊ,generated_mandarin_tonal,操,cao1,tsʰɑʊ˥,语音替代,train,1,[],[VARIANT] cao,[IPA] tsʰɑʊ,[VARIANT] cao [IPA] tsʰɑʊ
codedlang:746:01,Crowd-AI-Lab/CodedLang,746,吃shi,吃shi,吃shi,chi1 shi,ʈʂʰɻ̩˥ ʂɻ̩,generated_mandarin_tonal,吃屎,chi1 shi3,ʈʂʰɻ̩˥ ʂɻ̩˨˩˦,语音替代,train,1,[],[VARIANT] 吃shi,[IPA] ʈʂʰɻ̩˥ ʂɻ̩,[VARIANT] 吃shi [IPA] ʈʂʰɻ̩˥ ʂɻ̩
codedlang:749:01,Crowd-AI-Lab/CodedLang,749,幸胡,幸胡,幸胡,xing4 hu2,ɕiŋ˥˩ xu˧˥,generated_mandarin_tonal,幸福,xing4 fu2,ɕiŋ˥˩ fu˧˥,非词汇同音词,train,1,[],[VARIANT] 幸胡,[IPA] ɕiŋ˥˩ xu˧˥,[VARIANT] 幸胡 [IPA] ɕiŋ˥˩ xu˧˥
codedlang:749:02,Crowd-AI-Lab/CodedLang,749,shi了,shi了,shi了,shi le,ʂɻ̩ lɤ,generated_mandarin_tonal,死了,si3 le,sɹ̩˨˩˦ lɤ,语音替代,train,1,[],[VARIANT] shi了,[IPA] ʂɻ̩ lɤ,[VARIANT] shi了 [IPA] ʂɻ̩ lɤ
codedlang:773:01,Crowd-AI-Lab/CodedLang,773,积极,积极,积极,ji1 ji2,tɕi˥ tɕi˧˥,generated_mandarin_tonal,自己,zi4 ji3,tsɹ̩˥˩ tɕi˨˩˦,歧义同音词,train,1,[],[VARIANT] 积极,[IPA] tɕi˥ tɕi˧˥,[VARIANT] 积极 [IPA] tɕi˥ tɕi˧˥
codedlang:773:02,Crowd-AI-Lab/CodedLang,773,极贼,极贼,极贼,ji2 zei2,tɕi˧˥ tsei˧˥,generated_mandarin_tonal,鸡贼,ji1 zei2,tɕi˥ tsei˧˥,非词汇同音词,train,1,[],[VARIANT] 极贼,[IPA] tɕi˧˥ tsei˧˥,[VARIANT] 极贼 [IPA] tɕi˧˥ tsei˧˥
codedlang:779:03,Crowd-AI-Lab/CodedLang,779,mdzz,mdzz,mdzz,mdzz,ˌɛmdˌiːzˌɛdzˈɛd,generated_mandarin_tonal,妈的智障,ma1 de zhi4 zhang4,ma˥ tɤ ʈʂɻ̩˥˩ ʈʂɑŋ˥˩,语音替代,train,1,[],[VARIANT] mdzz,[IPA] ˌɛmdˌiːzˌɛdzˈɛd,[VARIANT] mdzz [IPA] ˌɛmdˌiːzˌɛdzˈɛd
codedlang:792:02,Crowd-AI-Lab/CodedLang,792,cao你吗,cao你吗,cao你吗,cao ni3 ma,tsʰɑʊ ni˨˩˦ ma,generated_mandarin_tonal,操你妈,cao1 ni3 ma1,tsʰɑʊ˥ ni˨˩˦ ma˥,语音替代,train,1,[],[VARIANT] cao你吗,[IPA] tsʰɑʊ ni˨˩˦ ma,[VARIANT] cao你吗 [IPA] tsʰɑʊ ni˨˩˦ ma
codedlang:799:02,Crowd-AI-Lab/CodedLang,799,辣,辣,辣,la4,la˥˩,generated_mandarin_tonal,啦,la,la,歧义同音词,train,1,[],[VARIANT] 辣,[IPA] la˥˩,[VARIANT] 辣 [IPA] la˥˩
codedlang:805:01,Crowd-AI-Lab/CodedLang,805,cnm,cnm,cnm,cnm,sˌiːˌɛnˈɛm,generated_mandarin_tonal,操你妈,cao1 ni3 ma1,tsʰɑʊ˥ ni˨˩˦ ma˥,语音替代,train,2,["codedlang:806:01"],[VARIANT] cnm,[IPA] sˌiːˌɛnˈɛm,[VARIANT] cnm [IPA] sˌiːˌɛnˈɛm
codedlang:865:01,Crowd-AI-Lab/CodedLang,865,马勒戈壁,马勒戈壁,马勒戈壁,ma3 le4 ge1 bi4,ma˨˩˦ lɤ˥˩ kɤ˥ pi˥˩,generated_mandarin_tonal,妈了个逼,ma1 le ge4 bi1,ma˥ lɤ kɤ˥˩ pi˥,歧义同音词,train,1,[],[VARIANT] 马勒戈壁,[IPA] ma˨˩˦ lɤ˥˩ kɤ˥ pi˥˩,[VARIANT] 马勒戈壁 [IPA] ma˨˩˦ lɤ˥˩ kɤ˥ pi˥˩
codedlang:870:01,Crowd-AI-Lab/CodedLang,870,www,www,www,www,dˌʌbəljˌuːdˌʌbəljˌuːdˈʌbəljˌuː,generated_mandarin_tonal,哈哈哈,ha1 ha1 ha1,xa˥ xa˥ xa˥,跨语言语音编码,train,1,[],[VARIANT] www,[IPA] dˌʌbəljˌuːdˌʌbəljˌuːdˈʌbəljˌuː,[VARIANT] www [IPA] dˌʌbəljˌuːdˌʌbəljˌuːdˈʌbəljˌuː
codedlang:872:01,Crowd-AI-Lab/CodedLang,872,含裹魚,含裹魚,含裹魚,han2 guo3 yu2,xan˧˥ kuɔ˨˩˦ y˧˥,generated_mandarin_tonal,韩国瑜,han2 guo2 yu2,xan˧˥ kuɔ˧˥ y˧˥,非词汇同音词,train,1,[],[VARIANT] 含裹魚,[IPA] xan˧˥ kuɔ˨˩˦ y˧˥,[VARIANT] 含裹魚 [IPA] xan˧˥ kuɔ˨˩˦ y˧˥
codedlang:873:01,Crowd-AI-Lab/CodedLang,873,一p,一p,一p,yi1 p,i˥ pˈiː,generated_mandarin_tonal,一批,yi1 pi1,i˥ pʰi˥,语音替代,train,1,[],[VARIANT] 一p,[IPA] i˥ pˈiː,[VARIANT] 一p [IPA] i˥ pˈiː
codedlang:875:02,Crowd-AI-Lab/CodedLang,875,药,药,药,yao4,jɑʊ˥˩,generated_mandarin_tonal,要,yao4,jɑʊ˥˩,歧义同音词,train,1,[],[VARIANT] 药,[IPA] jɑʊ˥˩,[VARIANT] 药 [IPA] jɑʊ˥˩
codedlang:877:01,Crowd-AI-Lab/CodedLang,877,特码,特码,特码,te4 ma3,tʰɤ˥˩ ma˨˩˦,generated_mandarin_tonal,他妈,ta1 ma1,tʰa˥ ma˥,非词汇同音词,train,1,[],[VARIANT] 特码,[IPA] tʰɤ˥˩ ma˨˩˦,[VARIANT] 特码 [IPA] tʰɤ˥˩ ma˨˩˦
codedlang:878:03,Crowd-AI-Lab/CodedLang,878,吴xiu波,吴xiu波,吴xiu波,wu2 xiu bo1,u˧˥ ɕiou puɔ˥,generated_mandarin_tonal,吴秀波,wu2 xiu4 bo1,u˧˥ ɕiou˥˩ puɔ˥,语音替代,train,1,[],[VARIANT] 吴xiu波,[IPA] u˧˥ ɕiou puɔ˥,[VARIANT] 吴xiu波 [IPA] u˧˥ ɕiou puɔ˥
codedlang:879:01,Crowd-AI-Lab/CodedLang,879,咖灰,咖灰,咖灰,ka1 hui1,kʰa˥ xuei˥,generated_mandarin_tonal,咖啡,ka1 fei1,kʰa˥ fei˥,非词汇同音词,train,1,[],[VARIANT] 咖灰,[IPA] kʰa˥ xuei˥,[VARIANT] 咖灰 [IPA] kʰa˥ xuei˥
codedlang:879:02,Crowd-AI-Lab/CodedLang,879,94,94,九四,jiu3 si4,tɕiou˨˩˦ sɹ̩˥˩,generated_mandarin_tonal,就是,jiu4 shi4,tɕiou˥˩ ʂɻ̩˥˩,歧义同音词,train,1,[],[VARIANT] 94,[IPA] tɕiou˨˩˦ sɹ̩˥˩,[VARIANT] 94 [IPA] tɕiou˨˩˦ sɹ̩˥˩
codedlang:882:01,Crowd-AI-Lab/CodedLang,882,湘当,湘当,湘当,xiang1 dang1,ɕiɑŋ˥ tɑŋ˥,generated_mandarin_tonal,相当,xiang1 dang1,ɕiɑŋ˥ tɑŋ˥,非词汇同音词,train,1,[],[VARIANT] 湘当,[IPA] ɕiɑŋ˥ tɑŋ˥,[VARIANT] 湘当 [IPA] ɕiɑŋ˥ tɑŋ˥
codedlang:886:01,Crowd-AI-Lab/CodedLang,886,捞B,捞B,捞B,lao1 B,lɑʊ˥ bˈiː,generated_mandarin_tonal,捞逼,lao1 bi1,lɑʊ˥ pi˥,语音替代,train,1,[],[VARIANT] 捞B,[IPA] lɑʊ˥ bˈiː,[VARIANT] 捞B [IPA] lɑʊ˥ bˈiː
codedlang:895:01,Crowd-AI-Lab/CodedLang,895,我擦,我擦,我擦,wo3 ca1,wɔ˨˩˦ tsʰa˥,generated_mandarin_tonal,我操,wo3 cao1,wɔ˨˩˦ tsʰɑʊ˥,非词汇同音词,train,2,["codedlang:898:01"],[VARIANT] 我擦,[IPA] wɔ˨˩˦ tsʰa˥,[VARIANT] 我擦 [IPA] wɔ˨˩˦ tsʰa˥
codedlang:896:01,Crowd-AI-Lab/CodedLang,896,抠jio,抠jio,抠jio,kou1 jio,kʰoʊ˥ tɕiɔ,generated_mandarin_tonal,抠脚,kou1 jiao3,kʰoʊ˥ tɕiɑʊ˨˩˦,语音替代,train,1,[],[VARIANT] 抠jio,[IPA] kʰoʊ˥ tɕiɔ,[VARIANT] 抠jio [IPA] kʰoʊ˥ tɕiɔ
codedlang:899:01,Crowd-AI-Lab/CodedLang,899,呆丸狼,呆丸狼,呆丸狼,dai1 wan2 lang2,tai˥ wan˧˥ lɑŋ˧˥,generated_mandarin_tonal,台湾人,tai2 wan1 ren2,tʰai˧˥ wan˥ ɻən˧˥,非词汇同音词,train,1,[],[VARIANT] 呆丸狼,[IPA] tai˥ wan˧˥ lɑŋ˧˥,[VARIANT] 呆丸狼 [IPA] tai˥ wan˧˥ lɑŋ˧˥
