序号,id,原始变种文本,还原答案,CoreHit命中,variant_mapping,语音映射片段含字母,语义片段映射,完整上下文映射,macro_category,category,reasoning,语义片段映射含英文字母,字母片段一声调映射,语义片段映射（字母归一化）
1,biz_symbol_000013#1,JB_20cm,鸡巴_20cm,是,JB -> 鸡巴,是,JB -> 鸡巴,JB_20cm -> 鸡巴_20cm,其他,缩写,变体“JB”是拼音首字母缩写，发音与“鸡巴”无关且不相似，属于缩写。,是,JB -> ji bo,ji bo -> 鸡巴
2,biz_symbol_000025#1,王者荣耀策划4000+,王者荣耀策划死全家,是,4000+ -> 死全家,否,王者荣耀策划4000+ -> 王者荣耀策划死全家,王者荣耀策划4000+ -> 王者荣耀策划死全家,拟音,语音符号替代,利用数字'4000'的读音'si4 qian1'和'+'的读音'jia1'，合起来近似'死全家'的发音，属于语音符号替代。,否,,王者荣耀策划4000+ -> 王者荣耀策划死全家
3,biz_symbol_000057#1,tt超薄0.01,套套超薄0.01,否,tt -> 套套,是,tt -> 套套,tt超薄0.01 -> 套套超薄0.01,其他,缩写,使用拼音首字母缩写“tt”代替“套套”，发音无关，属于缩写类。,是,tt -> te te,te te -> 套套
4,biz_symbol_000075#1,没跌媚娘看腻木呢？🤓,没爹没娘看你妈呢？🤓,否,没跌 -> 没爹；媚娘->没娘；腻木 -> 你妈,否,没跌媚娘 -> 没爹没娘；看腻木呢 -> 看你妈呢,没跌媚娘看腻木呢？🤓 -> 没爹没娘看你妈呢？🤓,拟音,非词汇同音词,变体“跌媚”和“腻木”通过音近方式编码“爹没”和“你妈”，表面组合无实际意义，符合非词汇同音词定义。,否,,没跌媚娘 -> 没爹没娘；看腻木呢 -> 看你妈呢
5,biz_symbol_000069#1,小姐姐十出十进干.,小姐姐时出时进干.,否,十 -> 时,否,十出十进 -> 时出时进,小姐姐十出十进干. -> 小姐姐时出时进干.,拟音,歧义同音词,“十”与“时”同音，替换后“十出十进”表面为有效短语，但实际表达“时出时进”，属于同音词造成的歧义。,否,,十出十进 -> 时出时进
6,biz_symbol_000024#1,祝APEX手把玩家3年之内1+4完,祝APEX手把玩家3年之内一家死完,否,1+4 -> 一家死,否,1+4完 -> 一家死完,祝APEX手把玩家3年之内1+4完 -> 祝APEX手把玩家3年之内一家死完,拟音,语音符号替代,变体“1+4”通过数字“1”和“4”及符号“+”的发音“一加四”来近似“一家死”，属于语音符号替代。,否,,1+4完 -> 一家死完
7,biz_symbol_000010#1,来世做个小公举，只吃几把不吃苦,来世做个小公主，只吃鸡巴不吃苦,是,小公举 -> 小公主；几把 -> 鸡巴,否,小公举 -> 小公主；几把 -> 鸡巴,来世做个小公举，只吃几把不吃苦 -> 来世做个小公主，只吃鸡巴不吃苦,拟音,非词汇同音词,“小公举”和“几把”均为非标准词汇，通过同音或近音代替“小公主”和“鸡巴”，属于拟音大类中的非词汇同音词。,否,,小公举 -> 小公主；几把 -> 鸡巴
8,biz_symbol_000137#1,茂名🦆男全国可飞,茂名鸭男全国可飞,是,🦆 -> 鸭,否,🦆男 -> 鸭男,茂名🦆男全国可飞 -> 茂名鸭男全国可飞,其他,表情符号替换,使用鸭子表情符号🦆代替汉字“鸭”，属于表情符号替换。,否,,🦆男 -> 鸭男
9,biz_symbol_000143#1,我是超级🐔巴高玩老大。,我是超级鸡巴睾丸老大。,否,🐔 -> 鸡；高玩 -> 睾丸,否,🐔巴 -> 鸡巴；高玩 -> 睾丸,我是超级🐔巴高玩老大。 -> 我是超级鸡巴睾丸老大。,其他,表情符号替换,变种文本中包含表情符号🐔替换汉字鸡，属于表情符号替换，同时高玩为拟音，但主要变种为表情符号替换，故分类为表情符号替换。,否,,🐔巴 -> 鸡巴；高玩 -> 睾丸
10,biz_rare_char_000065#1,匿孖码撕了,你妈妈死了,否,匿孖码撕 -> 你妈妈死,否,匿孖码撕了 -> 你妈妈死了,匿孖码撕了 -> 你妈妈死了,拟音,非词汇同音词,变体“匿孖码撕”是无意义的字符串，通过读音 ni4 zi1/ma1 ma3 si1 近似“你妈妈死”，符合非词汇同音词定义。,否,,匿孖码撕了 -> 你妈妈死了
11,biz_rare_char_000126#1,鰠逼一个,骚逼一个,否,鰠 -> 骚,否,鰠逼 -> 骚逼,鰠逼一个 -> 骚逼一个,拟音,非词汇同音词,变体'鰠'与'骚'同音，但'鰠'非标准常用字，表面不能构成有效词汇，需通过语音解码为'骚逼'，符合非词汇同音词定义。,否,,鰠逼 -> 骚逼
12,biz_rare_char_000161#1,襙路婷婷臊俾,操路婷婷骚逼,是,襙 -> 操；臊俾 -> 骚逼,否,襙 -> 操；臊俾 -> 骚逼,襙路婷婷臊俾 -> 操路婷婷骚逼,拟音,非词汇同音词,变体“襙”和“臊俾”均为同音或音近替换，但“襙”和“臊俾”等表面形式不能构成有效词汇，需通过语音解码为“操”和“骚逼”，符合非词汇同音词定义。,否,,襙 -> 操；臊俾 -> 骚逼
13,biz_rare_char_000128#1,吸特乐吸嗨,希特勒吸嗨,否,吸 -> 希；乐 -> 勒,否,吸特乐 -> 希特勒,吸特乐吸嗨 -> 希特勒吸嗨,拟音,非词汇同音词,变体“吸特乐”通过同音字替换“希特勒”，但“吸特乐”不是有效词汇，符合非词汇同音词定义。,否,,吸特乐 -> 希特勒
14,biz_0001#1,被那么大的🐔c的样子就快gc了舌尖也耷在嘴唇边,被那么大的鸡巴操的样子就快高潮了舌尖也耷在嘴唇边,是,🐔c -> 鸡巴操；gc -> 高潮,是,🐔c -> 鸡巴操；gc -> 高潮,被那么大的🐔c的样子就快gc了舌尖也耷在嘴唇边 -> 被那么大的鸡巴操的样子就快高潮了舌尖也耷在嘴唇边,其他,缩写,变种主要使用拼音首字母缩写代替汉字，如“gc”代“高潮”，字母“c”代“操”；表情符号“🐔”直接表示“鸡”，但整体变种的核心编码方式为缩写。,是,c -> ci；gc -> ge ci,🐔ci -> 鸡巴操；ge ci -> 高潮
15,biz_symbol_000039#1,学儿食媳汁，不亦乐乎,学而时习之，不亦说乎,否,儿食媳汁 -> 而时习之；乐 -> 说,否,儿食媳汁 -> 而时习之；不亦乐乎 -> 不亦说乎,学儿食媳汁，不亦乐乎 -> 学而时习之，不亦说乎,拟音,非词汇同音词,变种文本通过同音字替换形成，如“儿食媳汁”对应“而时习之”，表面无意义，通过语音解码还原为原句，符合非词汇同音词定义。,否,,儿食媳汁 -> 而时习之；不亦乐乎 -> 不亦说乎
16,biz_rare_char_000073#1,马嘉祺桂头最红润,马嘉祺龟头最红润,是,桂 -> 龟,否,桂头 -> 龟头,马嘉祺桂头最红润 -> 马嘉祺龟头最红润,拟音,非词汇同音词,用“桂(guì)”替代“龟(guī)”，声韵相同仅声调不同，发音相近，且“桂头”并非有效词汇，需通过语音解码理解其含义。,否,,桂头 -> 龟头
17,biz_symbol_000083#1,𝓐𝓡𝓶𝓽𝓼.(举报4000+),𝓐𝓡𝓶𝓽𝓼.(举报死全家),是,4000+ -> 死全家,否,举报4000+ -> 举报死全家,𝓐𝓡𝓶𝓽𝓼.(举报4000+) -> 𝓐𝓡𝓶𝓽𝓼.(举报死全家),拟音,语音符号替代,数字“4000+”的读音与“死全家”相近，通过语音替代实现编码，属于语音符号替代。,否,,举报4000+ -> 举报死全家
18,biz_0007#1,以后可以多多上新一点女a男o或者4i嘛好可爱好萌哦。。。,以后可以多多上新一点女a男o或者第四爱嘛好可爱好萌哦。。。,是,4i -> 第四爱,是,4i -> 第四爱,以后可以多多上新一点女a男o或者4i嘛好可爱好萌哦。。。 -> 以后可以多多上新一点女a男o或者第四爱嘛好可爱好萌哦。。。,拟音,语音符号替代,“4i”利用数字“4”的发音和字母“i”的发音模拟“四爱”，从而替代“第四爱”，符合语音符号替代的定义。,是,i -> yi,4 i -> 第四爱
19,biz_symbol_000140#1,泪水打湿斐济杯，发誓混进男娘堆,泪水打湿飞机杯，发誓混进男娘堆,是,斐济 -> 飞机,否,斐济杯 -> 飞机杯,泪水打湿斐济杯，发誓混进男娘堆 -> 泪水打湿飞机杯，发誓混进男娘堆,拟音,歧义同音词,“斐济”作为国家名，发音与“飞机”相近，利用现有词汇的同音关系进行替换，属于歧义同音词。,否,,斐济杯 -> 飞机杯
20,biz_0008#1,1看见0这么sao也是一个没忍住蛇了，蛇完也不出来,1看见0这么骚也是一个没忍住射了，射完也不出来,是,sao -> 骚；蛇 -> 射,是,这么sao -> 这么骚；蛇了 -> 射了；蛇完 -> 射完,1看见0这么sao也是一个没忍住蛇了，蛇完也不出来 -> 1看见0这么骚也是一个没忍住射了，射完也不出来,拟音,歧义同音词,变种文本中同时使用了拼音“sao”替代“骚”和汉字“蛇”替代“射”，但以具有完整字面意义的汉字同音词“蛇”为主要变体，属于拟音大类中的歧义同音词。,,,这么sao -> 这么骚；蛇了 -> 射了；蛇完 -> 射完
21,biz_symbol_000160#1,ao ba  ma,奥巴马,是,ao ba ma -> 奥巴马,是,ao ba ma -> 奥巴马,ao ba  ma -> 奥巴马,拟音,语音符号替代,使用拼音'ao ba ma'根据发音代替标准汉字'奥巴马'，属于语音符号替代。,,,ao ba ma -> 奥巴马
22,biz_0017#1,攻直接当着他们的面c受，受受不了哭了,攻直接当着他们的面操受，受受不了哭了,否,c -> 操,是,c受 -> 操受,攻直接当着他们的面c受，受受不了哭了 -> 攻直接当着他们的面操受，受受不了哭了,其他,缩写,使用拼音首字母c代替汉字‘操’，属于拼音缩写，发音无关。,是,c -> ci,ci受 -> 操受
23,biz_0025#1,断断续续的说话时和不间断的y叫声，让蓝忘机qing🐟上涌,断断续续的说话时和不间断的淫叫声，让蓝忘机情欲上涌,是,y -> 淫；qing🐟 -> 情欲,是,y叫声 -> 淫叫声；qing🐟上涌 -> 情欲上涌,断断续续的说话时和不间断的y叫声，让蓝忘机qing🐟上涌 -> 断断续续的说话时和不间断的淫叫声，让蓝忘机情欲上涌,其他,表情符号替换,变体中的“🐟”是表情符号，通过鱼（yú）的读音替代“欲”，构成表情符号替换；同时文本中另有拼音首字母“y”替代“淫”，但整体以表情符号替换为主要特征。,是,y -> yi,yi叫声 -> 淫叫声；qing🐟上涌 -> 情欲上涌
24,biz_0014#1,老师老师！我想在vb发 标注小红书上的账号就可以嘛～,老师老师！我想在微博发 标注小红书上的账号就可以嘛～,是,vb -> 微博,是,在vb发 -> 在微博发,老师老师！我想在vb发 标注小红书上的账号就可以嘛～ -> 老师老师！我想在微博发 标注小红书上的账号就可以嘛～,其他,缩写,“vb”是“微博”的拼音首字母缩写，发音与原词无关，属于其他大类中的缩写。,是，v特殊,,在vb发 -> 在微博发
25,biz_0015#1,真被邻居看到了，是几个lsp，说什么把受也给他cc,真被邻居看到了，是几个老色批，说什么把受也给他操操,是,lsp -> 老色批；cc -> 操操,是,lsp -> 老色批；cc -> 操操,真被邻居看到了，是几个lsp，说什么把受也给他cc -> 真被邻居看到了，是几个老色批，说什么把受也给他操操,其他,缩写,lsp是“老色批”的拼音首字母缩写，cc是“操操”的拼音首字母缩写，均与发音无关，属于缩写类别。,是,lsp -> le si po；cc -> ci ci,le si po -> 老色批；ci ci -> 操操
26,biz_0026#1,补药啊我的亲友里就有叫雨落的，更地狱的是我还玩mmo…,不要啊我的亲友里就有叫雨落的，更地狱的是我还玩mmo…,是,补药 -> 不要,否,补药 -> 不要,补药啊我的亲友里就有叫雨落的，更地狱的是我还玩mmo… -> 不要啊我的亲友里就有叫雨落的，更地狱的是我还玩mmo…,拟音,歧义同音词,“补药”是现有词汇，通过同音替换表达“不要”的含义，属于拟音大类中的歧义同音词。,否,,补药 -> 不要
27,biz_0019#1,为啥这种小说都是双🌟的[尬住R],为啥这种小说都是双性的[尬住R],是,🌟 -> 性,否,双🌟的 -> 双性的,为啥这种小说都是双🌟的[尬住R] -> 为啥这种小说都是双性的[尬住R],其他,表情符号替换,使用表情符号🌟（星星）谐音替代“性”，属于表情符号替换。,否,,双🌟的 -> 双性的
28,biz_0005#1,一遍还不停的用脚尖弄右位的🌨️kou,一边还不停地用脚尖弄右位的穴口,否,一遍 -> 一边；的 -> 地；🌨️kou -> 穴口,是,一遍 -> 一边；还不停的 -> 还不停地；🌨️kou -> 穴口,一遍还不停的用脚尖弄右位的🌨️kou -> 一边还不停地用脚尖弄右位的穴口,其他,表情符号替换,变种文本包含多个变体，其中核心变体为表情符号“🌨️”与拼音“kou”组合替代“穴口”，属于表情符号替换，因此归类为其他-表情符号替换。,,,一遍 -> 一边；还不停的 -> 还不停地；🌨️kou -> 穴口
29,biz_0032#1,写的太好了劳斯[完啦R],写的太好了老师[完啦R],是,劳斯 -> 老师,否,劳斯 -> 老师,写的太好了劳斯[完啦R] -> 写的太好了老师[完啦R],拟音,非词汇同音词,变体“劳斯”与“老师”发音相近，且“劳斯”本身不是有效词汇，通过谐音解码为约定俗成的短语，符合非词汇同音词定义。,否,,劳斯 -> 老师
30,biz_0013#1,是是是..是gb吗还是..？（因为看到女a男o来着！,是是是..是女攻男受吗还是..？（因为看到女a男o来着！,是,gb -> 女攻男受,是,gb -> 女攻男受,是是是..是gb吗还是..？（因为看到女a男o来着！ -> 是是是..是女攻男受吗还是..？（因为看到女a男o来着！,其他,缩写,变体“gb”为英文字母缩写，与“女攻男受”在发音上无关，属于缩写类别。,是,gb -> ge bo,ge bo -> 女攻男受
31,biz_0038#1,筱雪里还有一个可以控制的td，在电影最恐怖的时候哥顺势把档位调,小穴里还有一个可以控制的跳蛋，在电影最恐怖的时候哥顺势把档位调,否,筱雪 -> 小穴,否,筱雪 -> 小穴,筱雪里还有一个可以控制的td，在电影最恐怖的时候哥顺势把档位调 -> 小穴里还有一个可以控制的跳蛋，在电影最恐怖的时候哥顺势把档位调,拟音,歧义同音词,“筱雪”与“小穴”发音相近，且“筱雪”本身是有效词汇，通过同音替换表达预期含义，属于歧义同音词。,否,,筱雪 -> 小穴
32,biz_0059#1,我c，九九归一牛逼,我操，九九归一牛逼,是,c -> 操,是,我c -> 我操,我c，九九归一牛逼 -> 我操，九九归一牛逼,其他,缩写,使用拼音首字母'c'代替'操'，发音上并不相近，属于缩写。,是,c -> ci,我ci -> 我操
33,biz_0039#1,茎叶和右位的氵混合着填满了右位的zi宫小腹,精液和右位的水混合着填满了右位的子宫小腹,否,茎叶 -> 精液,否,茎叶 -> 精液,茎叶和右位的氵混合着填满了右位的zi宫小腹 -> 精液和右位的水混合着填满了右位的子宫小腹,拟音,歧义同音词,“茎叶”与“精液”发音完全相同，利用现有词汇形成同音替换，属于歧义同音词。,否,,茎叶 -> 精液
34,biz_0029#1,师尊又好面子忍着不jiao，却已经控制不住的流🥛,师尊又好面子忍着不叫，却已经控制不住的流奶,否,jiao -> 叫,是,不jiao -> 不叫,师尊又好面子忍着不jiao，却已经控制不住的流🥛 -> 师尊又好面子忍着不叫，却已经控制不住的流奶,拟音,语音符号替代,使用拼音“jiao”代替汉字“叫”，属于语音符号替代。,,,不jiao -> 不叫
35,biz_0016#1,说什么把受也给他cc，攻直接当着他们的面c受,说什么把受也给他操操，攻直接当着他们的面操受,否,c -> 操；cc -> 操操,是,cc -> 操操；c受 -> 操受,说什么把受也给他cc，攻直接当着他们的面c受 -> 说什么把受也给他操操，攻直接当着他们的面操受,拟音,语音符号替代,变体'c'和'cc'通过罗马字母发音近似汉字'操'，属于语音符号替代。,是,cc -> ci ci；c -> ci,ci ci -> 操操；ci受 -> 操受
36,biz_0034#1,plq有聊扫的。,评论区有聊骚的。,否,plq -> 评论区,是,plq -> 评论区,plq有聊扫的。 -> 评论区有聊骚的。,其他,缩写,plq是拼音首字母缩写，发音不模拟原词，属于其他大类的缩写。,是,plq -> po le qi,po le qi -> 评论区
37,biz_0056#1,来点sweet talk。厚乳哥会把妹捞回来,来点sweet talk。后入哥会把妹捞回来,否,厚乳 -> 后入,否,厚乳哥 -> 后入哥,来点sweet talk。厚乳哥会把妹捞回来 -> 来点sweet talk。后入哥会把妹捞回来,拟音,歧义同音词,“厚乳”是现有词汇（如厚乳拿铁），其预期含义“后入”因同音词而不同，属于歧义同音词。,否,,厚乳哥 -> 后入哥
38,biz_0033#1,头对头ru头对着🐢头,头对头乳头对着龟头,是,ru -> 乳,是,ru头 -> 乳头,头对头ru头对着🐢头 -> 头对头乳头对着龟头,拟音,语音符号替代,使用拼音“ru”代替汉字“乳”，发音相同，属于语音符号替代。,,,ru头 -> 乳头
39,biz_0023#1,真的很适合阿美😍😭！A前面生无可恋的眼神和后面的腹黑真的也很适合,真的很适合美国😍😭！A前面生无可恋的眼神和后面的腹黑真的也很适合,是,阿美 -> 美国,否,阿美 -> 美国,真的很适合阿美😍😭！A前面生无可恋的眼神和后面的腹黑真的也很适合 -> 真的很适合美国😍😭！A前面生无可恋的眼神和后面的腹黑真的也很适合,拟音,跨语言语音编码（含方言，可称非普通话音近）,“阿美”是“阿美利卡”（America）的音译缩写，通过跨语言语音近似指代“美国”，属于非普通话同音替代。,否,,阿美 -> 美国
40,biz_0063#1,随后贺朝拿来了ftq，嗯，谢俞被金属冰到了,随后贺朝拿来了分腿器，嗯，谢俞被金属冰到了,否,ftq -> 分腿器,是,ftq -> 分腿器,随后贺朝拿来了ftq，嗯，谢俞被金属冰到了 -> 随后贺朝拿来了分腿器，嗯，谢俞被金属冰到了,其他,缩写,ftq是“分腿器”的拼音首字母缩写，属于不依赖发音的视觉符号编码，归为其他大类下的缩写子类。,是,ftq -> fo te qi,fo te qi -> 分腿器
41,biz_0066#1,小心拉下一看太好了！是女a男o！,小心拉下一看太好了！是女Alpha男Omega！,是,a -> Alpha；o -> Omega,是,女a -> 女Alpha；男o -> 男Omega,小心拉下一看太好了！是女a男o！ -> 小心拉下一看太好了！是女Alpha男Omega！,其他,缩写,“a”和“o”分别取自“Alpha”和“Omega”的首字母，属于缩写，发音无关。,是,a -> a；o -> o,女a -> 女Alpha；男o -> 男Omega
42,biz_0057#1,自己看着自己的//dong//开始流氵,自己看着自己的洞开始流水,否,//dong// -> 洞；氵 -> 水,是,自己的//dong// -> 自己的洞；流氵 -> 流水,自己看着自己的//dong//开始流氵 -> 自己看着自己的洞开始流水,拟音,语音符号替代,//dong//为拼音，氵为同音部首，均通过语音相似替代汉字，属于语音符号替代。,,,自己的//dong// -> 自己的洞；流氵 -> 流水
43,biz_0088#1,有没有这种饭的bg文……（雷清水）,有没有这种饭的boygirl文……（雷无性内容）,否,bg -> boygirl；清水 -> 无性内容,是,bg文 -> boygirl文；雷清水 -> 雷无性内容,有没有这种饭的bg文……（雷清水） -> 有没有这种饭的boygirl文……（雷无性内容）,其他,缩写,bg是boygirl的拼音首字母缩写，属于缩写子类；清水替换为无性内容，虽非典型的缩写，但整体变种以缩写为特征，因此归入其他类缩写。,是,,bg文 -> boygirl文；雷清水 -> 雷无性内容
44,biz_0062#1,有个卖qq用品的文，每章都是拿右位来讲解产品的,有个卖情趣用品的文，每章都是拿右位来讲解产品的,是,qq -> 情趣,是,qq用品 -> 情趣用品,有个卖qq用品的文，每章都是拿右位来讲解产品的 -> 有个卖情趣用品的文，每章都是拿右位来讲解产品的,其他,缩写,变体“qq”是“情趣”的拼音首字母缩写，发音无关，属于其他大类的缩写。,是,qq -> qi qi,qi qi用品 -> 情趣用品
45,biz_0037#1,最后逼老婆离婚，pua小爱在结婚书签名。桩桩件件都是令人发指罄竹难书,最后逼老婆离婚，精神操控小爱在结婚书签名。桩桩件件都是令人发指罄竹难书,否,pua -> 精神操控,是,pua小爱 -> 精神操控小爱,最后逼老婆离婚，pua小爱在结婚书签名。桩桩件件都是令人发指罄竹难书 -> 最后逼老婆离婚，精神操控小爱在结婚书签名。桩桩件件都是令人发指罄竹难书,其他,缩写,pua是英文缩写，发音与中文无关，属于其他大类下的缩写，通过缩写编码表达精神操控的含义。,是,,pua小爱 -> 精神操控小爱
46,biz_0082#1,慎！地狱BE向苦命鸳鸳还有抹布，原本在一起的两人因为觉醒成哨向,慎！地狱bad ending向苦命鸳鸳还有轮奸，原本在一起的两人因为觉醒成哨向,否,BE -> bad ending；抹布 -> 轮奸,是,BE向 -> bad ending向；抹布 -> 轮奸,慎！地狱BE向苦命鸳鸳还有抹布，原本在一起的两人因为觉醒成哨向 -> 慎！地狱bad ending向苦命鸳鸳还有轮奸，原本在一起的两人因为觉醒成哨向,其他,缩写,BE为英文缩写，抹布为隐喻替代，均非音近，属于其他大类中的缩写。,是,,BE向 -> bad ending向；抹布 -> 轮奸
47,biz_0092#1,第一张冷战秒了(ky致歉),第一张冷战秒了(不会读空气致歉),否,ky -> 不会读空气,是,ky致歉 -> 不会读空气致歉,第一张冷战秒了(ky致歉) -> 第一张冷战秒了(不会读空气致歉),其他,缩写,ky是日语罗马字缩写，发音不相关，属于其他大类中的缩写。,是,,ky致歉 -> 不会读空气致歉
48,biz_0091#1,作者名：cao哥是最sao的,作者名：操哥是最骚的,是,cao -> 操；sao -> 骚,是,cao哥 -> 操哥；最sao的 -> 最骚的,作者名：cao哥是最sao的 -> 作者名：操哥是最骚的,拟音,语音符号替代,变体使用拼音字母“cao”和“sao”分别替代汉字“操”和“骚”，属于利用字母符号根据发音替代标准汉字，符合语音符号替代的定义。,,,cao哥 -> 操哥；最sao的 -> 最骚的
49,biz_0101#1,妹的脸蛋上也会被🐍满jy,妹的脸蛋上也会被射满精液,是,🐍 -> 射；jy -> 精液,是,被🐍满jy -> 被射满精液,妹的脸蛋上也会被🐍满jy -> 妹的脸蛋上也会被射满精液,其他,表情符号替换,文本中使用了表情符号“🐍”替代“射”，同时使用了拼音缩写“jy”替代“精液”，但主要变种策略为表情符号替换，因此归类为表情符号替换。,是,jy -> ji yi,被🐍满ji yi -> 被射满精液
50,biz_0123#1,下一秒就因为快//gan的堆积而变得乱糟糟湿漉漉,下一秒就因为快感的堆积而变得乱糟糟湿漉漉,是,//gan -> 感,是,快//gan -> 快感,下一秒就因为快//gan的堆积而变得乱糟糟湿漉漉 -> 下一秒就因为快感的堆积而变得乱糟糟湿漉漉,拟音,语音符号替代,变体“//gan”使用拼音“gan”代替汉字“感”，属于拟音中的语音符号替代。,,,快//gan -> 快感
51,biz_0089#1,让爬过去也爬了，让摇pg也摇了,让爬过去也爬了，让摇屁股也摇了,是,pg -> 屁股,是,摇pg -> 摇屁股,让爬过去也爬了，让摇pg也摇了 -> 让爬过去也爬了，让摇屁股也摇了,其他,缩写,pg 是“屁股”的拼音首字母缩写，发音上不直接模拟“屁股”，属于其他大类中的缩写。,是,pg -> po ge,摇po ge -> 摇屁股
52,biz_0125#1,女童一般不接受bl但也不排除有可能,女同一般不接受bl但也不排除有可能,否,童 -> 同,否,女童 -> 女同,女童一般不接受bl但也不排除有可能 -> 女同一般不接受bl但也不排除有可能,拟音,歧义同音词,“女童”是有效的词汇，字面为女童，同音替换为“女同”表示女同性恋，属于歧义同音词。,否,,女童 -> 女同
53,biz_0122#1,他回办公室之后，1就跟过来了，看到0zw，就开始大法特法,他回办公室之后，1就跟过来了，看到受自慰，就开始大fuck特fuck,否,0zw -> 受自慰；法 -> fuck,是,看到0zw -> 看到受自慰；大法特法 -> 大fuck特fuck,他回办公室之后，1就跟过来了，看到0zw，就开始大法特法 -> 他回办公室之后，1就跟过来了，看到受自慰，就开始大fuck特fuck,其他,缩写,变种'0zw'使用数字和拼音首字母缩写，发音上与'受自慰'无关，符合其他大类下的缩写定义。,zw是,,看到0zw -> 看到0自慰；大法特法 -> 大fuck特fuck
54,biz_0064#1,妹回家一看沃曹r夹，思前想后还是戴上了,妹回家一看卧槽乳夹，思前想后还是戴上了,否,沃曹r -> 卧槽乳,是,沃曹r夹 -> 卧槽乳夹,妹回家一看沃曹r夹，思前想后还是戴上了 -> 妹回家一看卧槽乳夹，思前想后还是戴上了,其他,缩写,变体中使用拼音首字母“r”代替“乳”，发音无关，符合缩写类定义。,是,r -> ri,沃曹ri夹 -> 卧槽乳夹
55,biz_0138#1,左哎的时候哥要fu着妹的腰才能进去,做爱的时候哥要扶着妹的腰才能进去,是,左哎 -> 做爱；fu -> 扶,是,左哎 -> 做爱；fu -> 扶,左哎的时候哥要fu着妹的腰才能进去 -> 做爱的时候哥要扶着妹的腰才能进去,拟音,非词汇同音词,主要变体“左哎”通过同音替换“做爱”，表面不构成有效词汇，属于非词汇同音词；拼音“fu”属于语音符号替代，但整体以汉字同音为主，故归入非词汇同音词。,,,左哎 -> 做爱；fu -> 扶
56,biz_0087#1,蓝忘机再次栖身ya上来，退出去大半又狠狠庄近去,蓝忘机再次栖身压上来，退出去大半又狠狠撞进去,是,ya -> 压；庄近 -> 撞进,是,ya -> 压；庄近 -> 撞进,蓝忘机再次栖身ya上来，退出去大半又狠狠庄近去 -> 蓝忘机再次栖身压上来，退出去大半又狠狠撞进去,拟音,语音符号替代,包含两个变体：ya 是拼音，直接替代汉字“压”，属于语音符号替代；庄近是谐音汉字，替代“撞进”，属于非词汇同音词。整体归类为拟音，以语音符号替代为主。,,,ya -> 压；庄近 -> 撞进
57,biz_0137#1,先手动来了遍豆子g潮，但因为是第一次,先手动来了遍阴蒂高潮，但因为是第一次,否,豆子g -> 阴蒂高,是,豆子g潮 -> 阴蒂高潮,先手动来了遍豆子g潮，但因为是第一次 -> 先手动来了遍阴蒂高潮，但因为是第一次,其他,缩写,变体中使用拼音首字母“g”代替“高”，发音无关，属于缩写。,是,g -> ge,豆子ge潮 -> 阴蒂高潮
58,biz_0135#1,使用了三天三夜才出来，被灌了一/肚/子jy,使用了三天三夜才出来，被灌了一肚子精液,是,jy -> 精液,是,jy -> 精液,使用了三天三夜才出来，被灌了一/肚/子jy -> 使用了三天三夜才出来，被灌了一肚子精液,其他,缩写,jy是拼音首字母缩写，与精液发音无关，属于缩写类。,是,jy -> ji yi,ji yi -> 精液
59,biz_0159#1,如果还有后续 请tt我 谢谢老师,如果还有后续 请踢踢我 谢谢老师,否,tt -> 踢踢,是,tt我 -> 踢踢我,如果还有后续 请tt我 谢谢老师 -> 如果还有后续 请踢踢我 谢谢老师,其他,缩写,tt是'踢踢'的拼音首字母缩写，发音上无直接关联，属于缩写。,是,tt -> te te,te te我 -> 踢踢我
60,biz_0158#1,原炀迫不及待的cha入🖋里，里面很紧,原炀迫不及待的插入逼里，里面很紧,是,cha -> 插,是,cha入 -> 插入,原炀迫不及待的cha入🖋里，里面很紧 -> 原炀迫不及待的插入逼里，里面很紧,拟音,语音符号替代,拼音“cha”根据发音替代汉字“插”，属于语音符号替代。,,,cha入 -> 插入
61,biz_0144#1,v一看斐还是不信，直接再次开法，顶得斐叫出声来,v一看斐还是不信，直接再次开操，顶得斐叫出声来,否,法 -> 操,否,开法 -> 开fuck,v一看斐还是不信，直接再次开法，顶得斐叫出声来 -> v一看斐还是不信，直接再次开操，顶得斐叫出声来,拟音,跨语言语音编码（含方言，可称非普通话音近）,“法”音译自英文“fuck”，对应中文“操”，属于跨语言语音近似编码。,,,开法 -> 开fuck
62,biz_0143#1,又用力c进两根手指带出了很多氵 左位也被右位骚的不行,又用力插进两根手指带出了很多水 左位也被右位骚的不行,是,c -> 插；氵 -> 水,是,c进 -> 插进；很多氵 -> 很多水,又用力c进两根手指带出了很多氵 左位也被右位骚的不行 -> 又用力插进两根手指带出了很多水 左位也被右位骚的不行,拟音,语音符号替代,变体'c'和'氵'分别通过罗马字母和汉字偏旁的发音近似代替'插'和'水'，属于拟音中的语音符号替代。,是,c -> ci,ci进 -> 插进；很多氵 -> 很多水
63,biz_0136#1,慢慢将*掏出来摸到右的xue隔着内裤顶他,慢慢将*掏出来摸到右的穴隔着内裤顶他,是,xue -> 穴,是,右的xue -> 右的穴,慢慢将*掏出来摸到右的xue隔着内裤顶他 -> 慢慢将*掏出来摸到右的穴隔着内裤顶他,拟音,语音符号替代,“xue”是“穴”的拼音，属于使用拼音符号替代标准汉字，发音相同，故为拟音大类下的语音符号替代。,,,右的xue -> 右的穴
64,biz_0146#1,每一次停车发车都会让跳dan剐蹭到右的g点,每一次停车发车都会让跳蛋剐蹭到右的G点,是,dan -> 蛋；g -> G,是,跳dan -> 跳蛋；g点 -> G点；g点 -> 高潮点,每一次停车发车都会让跳dan剐蹭到右的g点 -> 每一次停车发车都会让跳蛋剐蹭到右的G点,拟音,语音符号替代,使用拼音“dan”和字母“g”分别替代汉字“蛋”和“G”，均属于语音符号替代，发音相同，归类为拟音,,,跳dan -> 跳蛋；g点 -> G点；g点 -> 高潮点
65,biz_0139#1,误打误撞和v成为类似泡友的关系,误打误撞和v成为类似炮友的关系,是,泡 -> 炮,否,泡友 -> 炮友,误打误撞和v成为类似泡友的关系 -> 误打误撞和v成为类似炮友的关系,拟音,歧义同音词,“泡”与“炮”同音，用“泡友”伪装“炮友”，字面可理解为泡茶的朋友，但实际指性伴侣，属于同音歧义替换。,否,,泡友 -> 炮友
66,biz_0134#1,学生学校减zi方法，正常吃饭，不用运动，亲自试过，有需要的嘛,学生学校减肥方法，正常吃饭，不用运动，亲自试过，有需要的嘛；学生学校减脂方法，正常吃饭，不用运动，亲自试过，有需要的嘛,否,zi -> 肥；zi -> 脂,是,减zi -> 减脂,学生学校减zi方法，正常吃饭，不用运动，亲自试过，有需要的嘛 -> 学生学校减肥方法，正常吃饭，不用运动，亲自试过，有需要的嘛；学生学校减脂方法，正常吃饭，不用运动，亲自试过，有需要的嘛,拟音,跨语言语音编码（含方言，可称非普通话音近）,“zi”模拟方言中平舌音“脂”的读音，同时因减肥语境可引申为“肥”，属于借助方言发音完成的多义编码。,是，dan不处理,,减zi -> 减脂
67,biz_0176#1,Po的《sao心荡漾》巨好看,Po的《骚心荡漾》巨好看,是,sao -> 骚,是,sao心荡漾 -> 骚心荡漾,Po的《sao心荡漾》巨好看 -> Po的《骚心荡漾》巨好看,拟音,语音符号替代,“sao”是汉字“骚”的拼音形式，利用拼音发音替代标准汉字，属于语音符号替代。,,,sao心荡漾 -> 骚心荡漾
68,biz_0189#1,被600元欺负得凸起来一块xiao腹也在顶nong自己的小小简茸,被600元欺负得凸起来一块小腹也在顶弄自己的小小简茸,是,xiao -> 小；nong -> 弄,是,xiao腹 -> 小腹；顶nong -> 顶弄,被600元欺负得凸起来一块xiao腹也在顶nong自己的小小简茸 -> 被600元欺负得凸起来一块小腹也在顶弄自己的小小简茸,拟音,语音符号替代,使用拼音“xiao”和“nong”代替汉字“小”和“弄”，根据发音替代标准汉字，属于语音符号替代。,,,xiao腹 -> 小腹；顶nong -> 顶弄
69,biz_0196#1,右如果直接n在压缩毛巾上，但是还没n完压缩毛巾就已经吸满了,右如果直接尿在压缩毛巾上，但是还没尿完压缩毛巾就已经吸满了,是,n -> 尿,是,n在 -> 尿在；n完 -> 尿完,右如果直接n在压缩毛巾上，但是还没n完压缩毛巾就已经吸满了 -> 右如果直接尿在压缩毛巾上，但是还没尿完压缩毛巾就已经吸满了,其他,缩写,n是“尿”的拼音首字母缩写，发音无关，属于其他大类中的缩写。,是,n -> ne；n -> ne,ne在 -> 尿在；ne完 -> 尿完
70,biz_0169#1,我还是偏爱萌熊，有脉冲pao 机也有吸吮，两种功能,我还是偏爱萌熊，有脉冲炮机也有吸吮，两种功能,是,pao  -> 炮,是,pao 机 -> 炮机,我还是偏爱萌熊，有脉冲pao 机也有吸吮，两种功能 -> 我还是偏爱萌熊，有脉冲炮机也有吸吮，两种功能,拟音,语音符号替代,使用拼音“pao”代替汉字“炮”，属于语音符号替代。,,,pao 机 -> 炮机
71,biz_0204#1,@别TM天天破防 你看看吧现在的广告已经进化到,@别他妈天天破防 你看看吧现在的广告已经进化到,是,TM -> 他妈,是,别TM -> 别他妈,@别TM天天破防 你看看吧现在的广告已经进化到 -> @别他妈天天破防 你看看吧现在的广告已经进化到,拟音,语音符号替代,TM是拼音首字母缩写，根据发音代替汉字'他妈'，属于语音符号替代。,,,别TM -> 别他妈
72,biz_0199#1,此男裤子布料貌似挺薄的。bo起的时候应该很明显额。,此男裤子布料貌似挺薄的。勃起的时候应该很明显额。,是,bo -> 勃,是,bo起 -> 勃起,此男裤子布料貌似挺薄的。bo起的时候应该很明显额。 -> 此男裤子布料貌似挺薄的。勃起的时候应该很明显额。,拟音,语音符号替代,使用拼音字母‘bo’代替汉字‘勃’，根据发音相同进行编码，属于语音符号替代。,是,,bo起 -> 勃起
73,biz_0215#1,妹出门前偷偷sai了玩具，哥不知道,妹出门前偷偷塞了玩具，哥不知道,是,sai -> 塞,是,偷偷sai了 -> 偷偷塞了,妹出门前偷偷sai了玩具，哥不知道 -> 妹出门前偷偷塞了玩具，哥不知道,拟音,语音符号替代,使用拼音“sai”代替汉字“塞”，属于语音符号替代。,,,偷偷sai了 -> 偷偷塞了
74,biz_0218#1,好爽，终于开始讨好女性的x需求了,好爽，终于开始讨好女性的性需求了,是,x -> 性,是,x需求 -> 性需求,好爽，终于开始讨好女性的x需求了 -> 好爽，终于开始讨好女性的性需求了,其他,缩写,变体'x'是字母，发音与'性'无关，依据拼音首字母缩写替代，属于其他大类中的缩写子类。,是,x -> xi,xi需求 -> 性需求
75,biz_0205#1,顶一下neinei还会上下晃，哥会一边狠狠地顶,顶一下奶子还会上下晃，哥会一边狠狠地顶,是,neinei -> 奶子,是,neinei -> 奶奶,顶一下neinei还会上下晃，哥会一边狠狠地顶 -> 顶一下奶子还会上下晃，哥会一边狠狠地顶,拟音,语音符号替代,使用拼音neinei代替汉字“奶子”，属于语音符号替代。,,,neinei -> 奶奶
76,biz_0212#1,开始玩她早就fq的小雪，最后喘息越来越急,开始玩她早就发情的小穴，最后喘息越来越急,否,fq -> 发情；雪 -> 穴,是,fq的小雪 -> 发情的小穴,开始玩她早就fq的小雪，最后喘息越来越急 -> 开始玩她早就发情的小穴，最后喘息越来越急,其他,缩写,变种文本中'fq'使用拼音首字母缩写代替'发情'，发音无关，属于其他大类中的缩写；同时'雪'谐音'穴'为拟音，但整体以缩写为核心变体，故归为缩写。,是,fq -> fo qi,fo qi的小雪 -> 发情的小穴
77,biz_0216#1,wc国宴，出了把我屁股踢烂也没关系,卧槽国宴，出了把我屁股踢烂也没关系,是,wc -> 卧槽,是,wc -> 卧槽,wc国宴，出了把我屁股踢烂也没关系 -> 卧槽国宴，出了把我屁股踢烂也没关系,拟音,语音符号替代,变体'wc'是拼音首字母，根据发音代替标准汉字'卧槽'，属于语音符号替代。,是,wc -> wu ci,wu ci -> 卧槽
78,biz_0197#1,然后就可以一边被一边lu，毕竟双就是快乐double,然后就可以一边被一边撸，毕竟双就是快乐double,是,lu -> 撸,是,一边lu -> 一边撸,然后就可以一边被一边lu，毕竟双就是快乐double -> 然后就可以一边被一边撸，毕竟双就是快乐double,拟音,语音符号替代,用拼音'lu'代替汉字'撸'，发音相同，属于拟音中的语音符号替代。,,,一边lu -> 一边撸
79,biz_0217#1,谁说触手只能h的:家妻说要吃章鱼烧,谁说触手只能色情的:家妻说要吃章鱼烧,否,h -> 色情,是,只能h的 -> 只能色情的,谁说触手只能h的:家妻说要吃章鱼烧 -> 谁说触手只能色情的:家妻说要吃章鱼烧,其他,缩写,h是字母符号，并非根据发音替代“色情”，而是借用日语“エッチ”的缩写形式，发音无关，属于缩写。,是,h -> he,只能he的 -> 只能色情的
80,biz_0011#1,109的乃子还要涨！,109的奶子还要涨！,是,乃 -> 奶,否,乃子 -> 奶子,109的乃子还要涨！ -> 109的奶子还要涨！,拟音,非词汇同音词,“乃”与“奶”同音，替换后“乃子”并非有效词汇，需通过语音解码为“奶子”，属非词汇同音词。,否,,乃子 -> 奶子
81,biz_0067#1,老师礼拿剪视频！会标注的！,老师礼貌拿走剪视频！会标注的！,否,礼拿 -> 礼貌拿走,否,礼拿 -> 礼貌拿走,老师礼拿剪视频！会标注的！ -> 老师礼貌拿走剪视频！会标注的！,其他,缩写,该变体通过省略“貌”和“走”将“礼貌拿走”简写为“礼拿”，未使用拟音，发音并不相近，属于其他大类中的缩写。,否,,礼拿 -> 礼貌拿走
82,biz_0006#1,呼吸洒在的🌨️口时还能感觉到她的双腿紧绷起来,呼吸洒在的穴口时还能感觉到她的双腿紧绷起来,是,🌨️ -> 穴,否,🌨️口 -> 穴口,呼吸洒在的🌨️口时还能感觉到她的双腿紧绷起来 -> 呼吸洒在的穴口时还能感觉到她的双腿紧绷起来,其他,表情符号替换,使用表情符号🌨️代替文字‘穴’，传达与字面语义（雪）不同的编码含义，属于表情符号替换。,否,,🌨️口 -> 穴口
83,biz_0157#1,非常美味 巨仍的话doi的时候会一晃一晃的,非常美味 巨乳的话做爱的时候会一晃一晃的,否,仍 -> 乳；doi -> 做爱,是,巨仍 -> 巨乳；doi -> 做爱,非常美味 巨仍的话doi的时候会一晃一晃的 -> 非常美味 巨乳的话做爱的时候会一晃一晃的,其他,缩写,变体“doi”为英文缩写，发音与“做爱”无关，属于缩写；“仍”为“乳”的形近替代，发音亦不近，整体以缩写为主，归为其他-缩写。,是,doi -> de o yi,巨仍 -> 巨乳；de o yi -> 做爱
84,biz_0036#1,好大的扔子……闷死算喜丧,好大的奶子……闷死算喜丧,是,扔子 -> 奶子,否,扔子 -> 奶子,好大的扔子……闷死算喜丧 -> 好大的奶子……闷死算喜丧,字形,跨语言语音编码（含方言，可称非普通话音近）,“扔”与“奶”在某些方言中发音相近，通过方言语音近似编码。,否,,扔子 -> 奶子
85,biz_0220#1,V穿的是皮鞋，鞋尖是石更的,V穿的是皮鞋，鞋尖是硬的,是,石更 -> 硬,否,石更的 -> 硬的,V穿的是皮鞋，鞋尖是石更的 -> V穿的是皮鞋，鞋尖是硬的,其他,缩写,将“硬”拆分为“石”和“更”属于字形拆分，与发音无关，属于其他大类；使用两个汉字部件代替原字，可视为一种特殊的缩写形式。,否,,石更的 -> 硬的
86,biz_0044#1,完了后还被左位抱起来问“宝贝怎么没忍住🐦了”,完了后还被左位抱起来问“宝贝怎么没忍住尿了”,是,🐦 -> 尿,否,🐦了 -> 尿了,完了后还被左位抱起来问“宝贝怎么没忍住🐦了” -> 完了后还被左位抱起来问“宝贝怎么没忍住尿了”,其他,表情符号替换,变体使用表情符号🐦代替文本“尿”，属于表情符号替换，传达编码含义。,否,,🐦了 -> 尿了
87,biz_0021#1,然后哥被妹这样帮着帮着就🍵进去了啊,然后哥被妹这样帮着帮着就插进去了啊,是,🍵 -> 插,否,🍵进去了 -> 插进去了,然后哥被妹这样帮着帮着就🍵进去了啊 -> 然后哥被妹这样帮着帮着就插进去了啊,其他,表情符号替换,使用表情符号🍵代替'插'，利用'茶'与'插'的谐音，属于表情符号替换。,否,,🍵进去了 -> 插进去了
88,biz_0198#1,随着歌曲高潮变化升降频率的wj，右夹着去上台唱歌时,随着歌曲高潮变化升降频率的玩具，右夹着去上台唱歌时,否,wj -> 玩具,是,wj -> 玩具,随着歌曲高潮变化升降频率的wj，右夹着去上台唱歌时 -> 随着歌曲高潮变化升降频率的玩具，右夹着去上台唱歌时,其他,缩写,wj是“玩具”的拼音首字母缩写，发音上无关，属于缩写类。,是,wj -> wu ji,wu ji -> 玩具
89,biz_0048#1,体型差必吃榜应该有抱🌿的一席之地吧,体型差必吃榜应该有抱着操的一席之地吧,否,🌿 -> 着操,否,抱🌿 -> 抱着操,体型差必吃榜应该有抱🌿的一席之地吧 -> 体型差必吃榜应该有抱着操的一席之地吧,其他,表情符号替换,使用🌿（叶子）表情符号替代“着操”，属于表情符号替换。,否,,抱🌿 -> 抱着操
90,biz_0051#1,哥直接两只手指🍵进去,哥直接两只手指插进去,是,🍵 -> 插,否,🍵进去 -> 插进去,哥直接两只手指🍵进去 -> 哥直接两只手指插进去,其他,表情符号替换,使用表情符号“🍵”代替“插”，属于表情符号替换。,否,,🍵进去 -> 插进去
91,biz_0050#1,感觉到右位身体里还有挑🥚震动,感觉到右位身体里还有跳蛋震动,是,挑🥚 -> 跳蛋,否,挑🥚 -> 跳蛋,感觉到右位身体里还有挑🥚震动 -> 感觉到右位身体里还有跳蛋震动,其他,表情符号替换,使用表情符号🥚代替蛋，同时挑谐音跳，整体编码为跳蛋，属于表情符号与谐音结合的表情符号替换。,否,,挑🥚 -> 跳蛋
92,biz_0049#1,于是在🐍🥛的时候颤抖着叫了夫君,于是在射精的时候颤抖着叫了夫君,是,🐍🥛 -> 射精,否,🐍🥛 -> 射精,于是在🐍🥛的时候颤抖着叫了夫君 -> 于是在射精的时候颤抖着叫了夫君,其他,表情符号替换,使用表情符号🐍和🥛代替“射精”，属于表情符号替换，传达与字面不同的编码含义。,否,,🐍🥛 -> 射精
93,biz_0042#1,在这里…然后都🐍进去的话…老婆就只能是我的了对吧,在这里…然后都射进去的话…老婆就只能是我的了对吧,是,🐍 -> 射,否,🐍进去 -> 射进去,在这里…然后都🐍进去的话…老婆就只能是我的了对吧 -> 在这里…然后都射进去的话…老婆就只能是我的了对吧,其他,表情符号替换,使用表情符号🐍替代同音字“射”，属于表情符号替换。,否,,🐍进去 -> 射进去
94,biz_0045#1,但是狗还是兴奋地一边浑身颤抖用力撞击一边🐍满,但是狗还是兴奋地一边浑身颤抖用力撞击一边射满,是,🐍 -> 射,否,🐍满 -> 射满,但是狗还是兴奋地一边浑身颤抖用力撞击一边🐍满 -> 但是狗还是兴奋地一边浑身颤抖用力撞击一边射满,其他,表情符号替换,使用表情符号🐍替代同音字“射”，字面是蛇，实际含义为射，属于表情符号代替文本内容传达非字面语义。,否,,🐍满 -> 射满
95,biz_0022#1,宝贝借梗代家产 发🫘会标出处,宝贝借梗代家产 发抖音会标出处,是,🫘 -> 抖音,否,发🫘 -> 发抖音,宝贝借梗代家产 发🫘会标出处 -> 宝贝借梗代家产 发抖音会标出处,其他,表情符号替换,使用表情符号🫘代替文本“抖音”，属于表情符号替换。,否,,发🫘 -> 发抖音
96,biz_0010#1,109的仍子啊，给我也吃一口,109的奶子啊，给我也吃一口,是,仍 -> 奶,否,仍子 -> 奶子,109的仍子啊，给我也吃一口 -> 109的奶子啊，给我也吃一口,其他,缩写,变体“仍”与“奶”发音不相关，依靠视觉形近替换，根据标准归入其他类缩写。,否,,仍子 -> 奶子
97,biz_0071#1,质检两个手指就满了，但是为了扩大范围只能再加手指,指检两个手指就满了，但是为了扩大范围只能再加手指,否,质 -> 指,否,质检 -> 指检,质检两个手指就满了，但是为了扩大范围只能再加手指 -> 指检两个手指就满了，但是为了扩大范围只能再加手指,拟音,歧义同音词,“质检”与“指检”发音相近，表面为有效词汇，但字面含义与预期含义不同，属于歧义同音词。,否,,质检 -> 指检
98,biz_0074#1,徒弟听爽了，就一直让师尊叫，一直脐橙,徒弟听爽了，就一直让师尊叫，一直骑乘,是,脐橙 -> 骑乘,否,脐橙 -> 骑乘,徒弟听爽了，就一直让师尊叫，一直脐橙 -> 徒弟听爽了，就一直让师尊叫，一直骑乘,拟音,歧义同音词,“脐橙”与“骑乘”同音，且“脐橙”是现有词汇（水果），利用同音替换表达不同含义，属于歧义同音词。,否,,脐橙 -> 骑乘
99,biz_0070#1,很恶俗：左艾的时候拍妹的屁股说妹妹生下来就是哥哥的斐济呗,很恶俗：做爱的时候拍妹的屁股说妹妹生下来就是哥哥的飞机杯,是,左艾 -> 做爱；斐济呗 -> 飞机杯,否,左艾的时候 -> 做爱的时候；斐济呗 -> 飞机杯,很恶俗：左艾的时候拍妹的屁股说妹妹生下来就是哥哥的斐济呗 -> 很恶俗：做爱的时候拍妹的屁股说妹妹生下来就是哥哥的飞机杯,拟音,非词汇同音词,变体通过同音字替换，但表面形式不构成有效的词汇表达，属于非词汇同音词。,否,,左艾的时候 -> 做爱的时候；斐济呗 -> 飞机杯
100,biz_0075#1,腿角的话，只需要两个字：肉腿,腿交的话，只需要两个字：肉腿,否,角 -> 交,否,腿角 -> 腿交,腿角的话，只需要两个字：肉腿 -> 腿交的话，只需要两个字：肉腿,拟音,非词汇同音词,变体“角”与“交”同音异调，构成非词汇组合“腿角”，需通过语音解码为“腿交”，属于非词汇同音词。,否,,腿角 -> 腿交
101,biz_0072#1,叔就这样每天热脸贴妹冷屁谷（字面意思上的）,叔就这样每天热脸贴妹冷屁股（字面意思上的）,是,谷 -> 股,否,冷屁谷 -> 冷屁股,叔就这样每天热脸贴妹冷屁谷（字面意思上的） -> 叔就这样每天热脸贴妹冷屁股（字面意思上的）,拟音,非词汇同音词,变体“谷”与“股”同音，替换后形成的“冷屁谷”不是一个有效的词汇表达，需通过语音解码还原为“冷屁股”。,否,,冷屁谷 -> 冷屁股
102,biz_0052#1,就把他摁在沙发上，狠狠的扇了顾青裴的🖋几巴掌,就把他摁在沙发上，狠狠的扇了顾青裴的逼几巴掌,否,🖋 -> 逼,否,🖋几巴掌 -> 逼几巴掌,就把他摁在沙发上，狠狠的扇了顾青裴的🖋几巴掌 -> 就把他摁在沙发上，狠狠的扇了顾青裴的逼几巴掌,其他,表情符号替换,使用羽毛笔表情符号（🖋）代替同音字“逼”，字面语义为笔，实际编码含义为逼，属于表情符号替换。,否,,🖋几巴掌 -> 逼几巴掌
103,biz_0079#1,哥先把妹的眼睛蒙上然后把水果塞进妹🖊️里,哥先把妹的眼睛蒙上然后把水果塞进妹逼里,是,🖊️ -> 逼,否,妹🖊️ -> 妹逼,哥先把妹的眼睛蒙上然后把水果塞进妹🖊️里 -> 哥先把妹的眼睛蒙上然后把水果塞进妹逼里,其他,表情符号替换,🖊️是表情符号（笔），利用与“逼”发音相近取代汉字，属于表情符号替换。,否,,妹🖊️ -> 妹逼
104,biz_0121#1,看得我好苏胡啊…,看得我好舒服啊…,是,苏胡 -> 舒服,否,好苏胡 -> 好舒服,看得我好苏胡啊… -> 看得我好舒服啊…,拟音,非词汇同音词,变体'苏胡'在发音上与'舒服'相似，但不是标准的词汇表达，通过语音近似解码为约定俗成的短语。,否,,好苏胡 -> 好舒服
105,biz_0113#1,新人主包自荐一下！可以提提意见吗宝,新人主播自荐一下！可以提提意见吗宝,是,包 -> 播,否,主包 -> 主播,新人主包自荐一下！可以提提意见吗宝 -> 新人主播自荐一下！可以提提意见吗宝,拟音,非词汇同音词,利用“包”与“播”的音近，将“主播”写成“主包”，形成非词汇同音词。,否,,主包 -> 主播
106,biz_0112#1,就连呆毛都是小苹果叶…萌鼠了啊啊啊,就连呆毛都是小苹果叶…萌死了啊啊啊,是,鼠 -> 死,否,萌鼠了 -> 萌死了,就连呆毛都是小苹果叶…萌鼠了啊啊啊 -> 就连呆毛都是小苹果叶…萌死了啊啊啊,拟音,非词汇同音词,“鼠”与“死”发音部分相似，在网络语境中用于谐音替换，且“萌鼠”不是有效词汇，需通过语音解码为“萌死”。,否,,萌鼠了 -> 萌死了
107,biz_0102#1,同桌看到这个头像的感觉是什么，她说:“啥必吧，看起来像装货”[笑哭],同桌看到这个头像的感觉是什么，她说:“傻逼吧，看起来像装货”[笑哭],是,啥必 -> 傻逼,否,啥必 -> 傻逼,同桌看到这个头像的感觉是什么，她说:“啥必吧，看起来像装货”[笑哭] -> 同桌看到这个头像的感觉是什么，她说:“傻逼吧，看起来像装货”[笑哭],拟音,歧义同音词,变体'啥必'与'傻逼'发音相近，通过同音词替换实现，且'啥必'字面可理解为'什么一定'，但实际表达'傻逼'，符合歧义同音词定义。,否,,啥必 -> 傻逼
108,biz_0105#1,他以为毒发了他要鼠掉了，所以才说了这些像诀别一样的话,他以为毒发了他要死掉了，所以才说了这些像诀别一样的话,是,鼠 -> 死,否,鼠掉 -> 死掉,他以为毒发了他要鼠掉了，所以才说了这些像诀别一样的话 -> 他以为毒发了他要死掉了，所以才说了这些像诀别一样的话,拟音,跨语言语音编码（含方言，可称非普通话音近）,“鼠”在某些方言中与“死”发音相近，属于非普通话的跨语言语音编码。,否,,鼠掉 -> 死掉
109,biz_0077#1,右位沉闷老实是某战队的助理，职责是帮助战队队员泄🐟,右位沉闷老实是某战队的助理，职责是帮助战队队员泄欲,是,🐟 -> 欲,否,泄🐟 -> 泄欲,右位沉闷老实是某战队的助理，职责是帮助战队队员泄🐟 -> 右位沉闷老实是某战队的助理，职责是帮助战队队员泄欲,其他,表情符号替换,使用鱼的表情符号 (🐟) 代替汉字“欲”，属于表情符号替换，传达与字面意义不同的编码含义。,否,,泄🐟 -> 泄欲
110,biz_0117#1,说真的，我还真想拍一下哥辟谷,说真的，我还真想拍一下哥屁股,是,辟谷 -> 屁股,否,拍一下哥辟谷 -> 拍一下哥屁股,说真的，我还真想拍一下哥辟谷 -> 说真的，我还真想拍一下哥屁股,拟音,歧义同音词,“辟谷”为现有词汇，与“屁股”发音相近，通过同音词替换实现变体，符合歧义同音词定义。,否,,拍一下哥辟谷 -> 拍一下哥屁股
111,biz_0081#1,长大被叔拍鼙鼓夸乖孩子,长大被叔拍屁股夸乖孩子,是,鼙鼓 -> 屁股,否,拍鼙鼓 -> 拍屁股,长大被叔拍鼙鼓夸乖孩子 -> 长大被叔拍屁股夸乖孩子,拟音,歧义同音词,变体“鼙鼓”本为古代军鼓，与“屁股”发音相近，属于利用既有词汇构成谐音替换，符合歧义同音词定义。,否,,拍鼙鼓 -> 拍屁股
112,biz_0108#1,一个游戏想活得久的时候，就会开始魅女请加大力度,一个游戏想活得久的时候，就会开始媚女请加大力度,是,魅 -> 媚,否,魅女 -> 媚女,一个游戏想活得久的时候，就会开始魅女请加大力度 -> 一个游戏想活得久的时候，就会开始媚女请加大力度,拟音,非词汇同音词,“魅”与“媚”同音，替换后“魅女”并非有效词汇，但通过语音解码为约定俗成的短语“媚女”，符合非词汇同音词定义。,否,,魅女 -> 媚女
113,biz_0080#1,让下面的人都看看你现在有多🧹 多想让人上,让下面的人都看看你现在有多骚 多想让人上,是,🧹 -> 骚,否,有多🧹 -> 有多骚,让下面的人都看看你现在有多🧹 多想让人上 -> 让下面的人都看看你现在有多骚 多想让人上,其他,表情符号替换,使用扫帚表情符号🧹代替“骚”字，通过视觉符号编码，字面语义与预期含义不同，且发音无关，符合表情符号替换定义。,否,,有多🧹 -> 有多骚
114,biz_0114#1,窝趣老师球球这个颜文字，好萌啊！,我去老师求求这个颜文字，好萌啊！,否,窝趣 -> 我去；球球 -> 求求,否,窝趣 -> 我去；球球 -> 求求,窝趣老师球球这个颜文字，好萌啊！ -> 我去老师求求这个颜文字，好萌啊！,拟音,非词汇同音词,文本中“窝趣”不是有效词汇，需通过语音解码为“我去”，属于非词汇同音词；“球球”虽是有效词汇，但通过同音替换为“求求”，属于歧义同音词。整体以非词汇同音词为主要特征，故分类为此。,否,,窝趣 -> 我去；球球 -> 求求
115,biz_0107#1,又现在已经双的要飞天了，但一直释放不了憋的翻白眼,又现在已经爽的要飞天了，但一直释放不了憋的翻白眼,是,双 -> 爽,否,双的要飞天了 -> 爽的要飞天了,又现在已经双的要飞天了，但一直释放不了憋的翻白眼 -> 又现在已经爽的要飞天了，但一直释放不了憋的翻白眼,拟音,歧义同音词,“双”与“爽”发音相近，且“双”本身是有效词汇，但这里用作同音替换，字面意思与预期含义不同，属于歧义同音词。,否,,双的要飞天了 -> 爽的要飞天了
116,biz_0093#1,守🐣砂,守宫砂,否,🐣 -> 宫,否,守🐣砂 -> 守宫砂,守🐣砂 -> 守宫砂,其他,表情符号替换,用表情符号🐣替换了汉字“宫”，属于表情符号替换。,否,,守🐣砂 -> 守宫砂
117,biz_0111#1,舍不得呀，我要狠狠抱住亲鼠这个小昼,舍不得呀，我要狠狠抱住亲死这个小昼,是,鼠 -> 死,否,亲鼠 -> 亲死,舍不得呀，我要狠狠抱住亲鼠这个小昼 -> 舍不得呀，我要狠狠抱住亲死这个小昼,拟音,非词汇同音词,用近似发音的“鼠”（shu）代替“死”（si），构成非标准表达“亲鼠”，需语音解码为“亲死”。,否,,亲鼠 -> 亲死
118,biz_0118#1,老师，您快点，孩子要饿鼠了,老师，您快点，孩子要饿死了,是,鼠 -> 死,否,饿鼠了 -> 饿死了,老师，您快点，孩子要饿鼠了 -> 老师，您快点，孩子要饿死了,拟音,跨语言语音编码（含方言，可称非普通话音近）,“鼠”与“死”在普通话中发音不完全相同，但通过方言或网络谐音方式近似，属于跨语言语音编码。,否,,饿鼠了 -> 饿死了
119,biz_0116#1,还有大扔子，妹非常喜欢大扔子,还有大奶子，妹非常喜欢大奶子,是,扔 -> 奶,否,大扔子 -> 大奶子,还有大扔子，妹非常喜欢大扔子 -> 还有大奶子，妹非常喜欢大奶子,其他,缩写,“扔”与“奶”发音不近，但通过字形相似（均含“乃”）进行替换，属于视觉符号编码，类似于缩写形式的替代。,否,,大扔子 -> 大奶子
120,biz_0119#1,回答我男人要帅还是扫。。！,回答我男人要帅还是骚。。！,是,扫 -> 骚,否,帅还是扫 -> 帅还是骚,回答我男人要帅还是扫。。！ -> 回答我男人要帅还是骚。。！,拟音,歧义同音词,利用同音字“扫”代替“骚”，两者发音相近且“扫”本身为有效词汇，属于歧义同音词。,否,,帅还是扫 -> 帅还是骚
121,biz_0131#1,然后左把右正对着他🌿了起来,然后左把右正对着他操了起来,是,🌿 -> 操,否,他🌿了起来 -> 他操了起来,然后左把右正对着他🌿了起来 -> 然后左把右正对着他操了起来,其他,表情符号替换,使用🌿表情符号代替'操'，利用谐音'草'，属于表情符号替换。,否,,他🌿了起来 -> 他操了起来
122,biz_0141#1,还有脚角,还有脚交,是,角 -> 交,否,脚角 -> 脚交,还有脚角 -> 还有脚交,拟音,非词汇同音词,“角”与“交”音近，整体“脚角”非有效词汇，通过语音解码为约定俗成的短语“脚交”。,否,,脚角 -> 脚交
123,biz_0133#1,羊咩咩的小狗这么烧吗,羊咩咩的小狗这么骚吗,是,烧 -> 骚,否,这么烧 -> 这么骚,羊咩咩的小狗这么烧吗 -> 羊咩咩的小狗这么骚吗,拟音,歧义同音词,“烧(shao1)”与“骚(sao1)”发音相近，且“烧”本身为有效词汇，通过同音/近音替代形成歧义，符合歧义同音词定义。,否,,这么烧 -> 这么骚
124,biz_0109#1,这个无敌绝了，⭐⭐，从第一章就开始被惩罚,这个无敌绝了，双性，从第一章就开始被惩罚,否,⭐⭐ -> 双性,否,⭐⭐ -> 双性,这个无敌绝了，⭐⭐，从第一章就开始被惩罚 -> 这个无敌绝了，双性，从第一章就开始被惩罚,其他,表情符号替换,使用星星符号（⭐⭐）替代“双性”，符号本身字面含义与编码含义不同，属于表情符号替换。,否,,⭐⭐ -> 双性
125,biz_0103#1,黑白动漫男头不纯纯网络男神吗，这种爆猪率最高了，声音是极品青年音,黑白动漫男头不纯纯网络男神吗，这种爆照率最高了，声音是极品青年音,是,猪 -> 照,否,爆猪率 -> 爆照率,黑白动漫男头不纯纯网络男神吗，这种爆猪率最高了，声音是极品青年音 -> 黑白动漫男头不纯纯网络男神吗，这种爆照率最高了，声音是极品青年音,其他,缩写,变体'猪'与'照'发音不相似，属于其他；通过拼音首字母Z联想，可视为一种缩写。,否,,爆猪率 -> 爆照率
126,biz_0178#1,右位中宇 经常在家里紫薇,右位中宇 经常在家里自慰,是,紫薇 -> 自慰,否,紫薇 -> 自慰,右位中宇 经常在家里紫薇 -> 右位中宇 经常在家里自慰,拟音,歧义同音词,“紫薇”是现有词汇，通过近音替代表示“自慰”，属于歧义同音词。,否,,紫薇 -> 自慰
127,biz_0104#1,然后因为这样那样的原因进行了一些这样那样的情节，哥力了,然后因为这样那样的原因进行了一些这样那样的情节，哥立了,否,力 -> 立,否,哥力了 -> 哥立了,然后因为这样那样的原因进行了一些这样那样的情节，哥力了 -> 然后因为这样那样的原因进行了一些这样那样的情节，哥立了,拟音,非词汇同音词,“力”与“立”同音（lì），但“哥力了”不是有效词汇，属于拟音中的非词汇同音词。,否,,哥力了 -> 哥立了
128,biz_0170#1,那是宝宝霜到的感觉啊，宝宝平时不是很能说吗,那是宝宝爽到的感觉啊，宝宝平时不是很能说吗,是,霜 -> 爽,否,霜到 -> 爽到,那是宝宝霜到的感觉啊，宝宝平时不是很能说吗 -> 那是宝宝爽到的感觉啊，宝宝平时不是很能说吗,拟音,歧义同音词,“霜”与“爽”发音相近，且“霜”本身是有效词汇，但预期含义为“爽”，属于同音词替换。,否,,霜到 -> 爽到
129,biz_0180#1,哥哥直接荔了,哥哥直接立了,否,荔 -> 立,否,荔了 -> 立了,哥哥直接荔了 -> 哥哥直接立了,拟音,非词汇同音词,“荔”替换“立”为同音字（lì），但“荔”本身不构成有效表达，需通过语音解码为“立了”，属于非词汇同音词。,否,,荔了 -> 立了
130,biz_0130#1,前夫哥你的痣长得太涩。。。。。。。好想亲,前夫哥你的痣长得太色。。。。。。。好想亲,是,涩 -> 色,否,长得太涩 -> 长得太色,前夫哥你的痣长得太涩。。。。。。。好想亲 -> 前夫哥你的痣长得太色。。。。。。。好想亲,拟音,歧义同音词,“涩”与“色”同音（均为sè），利用现有词汇“涩”的字面含义（不润滑）替换预期含义“色”（情色），属于歧义同音词。,否,,长得太涩 -> 长得太色
131,biz_0188#1,刚出道真的就是童颜聚茹,刚出道真的就是童颜巨乳,是,聚茹 -> 巨乳,否,童颜聚茹 -> 童颜巨乳,刚出道真的就是童颜聚茹 -> 刚出道真的就是童颜巨乳,拟音,非词汇同音词,变体“聚茹”与“巨乳”发音相近，但“聚茹”本身不是有效词汇，通过语音解码还原为“巨乳”，属于拟音中的非词汇同音词。,否,,童颜聚茹 -> 童颜巨乳
132,biz_0173#1,被左毫不留情地抽了几巴掌叫右别发扫,被左毫不留情地抽了几巴掌叫右别发骚,是,扫 -> 骚,否,别发扫 -> 别发骚,被左毫不留情地抽了几巴掌叫右别发扫 -> 被左毫不留情地抽了几巴掌叫右别发骚,拟音,非词汇同音词,“扫”与“骚”声韵相同声调不同，构成非词汇表达，通过谐音解码为“别发骚”。,否,,别发扫 -> 别发骚
133,biz_0160#1,还以为你是有心事才去尝试喝9的,还以为你是有心事才去尝试喝酒的,是,9 -> 酒,否,喝9 -> 喝酒,还以为你是有心事才去尝试喝9的 -> 还以为你是有心事才去尝试喝酒的,拟音,语音符号替代,数字“9”利用其发音“jiǔ”替代汉字“酒”，属于语音符号替代。,否,,喝9 -> 喝酒
134,biz_0177#1,右位就被左位弄得直接湿巾了,右位就被左位弄得直接失禁了,是,湿巾 -> 失禁,否,湿巾 -> 失禁,右位就被左位弄得直接湿巾了 -> 右位就被左位弄得直接失禁了,拟音,歧义同音词,湿巾(shī jīn)与失禁(shī jìn)发音相近，且湿巾是现有的词汇短语，但预期含义为失禁，符合歧义同音词定义。,否,,湿巾 -> 失禁
135,biz_0172#1,学生恍然大悟原来是右位会留水的地方呀,学生恍然大悟原来是右位会流水的地方呀,是,留 -> 流,否,留水 -> 流水,学生恍然大悟原来是右位会留水的地方呀 -> 学生恍然大悟原来是右位会流水的地方呀,拟音,歧义同音词,“留”与“流”同音，且“留”本身是有意义的词汇，构成同音词替换，导致字面歧义，属于拟音中的歧义同音词。,否,,留水 -> 流水
136,biz_0174#1,只有我关心你的扔罩到底去哪里了吗,只有我关心你的胸罩到底去哪里了吗,否,扔罩 -> 胸罩,否,扔罩 -> 胸罩,只有我关心你的扔罩到底去哪里了吗 -> 只有我关心你的胸罩到底去哪里了吗,语义,非词汇同音词,“扔罩”通过谐音（扔 reng 与胸 xiong 在方言或口音中可能相近）解码为“胸罩”，属于非词汇同音词替换。,否,,扔罩 -> 胸罩
137,biz_0190#1,豪吃😋,好吃😋,是,豪 -> 好,否,豪吃 -> 好吃,豪吃😋 -> 好吃😋,拟音,非词汇同音词,“豪(hao2)”与“好(hao3)”声韵相同，属于拟音替换，但“豪吃”并不构成有效词汇，故为非词汇同音词。,否,,豪吃 -> 好吃
138,biz_0233#1,钻的头就被迫按在扔里 然后就特别容易shuang,钻的头就被迫按在胸里 然后就特别容易爽,否,扔 -> 胸；shuang -> 爽,是,容易shuang -> 容易爽,钻的头就被迫按在扔里 然后就特别容易shuang -> 钻的头就被迫按在胸里 然后就特别容易爽,拟音,语音符号替代,使用拼音“shuang”替代汉字“爽”，属于语音符号替代，整体归为拟音大类中的语音符号替代。,,,容易shuang -> 容易爽
139,biz_0186#1,之前看到过一篇秦川长🖊️恶俗梗,之前看到过一篇秦川长逼恶俗梗,否,🖊️ -> 逼,否,长🖊️ -> 长逼,之前看到过一篇秦川长🖊️恶俗梗 -> 之前看到过一篇秦川长逼恶俗梗,其他,表情符号替换,使用表情符号🖊️（笔）替代汉字“逼”，利用同音编码，符合表情符号替换定义。,否,,长🖊️ -> 长逼
140,biz_0179#1,揉的右轻轻银角了起来,揉的右轻轻淫叫了起来,否,银角 -> 淫叫,否,银角了起来 -> 淫叫了起来,揉的右轻轻银角了起来 -> 揉的右轻轻淫叫了起来,拟音,歧义同音词,“银角”与“淫叫”发音相近，且“银角”本身为有效词汇，构成同音歧义，属于拟音大类中的歧义同音词。,否,,银角了起来 -> 淫叫了起来
141,biz_0309#1,青梅我喜欢鼠你了,青梅我喜欢死你了,是,鼠 -> 死,否,喜欢鼠你了 -> 喜欢死你了,青梅我喜欢鼠你了 -> 青梅我喜欢死你了,拟音,歧义同音词,变体“鼠”读音与“死”相近，且“鼠”本身是一个有效词汇，利用同音词替换改变字面含义，形成歧义。,否,,喜欢鼠你了 -> 喜欢死你了
142,biz_0232#1,真在治疗的时候被贵族小姐拉去当🏃🏻‍♀️朋友也遇的到,真在治疗的时候被贵族小姐拉去当炮友也遇的到,是,🏃🏻‍♀️ -> 炮,否,🏃🏻‍♀️朋友 -> 炮友,真在治疗的时候被贵族小姐拉去当🏃🏻‍♀️朋友也遇的到 -> 真在治疗的时候被贵族小姐拉去当炮友也遇的到,其他,表情符号替换,使用表情符号🏃🏻‍♀️（跑步）通过谐音替代“炮”字，属于表情符号替换。,否,,🏃🏻‍♀️朋友 -> 炮友
143,biz_0171#1,老师拿着教鞭戳戳说这里是会酥糊的地方,老师拿着教鞭戳戳说这里是会舒服的地方,否,酥糊 -> 舒服,否,酥糊 -> 舒服,老师拿着教鞭戳戳说这里是会酥糊的地方 -> 老师拿着教鞭戳戳说这里是会舒服的地方,拟音,非词汇同音词,“酥糊”与“舒服”发音相近，表面不是有效词汇，通过语音解码为约定俗成的短语，属于非词汇同音词。,否,,酥糊 -> 舒服
144,biz_0185#1,👃也因此抵上音帝，磨得右位哼哼唧唧,鼻子也因此抵上阴蒂，磨得右位哼哼唧唧,否,👃 -> 鼻子,否,👃 -> 鼻子,👃也因此抵上音帝，磨得右位哼哼唧唧 -> 鼻子也因此抵上阴蒂，磨得右位哼哼唧唧,其他,表情符号替换,使用表情符号👃代替文本“鼻子”，属于表情符号替换。,否,,👃 -> 鼻子
145,biz_0260#1,守鸡砂,守宫砂,否,鸡 -> 宫,否,守鸡砂 -> 守宫砂,守鸡砂 -> 守宫砂,其他,缩写,用汉字“鸡”替代“宫”，发音无关，属于视觉符号替代，归入缩写类。,否,,守鸡砂 -> 守宫砂
146,biz_0261#1,守根砂,守宫砂,否,根 -> 宫,否,守根砂 -> 守宫砂,守根砂 -> 守宫砂,拟音,歧义同音词,“根”与“宫”声母相同，韵母近似，构成近音替代；“守根砂”字面可理解为“守住根部的砂”，与原词“守宫砂”含义不同，符合歧义同音词定义。,否,,守根砂 -> 守宫砂
147,biz_0316#1,走遍百合，我是铝铜～,走遍百合，我是女同～,是,铝铜 -> 女同,否,铝铜 -> 女同,走遍百合，我是铝铜～ -> 走遍百合，我是女同～,拟音,歧义同音词,“铝铜”为现有词汇，通过谐音（lǚ tóng 近似 nǚ tóng）编码“女同”，属于歧义同音词。,否,,铝铜 -> 女同
148,biz_0364#1,妹一直处于一种几颗法情的状态，但一直得不到慢租,妹一直处于一种饥渴发情的状态，但一直得不到满足,否,几颗法 -> 饥渴发；慢租 -> 满足,否,几颗法情 -> 饥渴发情；慢租 -> 满足,妹一直处于一种几颗法情的状态，但一直得不到慢租 -> 妹一直处于一种饥渴发情的状态，但一直得不到满足,拟音,非词汇同音词,变体“几颗法”和“慢租”通过近音替换分别对应“饥渴发”和“满足”，表面形式不是有效词汇，需靠语音解码，属于拟音下的非词汇同音词。,否,,几颗法情 -> 饥渴发情；慢租 -> 满足
149,biz_0278#1,喝了点度数不高的9 身上的体香混着淡淡的甜酒味,喝了点度数不高的酒 身上的体香混着淡淡的甜酒味,是,9 -> 酒,否,度数不高的9 -> 度数不高的酒,喝了点度数不高的9 身上的体香混着淡淡的甜酒味 -> 喝了点度数不高的酒 身上的体香混着淡淡的甜酒味,拟音,语音符号替代,数字'9'与汉字'酒'发音相同，使用数字替代汉字，属于拟音中的语音符号替代。,否,,度数不高的9 -> 度数不高的酒
150,biz_0314#1,我也侄女，做梦全是趴在女孩子身上用功,我也直女，做梦全是趴在女孩子身上用功,是,侄 -> 直,否,侄女 -> 直女,我也侄女，做梦全是趴在女孩子身上用功 -> 我也直女，做梦全是趴在女孩子身上用功,拟音,歧义同音词,“侄”与“直”同音，利用现有词汇“侄女”替换“直女”，属于歧义同音词。,否,,侄女 -> 直女
151,biz_0365#1,还会留痕好瑟琴。。。卡卡因为长期翻墙,还会留痕好色情。。。卡卡因为长期翻墙,是,瑟琴 -> 色情,否,好瑟琴 -> 好色情,还会留痕好瑟琴。。。卡卡因为长期翻墙 -> 还会留痕好色情。。。卡卡因为长期翻墙,拟音,非词汇同音词,“瑟琴”不是有效词汇，通过语音近似编码“色情”，属于非词汇同音词。,否,,好瑟琴 -> 好色情
152,biz_0367#1,我的发，我的发，我的发，我的发,waht the fuck，waht the fuck，waht the fuck，waht the fuck,否,我的发 -> waht the fuck,是,我的发 -> waht the fuck,我的发，我的发，我的发，我的发 -> waht the fuck，waht the fuck，waht the fuck，waht the fuck,拟音,跨语言语音编码（含方言，可称非普通话音近）,变体“我的发”通过普通话发音模拟英语短语“waht the fuck”，属于跨语言语音近似编码。,,,我的发 -> waht the fuck
153,biz_0384#1,豪赤豪赤豪赤,好吃好吃好吃,是,豪赤 -> 好吃,否,豪赤 -> 好吃,豪赤豪赤豪赤 -> 好吃好吃好吃,拟音,非词汇同音词,“豪赤”并非有效词汇，而是通过发音近似模拟“好吃”，符合非词汇同音词的定义。,否,,豪赤 -> 好吃
154,biz_0395#1,你俩接下来是不是要淦,你俩接下来是不是要干,是,淦 -> 干,否,淦 -> 干,你俩接下来是不是要淦 -> 你俩接下来是不是要干,拟音,歧义同音词,“淦”与“干”发音相同，且“淦”本身为有效汉字，但被用于替代同音的“干”，属于利用同音词进行歧义替换。,否,,淦 -> 干
155,biz_0153#1,这是你在我腿根留草莓印的迟来宣言？,这是你在我腿根留吻痕的迟来宣言？,否,草莓印 -> 吻痕,否,草莓印 -> 吻痕,这是你在我腿根留草莓印的迟来宣言？ -> 这是你在我腿根留吻痕的迟来宣言？,其他,表情符号替换,“草莓印”通过视觉形象替代“吻痕”，发音无关，属于表情符号替换的类似手法。,否,,草莓印 -> 吻痕
156,biz_0061#1,绳结最后塞进🌸里，妹直接懵了,绳结最后塞进阴部里，妹直接懵了,否,🌸 -> 阴部,否,🌸里 -> 阴部里,绳结最后塞进🌸里，妹直接懵了 -> 绳结最后塞进阴部里，妹直接懵了,其他,表情符号替换,原文使用表情符号🌸（樱花）代替文本“阴部”，属于用表情符号传达与字面语义不同的编码含义，符合表情符号替换定义。,否,,🌸里 -> 阴部里
157,biz_0182#1,从腿根蹿上头皮爽的🙄👅前后都口贲了,从腿根蹿上头皮爽的翻白眼吐舌前后都口喷了,否,🙄👅 -> 翻白眼吐舌,否,爽的🙄👅 -> 爽的翻白眼吐舌,从腿根蹿上头皮爽的🙄👅前后都口贲了 -> 从腿根蹿上头皮爽的翻白眼吐舌前后都口喷了,其他,表情符号替换,使用表情符号🙄和👅替换了文字'翻白眼吐舌'，属于表情符号替换。,否,,爽的🙄👅 -> 爽的翻白眼吐舌
158,biz_0163#1,右位就出个小雪撅着等左位进😘,右位就出个小穴撅着等左位进😘,是,雪 -> 穴,否,小雪 -> 小穴,右位就出个小雪撅着等左位进😘 -> 右位就出个小穴撅着等左位进😘,拟音,歧义同音词,“雪”与“穴”音近，用有效词汇“小雪”替代“小穴”，形成同音歧义。,否,,小雪 -> 小穴
159,biz_0369#1,房叔叔，好酥胡好牛呀,房叔叔，好舒服好牛呀,是,酥胡 -> 舒服,否,酥胡 -> 舒服,房叔叔，好酥胡好牛呀 -> 房叔叔，好舒服好牛呀,拟音,非词汇同音词,“酥胡”表面无意义，通过谐音解码为“舒服”，属于非词汇同音词。,否,,酥胡 -> 舒服
160,biz_0222#1,可能就会在chuang上故意摩挲斐斐的敏感点,可能就会在床上故意摩挲斐斐的敏感点,否,chuang -> 床,是,chuang上 -> 床上,可能就会在chuang上故意摩挲斐斐的敏感点 -> 可能就会在床上故意摩挲斐斐的敏感点,拟音,语音符号替代,变体使用拼音“chuang”替代汉字“床”，属于通过拼音符号根据发音替代标准汉字，符合语音符号替代的定义。,,,chuang上 -> 床上
161,biz_0363#1,左还会觉得很好玩，一直按一直按 这个时候右虾面就会一直流水,左还会觉得很好玩，一直按一直按 这个时候右下面就会一直流水,是,虾 -> 下,否,虾面 -> 下面,左还会觉得很好玩，一直按一直按 这个时候右虾面就会一直流水 -> 左还会觉得很好玩，一直按一直按 这个时候右下面就会一直流水,拟音,歧义同音词,“虾”和“下”发音相近，表面是有效词汇“虾”，实际含义为“下”，构成同音词替换，属于歧义同音词。,否,,虾面 -> 下面
162,biz_0221#1,所以V坏心眼的一边ding一边跟斐说Felix也不想让其他人发现我们两个吧,所以V坏心眼的一边顶一边跟斐说Felix也不想让其他人发现我们两个吧,否,ding -> 顶,是,一边ding -> 一边顶,所以V坏心眼的一边ding一边跟斐说Felix也不想让其他人发现我们两个吧 -> 所以V坏心眼的一边顶一边跟斐说Felix也不想让其他人发现我们两个吧,拟音,语音符号替代,使用拼音'd'替代汉字'顶'，发音相同，属于语音符号替代。,,,一边ding -> 一边顶
163,biz_0224#1,左慢慢Y了 才感觉到什么硌到自己,左慢慢硬了 才感觉到什么硌到自己,否,Y -> 硬,是,Y了 -> 硬了,左慢慢Y了 才感觉到什么硌到自己 -> 左慢慢硬了 才感觉到什么硌到自己,其他,缩写,Y是“硬”的拼音首字母，属于字母缩写，发音无关，符合缩写定义。,是,Y -> yi,yi了 -> 硬了
164,biz_0191#1,老板不是爱玩麻将嘛（借着教斐打麻将的理由想和斐嘿咻嘿咻）,老板不是爱玩麻将嘛（借着教斐打麻将的理由想和斐发生性关系）,否,嘿咻嘿咻 -> 发生性关系,否,嘿咻嘿咻 -> 发生性关系,老板不是爱玩麻将嘛（借着教斐打麻将的理由想和斐嘿咻嘿咻） -> 老板不是爱玩麻将嘛（借着教斐打麻将的理由想和斐发生性关系）,语义,语音符号替代,“嘿咻”是拟声词，模拟性行为声音，通过语音符号替代正式表达，属于拟音大类下的语音符号替代。,否,,嘿咻嘿咻 -> 发生性关系
165,biz_0223#1,手不停揉搓OO 发出嗯嗯啊啊的喘息,手不停揉搓生殖器官 发出嗯嗯啊啊的喘息,否,OO -> 生殖器官,是,OO -> 生殖器官,手不停揉搓OO 发出嗯嗯啊啊的喘息 -> 手不停揉搓生殖器官 发出嗯嗯啊啊的喘息,其他,缩写,使用字母“OO”象形代替“生殖器官”，发音无关，属于缩写类。,是,,OO -> 生殖器官
166,biz_0279#1,就红着脸主动用小福去磨把自己下面磨得水光潋滟直接g了,就红着脸主动用小逼去磨把自己下面磨得水光潋滟直接高潮了,否,福 -> 逼；g -> 高潮,是,小福 -> 小逼；直接g了 -> 直接高潮了,就红着脸主动用小福去磨把自己下面磨得水光潋滟直接g了 -> 就红着脸主动用小逼去磨把自己下面磨得水光潋滟直接高潮了,其他,缩写,变体“g”是“高潮”的拼音首字母缩写，属于其他大类下的缩写；另一变体“福”为形近替换，整体以缩写为典型特征，故归为缩写。,是,g -> ge,小福 -> 小逼；直接ge了 -> 直接高潮了
167,biz_0449#1,怒摔铁腚,怒摔铁锭,否,腚 -> 锭,否,铁腚 -> 铁锭,怒摔铁腚 -> 怒摔铁锭,拟音,歧义同音词,“腚”与“锭”同音，均为ding4声，且“腚”作为现有词汇，表面含义与预期含义不同，属于拟音大类中的歧义同音词。,否,,铁腚 -> 铁锭
168,biz_0318#1,猜猜锁骨上的痣今晚会不会被嘬红,猜猜锁骨上的痣今晚会不会被吸出吻痕,否,嘬红 -> 吸出吻痕,否,被嘬红 -> 被吸出吻痕,猜猜锁骨上的痣今晚会不会被嘬红 -> 猜猜锁骨上的痣今晚会不会被吸出吻痕,其他,缩写,“嘬红”是“吸出吻痕”的简化表达，用两个汉字指代原短语，属于缩写形式。,否,,被嘬红 -> 被吸出吻痕
169,biz_0427#1,这口最美味了，占有欲极强的1反复内设最后敬业和茑全蛇进去,这口最美味了，占有欲极强的1反复内射最后精液和尿全射进去,否,设 -> 射；敬业 -> 精液；茑 -> 尿；蛇 -> 射,否,内设 -> 内射；敬业 -> 精液；和茑全蛇 -> 和尿全射,这口最美味了，占有欲极强的1反复内设最后敬业和茑全蛇进去 -> 这口最美味了，占有欲极强的1反复内射最后精液和尿全射进去,拟音,非词汇同音词,全文均利用汉字同音或近音替换，如“设”音同“射”、“敬业”音近“精液”、“茑”音近“尿”、“蛇”音近“射”，替换后表面形式多为非有效词汇，通过语音解码还原含义，符合非词汇同音词定义。,否,,内设 -> 内射；敬业 -> 精液；和茑全蛇 -> 和尿全射
170,biz_0330#1,放颗痔疮在这里,放个屁股在这里,否,颗痔疮 -> 个屁股,否,放颗痔疮 -> 放个屁股,放颗痔疮在这里 -> 放个屁股在这里,其他,缩写,变体“颗痔疮”与“个屁股”发音无关，且不涉及表情符号，属于通过语义联想产生的替代，此处归入其他类中的缩写子类。,否,,放颗痔疮 -> 放个屁股
171,biz_0262#1,这二人很适合玩主仆paly，vv做爱前会给斐套上项圈并蒙上眼睛,这二人很适合玩主仆play，vv做爱前会给斐套上项圈并蒙上眼睛,是,paly -> play,是,paly -> play,这二人很适合玩主仆paly，vv做爱前会给斐套上项圈并蒙上眼睛 -> 这二人很适合玩主仆play，vv做爱前会给斐套上项圈并蒙上眼睛,其他,缩写,paly是play的字母顺序错误，属于罗马字母的变体，发音无关，归为其他类中的缩写。,是,,paly -> play
172,biz_0225#1,🌸咕啾咕啾冒💧忍不住就想闭拢,菊花咕啾咕啾冒水忍不住就想闭拢,否,🌸 -> 菊花；💧 -> 水,否,🌸 -> 菊花；💧 -> 水,🌸咕啾咕啾冒💧忍不住就想闭拢 -> 菊花咕啾咕啾冒水忍不住就想闭拢,其他,表情符号替换,使用表情符号🌸和💧代替汉字'菊花'和'水'，属于通过视觉符号传递编码含义，发音无关，因此归为表情符号替换。,否,,🌸 -> 菊花；💧 -> 水
173,biz_0453#1,左特别吃醋右和别人亲昵 就在直播的时候在下面偷偷kou右,左特别吃醋右和别人亲昵 就在直播的时候在下面偷偷抠右,否,kou -> 抠,是,偷偷kou右 -> 偷偷抠右,左特别吃醋右和别人亲昵 就在直播的时候在下面偷偷kou右 -> 左特别吃醋右和别人亲昵 就在直播的时候在下面偷偷抠右,拟音,语音符号替代,使用拼音字母“kou”代替汉字“抠”，根据发音替换，属于语音符号替代。,,,偷偷kou右 -> 偷偷抠右
174,biz_0461#1,我嘞个豆。。,我的妈呀,否,嘞个豆。。 -> 的妈呀,否,我嘞个豆 -> 我的妈呀,我嘞个豆。。 -> 我的妈呀,拟音,非词汇同音词,变体“嘞个豆”非有效词汇，通过语音近似“的妈”后整体构成感叹“我的妈呀”，属于拟音类中的非词汇同音词。,否,,我嘞个豆 -> 我的妈呀
175,biz_0456#1,一边摸头一边往上顶恍惚有种固定杯子的错觉,一边摸头一边往上顶恍惚有种固定飞机杯的错觉,否,杯子 -> 飞机杯,否,固定杯子 -> 固定飞机杯,一边摸头一边往上顶恍惚有种固定杯子的错觉 -> 一边摸头一边往上顶恍惚有种固定飞机杯的错觉,其他,缩写,将“飞机杯”简化为“杯子”，省略了“飞机”二字，属于一种缩写形式，发音无关。,否,,固定杯子 -> 固定飞机杯
176,biz_0412#1,右一下子酒劲上来了 不自觉的就走过去 胯坐在左🐦,右一下子酒劲上来了 不自觉的就走过去 胯坐在左阴茎,否,🐦 -> 阴茎,否,🐦 -> 阴茎,右一下子酒劲上来了 不自觉的就走过去 胯坐在左🐦 -> 右一下子酒劲上来了 不自觉的就走过去 胯坐在左阴茎,其他,表情符号替换,使用表情符号🐦替代俚语中的'阴茎'，属于表情符号替换。,否,,🐦 -> 阴茎
177,biz_0371#1,两个人也在把受埋在土里被蜜蜂蛰bi的情节,两个人也在把受埋在土里被蜜蜂蛰逼的情节,是,bi -> 逼,是,蛰bi -> 蛰逼,两个人也在把受埋在土里被蜜蜂蛰bi的情节 -> 两个人也在把受埋在土里被蜜蜂蛰逼的情节,拟音,语音符号替代,使用拼音符号'bi'根据发音代替标准汉字'逼'，属于语音符号替代。,,,蛰bi -> 蛰逼
178,biz_0550#1,我还以为是肘击了一下哥，没想到是拍大腚啊,我还以为是肘击了一下哥，没想到是拍大屁股啊,否,腚 -> 屁股,否,拍大腚 -> 拍大屁股,我还以为是肘击了一下哥，没想到是拍大腚啊 -> 我还以为是肘击了一下哥，没想到是拍大屁股啊,其他,缩写,使用单个汉字'腚'代替双字词'屁股'，属于非标准缩写，发音无关，因此归为其他-缩写。,否,,拍大腚 -> 拍大屁股
179,biz_0455#1,于是带着妹去没人的货架附近趁妹不注意猛嘬一口,于是带着妹去没人的货架附近趁妹不注意猛亲一口,是,嘬 -> 亲,否,猛嘬一口 -> 猛亲一口,于是带着妹去没人的货架附近趁妹不注意猛嘬一口 -> 于是带着妹去没人的货架附近趁妹不注意猛亲一口,其他,缩写,变体“嘬”与“亲”发音无关，使用汉字“嘬”作为替代符号，属于非标准缩写形式。,否,,猛嘬一口 -> 猛亲一口
180,biz_0520#1,然后两个人就吭吭恰恰嗯嗯啊啊了,然后两个人就发生性行为了,否,吭吭恰恰嗯嗯啊啊 -> 发生性行为,否,吭吭恰恰嗯嗯啊啊 -> 发生性行为,然后两个人就吭吭恰恰嗯嗯啊啊了 -> 然后两个人就发生性行为了,语义,非词汇同音词,变体为拟声词，表面无有效词汇含义，通过语音联想解码为“发生性行为”，属于通过语音编码的约定俗成短语。,否,,吭吭恰恰嗯嗯啊啊 -> 发生性行为
181,biz_0447#1,感觉哭起来应该会很烧很好听）,感觉哭起来应该会很骚很好听）,是,烧 -> 骚,否,很烧 -> 很骚,感觉哭起来应该会很烧很好听） -> 感觉哭起来应该会很骚很好听）,拟音,非词汇同音词,变体'烧'与'骚'音近，组合'很烧'非字面常见表达，需通过语音解码为'很骚'，符合非词汇同音词。,否,,很烧 -> 很骚
182,biz_0599#1,因为跑不快被追上来，可以加大力度艹,因为跑不快被追上来，可以加大力度操,是,艹 -> 操,否,加大力度艹 -> 加大力度操,因为跑不快被追上来，可以加大力度艹 -> 因为跑不快被追上来，可以加大力度操,拟音,非词汇同音词,“艹”是部首，不构成有效词汇，但读音与“操”相同，通过语音解码表达约定俗成的含义，符合非词汇同音词定义。,否,,加大力度艹 -> 加大力度操
183,biz_0446#1,此男体力很差，脐橙的时候动了两下没力气只能趴在左位身上,此男体力很差，骑乘的时候动了两下没力气只能趴在左位身上,是,脐橙 -> 骑乘,否,脐橙 -> 骑乘,此男体力很差，脐橙的时候动了两下没力气只能趴在左位身上 -> 此男体力很差，骑乘的时候动了两下没力气只能趴在左位身上,拟音,歧义同音词,脐橙与骑乘发音相同，利用现有词汇脐橙进行同音替换，字面含义与预期含义不同，属于歧义同音词。,否,,脐橙 -> 骑乘
184,biz_0572#1,然后V在斐拍摄之前往斐体内赛小玩具,然后V在斐拍摄之前往斐体内塞小玩具,是,赛 -> 塞,否,赛小玩具 -> 塞小玩具,然后V在斐拍摄之前往斐体内赛小玩具 -> 然后V在斐拍摄之前往斐体内塞小玩具,拟音,歧义同音词,变体“赛”与标准词“塞”发音相近且均为有效词汇，利用同音字替换来改变字面含义，符合歧义同音词定义。,否,,赛小玩具 -> 塞小玩具
185,biz_0536#1,看得我好苏福哟 女神牛逼克拉斯,看得我好舒服哟 女神牛逼克拉斯,是,苏福 -> 舒服,否,苏福 -> 舒服,看得我好苏福哟 女神牛逼克拉斯 -> 看得我好舒服哟 女神牛逼克拉斯,拟音,非词汇同音词,“苏福”与“舒服”发音相近，且“苏福”并非有意义的词汇，属于非词汇同音词。,否,,苏福 -> 舒服
186,biz_0548#1,像这种人是法不服的，那怎么办呢？法不服就一直法呗,像这种人是操不服的，那怎么办呢？fuck不服就一直fuck呗,否,法 -> 操；法 -> fuck,是,法不服 -> fuck不服,像这种人是法不服的，那怎么办呢？法不服就一直法呗 -> 像这种人是操不服的，那怎么办呢？fuck不服就一直fuck呗,拟音,跨语言语音编码（含方言，可称非普通话音近）,使用汉字“法”模拟英语“fuck”的发音，属于跨语言语音近似，编码“操”的语义。,,,法不服 -> fuck不服
187,biz_0535#1,穿着华丽整齐的衣服被弄乱的时候最稍了,穿着华丽整齐的衣服被弄乱的时候最骚了,是,稍 -> 骚,否,最稍了 -> 最骚了,穿着华丽整齐的衣服被弄乱的时候最稍了 -> 穿着华丽整齐的衣服被弄乱的时候最骚了,拟音,歧义同音词,“稍”与“骚”发音相近，且“稍”本身是有效词汇，字面含义为“稍微”，但实际替代“骚”表达淫荡之意，属于同音歧义。,否,,最稍了 -> 最骚了
188,biz_0549#1,挨操时被摸腰摸腿会很色(终于有索尼亚嬷嬷了),被操时被摸腰摸腿会很色(终于有索尼亚嬷嬷了),否,挨 -> 被,否,挨操 -> 被操,挨操时被摸腰摸腿会很色(终于有索尼亚嬷嬷了) -> 被操时被摸腰摸腿会很色(终于有索尼亚嬷嬷了),标准显示,跨语言语音编码（含方言，可称非普通话音近）,方言中'挨'可表示被动意，且发音与'被'在某些方言中近音，属于方言近音替换。,否,,挨操 -> 被操
189,biz_0464#1,用手托起右位的搞完，嘴不轻不重的叼起,用手托起右位的睾丸，嘴不轻不重的叼起,是,搞完 -> 睾丸,否,搞完 -> 睾丸,用手托起右位的搞完，嘴不轻不重的叼起 -> 用手托起右位的睾丸，嘴不轻不重的叼起,拟音,歧义同音词,变体“搞完”字面意为“做完”，与“睾丸”音近，用于替代原词，属于同音词歧义。,否,,搞完 -> 睾丸
190,biz_0533#1,妹对厚入很敏感 哥最后总是忍不住把妹翻个身重重的撞,妹对后入很敏感 哥最后总是忍不住把妹翻个身重重的撞,是,厚 -> 后,否,厚入 -> 后入,妹对厚入很敏感 哥最后总是忍不住把妹翻个身重重的撞 -> 妹对后入很敏感 哥最后总是忍不住把妹翻个身重重的撞,拟音,非词汇同音词,变体“厚”与还原“后”同音，但“厚入”并非有效词汇，通过语音解码为约定俗成的短语“后入”，属于非词汇同音词。,否,,厚入 -> 后入
191,biz_0540#1,还有我捧着胸给他汝交,还有我捧着胸给他乳交,是,汝 -> 乳,否,汝交 -> 乳交,还有我捧着胸给他汝交 -> 还有我捧着胸给他乳交,拟音,歧义同音词,变体“汝”与原词“乳”同音，且“汝”本身有字面含义，形成字面与预期含义的歧义，符合歧义同音词定义。,否,,汝交 -> 乳交
192,biz_0593#1,妹害羞不喜欢角 一般真的受不了了才会角,妹害羞不喜欢叫 一般真的受不了了才会叫,是,角 -> 叫,否,不喜欢角 -> 不喜欢叫；才会角 -> 才会叫,妹害羞不喜欢角 一般真的受不了了才会角 -> 妹害羞不喜欢叫 一般真的受不了了才会叫,拟音,歧义同音词,“角”与“叫”发音相近，且“角”本身为有效词汇，替换后形成表面有效但含义不同的短语，属于歧义同音词。,否,,不喜欢角 -> 不喜欢叫；才会角 -> 才会叫
193,biz_0542#1,哥哥喘的更烧烧的,哥哥喘的更骚骚的,是,烧烧 -> 骚骚,否,烧烧 -> 骚骚,哥哥喘的更烧烧的 -> 哥哥喘的更骚骚的,拟音,非词汇同音词,“烧烧”并非有效词汇，通过语音近似解码为“骚骚”，属于拟音中的非词汇同音词。,否,,烧烧 -> 骚骚
194,biz_0543#1,雾草全都好萌,卧槽全都好萌,是,雾草 -> 卧槽,否,雾草 -> 卧槽,雾草全都好萌 -> 卧槽全都好萌,拟音,歧义同音词,“雾草”与“卧槽”发音相近，且“雾草”本身可构成有效表达，属于同音异义替换。,否,,雾草 -> 卧槽
195,biz_0184#1,一手摸到妹的🔽，早就湿透了,一手摸到妹的下面，早就湿透了,否,🔽 -> 下面,否,🔽 -> 下面,一手摸到妹的🔽，早就湿透了 -> 一手摸到妹的下面，早就湿透了,其他,表情符号替换,使用向下箭头表情符号🔽替代文本“下面”，利用视觉象征传达与字面不同的编码含义，属于表情符号替换。,否,,🔽 -> 下面
196,biz_0534#1,在贵族圈里臭名远扬的情场高手竟然是小楚女吗,在贵族圈里臭名远扬的情场高手竟然是小处女吗,是,楚 -> 处,否,小楚女 -> 小处女,在贵族圈里臭名远扬的情场高手竟然是小楚女吗 -> 在贵族圈里臭名远扬的情场高手竟然是小处女吗,拟音,歧义同音词,“楚”和“处”同音(chǔ)，用“小楚女”替代“小处女”，表面字面可理解为“楚楚动人的女子”，但实际含义是“处女”，属于歧义同音词。,否,,小楚女 -> 小处女
197,biz_0538#1,工是网煌但是还有另一个身份,工是网黄但是还有另一个身份,是,煌 -> 黄,否,网煌 -> 网黄,工是网煌但是还有另一个身份 -> 工是网黄但是还有另一个身份,拟音,非词汇同音词,“煌”与“黄”同音，但“网煌”不是有效词汇，通过谐音解码为“网黄”，属于非词汇同音词。,否,,网煌 -> 网黄
198,biz_0226#1,左见右不听话，用jiechi狠狠打了右的🍑一下，右吃痛,左见右不听话，用戒尺狠狠打了右的屁股一下，右吃痛,否,jiechi -> 戒尺,是,用jiechi -> 用戒尺,左见右不听话，用jiechi狠狠打了右的🍑一下，右吃痛 -> 左见右不听话，用戒尺狠狠打了右的屁股一下，右吃痛,拟音,语音符号替代,使用拼音 jiechi 代替汉字戒尺，发音相同，属于语音符号替代。,,,用jiechi -> 用戒尺
199,biz_0227#1,被1扔进一堆fa qing的实验体中，使用了三天三夜,被1扔进一堆发情的实验体中，使用了三天三夜,是,fa qing -> 发情,是,fa qing -> 发情,被1扔进一堆fa qing的实验体中，使用了三天三夜 -> 被1扔进一堆发情的实验体中，使用了三天三夜,拟音,语音符号替代,使用拼音字母'fa qing'模拟'发情'的发音，属于语音符号替代。,,,fa qing -> 发情
200,biz_0592#1,可以把手穿过斗篷伸进无袖的衣服里袭击扔扔,可以把手穿过斗篷伸进无袖的衣服里袭击奶子,否,扔扔 -> 奶子,否,袭击扔扔 -> 袭击奶子,可以把手穿过斗篷伸进无袖的衣服里袭击扔扔 -> 可以把手穿过斗篷伸进无袖的衣服里袭击奶子,其他,缩写,扔扔通过字形“扔”包含“乃”来暗示“奶”，属于基于字形简写的缩写形式。,否,,袭击扔扔 -> 袭击奶子
201,biz_0595#1,还会说什么宝宝叫的越烧哥哥越有劲,还会说什么宝宝叫的越骚哥哥越有劲,是,烧 -> 骚,否,叫的越烧 -> 叫的越骚,还会说什么宝宝叫的越烧哥哥越有劲 -> 还会说什么宝宝叫的越骚哥哥越有劲,拟音,非词汇同音词,变体“烧”与“骚”发音相近，通过谐音替换，但“叫的越烧”表面不构成有效词汇表达，属于非词汇同音词。,否,,叫的越烧 -> 叫的越骚
202,biz_0537#1,肚子和比都肥肥软软的腿根尤其是,肚子和逼都肥肥软软的腿根尤其是,否,比 -> 逼,否,肚子和比 -> 肚子和逼,肚子和比都肥肥软软的腿根尤其是 -> 肚子和逼都肥肥软软的腿根尤其是,拟音,歧义同音词,变体“比”与“逼”同音（声韵相同，仅声调差异），且“比”本身为有效词汇，字面义为比较，此处用来代指“逼”，属于同音词替换，符合歧义同音词定义。,否,,肚子和比 -> 肚子和逼
203,biz_0234#1,本人xp就是喜欢右位被狠狠内🐍直到🐍满肚子涨涨的像怀孕初期有小肚子般,本人xp就是喜欢右位被狠狠内射直到射满肚子涨涨的像怀孕初期有小肚子般,是,🐍 -> 射,否,内🐍 -> 内射；🐍满 -> 射满,本人xp就是喜欢右位被狠狠内🐍直到🐍满肚子涨涨的像怀孕初期有小肚子般 -> 本人xp就是喜欢右位被狠狠内射直到射满肚子涨涨的像怀孕初期有小肚子般,其他,表情符号替换,使用蛇的表情符号🐍，其发音与“射”相近，通过表情符号替换传达编码含义。,否,,内🐍 -> 内射；🐍满 -> 射满
204,biz_0241#1,低声娇chuan，，niao顺着大腿流了下来,低声娇喘，，尿顺着大腿流了下来,否,chuan -> 喘；niao -> 尿,是,娇chuan -> 娇喘；niao顺着大腿流了下来 -> 尿顺着大腿流了下来,低声娇chuan，，niao顺着大腿流了下来 -> 低声娇喘，，尿顺着大腿流了下来,拟音,语音符号替代,变体使用拼音“chuan”和“niao”分别模拟“喘”和“尿”的发音，属于语音符号替代。,,,娇chuan -> 娇喘；niao顺着大腿流了下来 -> 尿顺着大腿流了下来
205,biz_0246#1,然后到了妹走到了一个“用腿帮对方🐍出来”,然后到了妹走到了一个“用腿帮对方射出来”,是,🐍 -> 射,否,🐍出来 -> 射出来,然后到了妹走到了一个“用腿帮对方🐍出来” -> 然后到了妹走到了一个“用腿帮对方射出来”,其他,表情符号替换,用蛇表情符号🐍代替“射”，属于表情符号替换。,否,,🐍出来 -> 射出来
206,biz_0228#1,“宝宝别哭了，哭得我更ying了😋”,宝宝别哭了，哭得我更硬了😋,是,ying -> 硬,是,ying了 -> 硬了,“宝宝别哭了，哭得我更ying了😋” -> 宝宝别哭了，哭得我更硬了😋,拟音,语音符号替代,变体“ying”为拼音符号，根据发音代替标准汉字“硬”，属于语音符号替代。,,,ying了 -> 硬了
207,biz_0207#1,有点dt的意思，然后右在耳边的银角让左更y了,有点dirty talk的意思，然后右在耳边的淫叫让左更硬了,否,dt -> dirty talk；银角 -> 淫叫；y -> 硬,是,dt -> dirty talk；银角 -> 淫叫；更y -> 更硬,有点dt的意思，然后右在耳边的银角让左更y了 -> 有点dirty talk的意思，然后右在耳边的淫叫让左更硬了,其他,缩写,该句包含多个变种，其中“dt”和“y”分别为英文和拼音首字母缩写，发音无关，属于“其他”大类；“银角”虽为同音替换，但整体以缩写为特征，故归为缩写类。,是,y -> yi,dt -> dirty talk；银角 -> 淫叫；更yi -> 更硬
208,biz_0250#1,很喜欢🥩棒被紧裹住温暖如怀抱的感觉,很喜欢肉棒被紧裹住温暖如怀抱的感觉,是,🥩 -> 肉,否,🥩棒 -> 肉棒,很喜欢🥩棒被紧裹住温暖如怀抱的感觉 -> 很喜欢肉棒被紧裹住温暖如怀抱的感觉,其他,表情符号替换,使用表情符号🥩代替汉字“肉”，构成“肉棒”一词，属于表情符号替换。,否,,🥩棒 -> 肉棒
209,biz_0252#1,哥先走到了一个“用手帮对方量🐻围”,哥先走到了一个“用手帮对方量胸围”,是,🐻 -> 胸,否,🐻围 -> 胸围,哥先走到了一个“用手帮对方量🐻围” -> 哥先走到了一个“用手帮对方量胸围”,其他,表情符号替换,通过表情符号🐻代替汉字“胸”，属于表情符号替换。,否,,🐻围 -> 胸围
210,biz_0255#1,就迫不及待邀请哥出来约会开🏠,就迫不及待邀请哥出来约会开房,是,🏠 -> 房,否,开🏠 -> 开房,就迫不及待邀请哥出来约会开🏠 -> 就迫不及待邀请哥出来约会开房,其他,表情符号替换,使用表情符号🏠代替“房”，属于表情符号替换。,否,,开🏠 -> 开房
211,biz_0230#1,V就可以边内🐍边ding,V就可以边内射边顶,否,🐍 -> 射；ding -> 顶,是,内🐍 -> 内射；边ding -> 边顶,V就可以边内🐍边ding -> V就可以边内射边顶,其他,表情符号替换,变种使用表情符号🐍替代“射”字，属于表情符号替换；同时使用拼音“ding”替代“顶”，但整体以表情符号为主要特征，故归为其他大类下的表情符号替换。,是,,内🐍 -> 内射；边ding -> 边顶
212,biz_0251#1,啊啊啊大人这是你🐧吗…我空间刷到了,啊啊啊大人这是你QQ吗…我空间刷到了,是,🐧 -> QQ,是,你🐧吗 -> 你QQ吗,啊啊啊大人这是你🐧吗…我空间刷到了 -> 啊啊啊大人这是你QQ吗…我空间刷到了,其他,表情符号替换,用企鹅表情符号🐧代替QQ，因为QQ的图标是企鹅，属于表情符号替换，传达编码含义。,是,,你🐧吗 -> 你QQ吗
213,biz_0256#1,把妹抱起来，拍了拍妹的🍑说,把妹抱起来，拍了拍妹的屁股说,是,🍑 -> 屁股,否,拍了拍妹的🍑 -> 拍了拍妹的屁股,把妹抱起来，拍了拍妹的🍑说 -> 把妹抱起来，拍了拍妹的屁股说,其他,表情符号替换,使用表情符号🍑代替文本“屁股”，属于表情符号替换，传达与字面语义不同的编码含义。,否,,拍了拍妹的🍑 -> 拍了拍妹的屁股
214,biz_0271#1,woc！！女主跟我简直是知己！！,卧槽！！女主跟我简直是知己！！,否,woc -> 卧槽,是,woc -> 卧槽,woc！！女主跟我简直是知己！！ -> 卧槽！！女主跟我简直是知己！！,拟音,语音符号替代,woc是拼音缩写，根据发音代替汉字“卧槽”，属于语音符号替代。,是，c要映射,,woc -> 卧槽
215,biz_0268#1,每次吸的她受不了了才放开，发现已经很zhong了,每次吸的她受不了了才放开，发现已经很肿了,是,zhong -> 肿,是,很zhong了 -> 很肿了,每次吸的她受不了了才放开，发现已经很zhong了 -> 每次吸的她受不了了才放开，发现已经很肿了,拟音,语音符号替代,使用拼音“zhong”替代汉字“肿”，属于语音符号替代。,,,很zhong了 -> 很肿了
216,biz_0270#1,妹不是没有z/w过 但是看见哥这样,妹不是没有自慰过 但是看见哥这样,是,z/w -> 自慰,是,z/w -> 自慰,妹不是没有z/w过 但是看见哥这样 -> 妹不是没有自慰过 但是看见哥这样,其他,缩写,使用拼音首字母缩写“z/w”代替“自慰”，发音上无关，属于缩写。,是,z -> zi；w -> wu,zi/wu -> 自慰
217,biz_0276#1,左说:宝宝这么s啊,左说:宝宝这么骚啊,是,s -> 骚,是,这么s啊 -> 这么骚啊,左说:宝宝这么s啊 -> 左说:宝宝这么骚啊,其他,缩写,使用字母“s”代替“骚”是基于拼音首字母的缩写，发音上无关，故归为其他类下的缩写。,是,s -> si,这么si啊 -> 这么骚啊
218,biz_0273#1,猜你想看《凌ru》by白花花,猜你想看《凌辱》by白花花,是,ru -> 辱,是,凌ru -> 凌辱,猜你想看《凌ru》by白花花 -> 猜你想看《凌辱》by白花花,拟音,语音符号替代,使用拼音“ru”替代汉字“辱”，属于语音符号替代。,,,凌ru -> 凌辱
219,biz_0282#1,魏无羡玩手机的时候偶然发现了这个分🦵7⃣️,魏无羡玩手机的时候偶然发现了这个分腿器,是,🦵7⃣️ -> 腿器,否,分🦵7⃣️ -> 分腿器,魏无羡玩手机的时候偶然发现了这个分🦵7⃣️ -> 魏无羡玩手机的时候偶然发现了这个分腿器,其他,表情符号替换,使用“🦵”emoji代指“腿”，“7⃣️”emoji代指数字“7”，通过谐音“器”构成“腿器”，属于表情符号替换。,否,,分🦵7⃣️ -> 分腿器
220,biz_0310#1,右便躺在了左的怀里腿也顺势❌开了🦵,右便躺在了左的怀里腿也顺势叉开了腿,否,❌ -> 叉；🦵 -> 腿,否,❌开了🦵 -> 叉开了腿,右便躺在了左的怀里腿也顺势❌开了🦵 -> 右便躺在了左的怀里腿也顺势叉开了腿,其他,表情符号替换,使用叉号❌和腿🦵表情符号替换原汉字“叉”和“腿”，属于表情符号替换。,否,,❌开了🦵 -> 叉开了腿
221,biz_0243#1,只能靠双腿紧紧夹在哥腰上还有🌨️里的那根借力,只能靠双腿紧紧夹在哥腰上还有穴里的那根借力,否,🌨️ -> 穴,否,🌨️里的 -> 穴里的,只能靠双腿紧紧夹在哥腰上还有🌨️里的那根借力 -> 只能靠双腿紧紧夹在哥腰上还有穴里的那根借力,其他,表情符号替换,使用表情符号“🌨️”（雪）代替汉字“穴”，通过视觉符号替换传达编码含义，属于表情符号替换。,否,,🌨️里的 -> 穴里的
222,biz_0248#1,🚗随便开🥩语随便说，想要的可以来找我呀,🚗随便开肉语随便说，想要的可以来找我呀,否,🥩 -> 肉,否,🥩语 -> 肉语,🚗随便开🥩语随便说，想要的可以来找我呀 -> 🚗随便开肉语随便说，想要的可以来找我呀,其他,表情符号替换,原文用表情符号🥩代替汉字“肉”，属于表情符号传达字面之外的编码含义，符合表情符号替换定义。,否,,🥩语 -> 肉语
223,biz_0266#1,被小爱怒斥bt，最后逼老婆离婚，pua小爱在结婚书签名,被小爱怒斥变态，最后逼老婆离婚，pua小爱在结婚书签名,是,bt -> 变态,是,bt -> 变态,被小爱怒斥bt，最后逼老婆离婚，pua小爱在结婚书签名 -> 被小爱怒斥变态，最后逼老婆离婚，pua小爱在结婚书签名,其他,缩写,bt是“变态”的拼音首字母缩写，发音上无关，属于缩写类。,是,bt -> bo te,bo te -> 变态
224,biz_0245#1,但是根据我看捡手机的经验，通常右边是女孩🤔,但是根据我看捡手机文学的经验，通常右边是女孩🤔,是,捡手机 -> 捡手机文学,否,捡手机 -> 捡手机文学,但是根据我看捡手机的经验，通常右边是女孩🤔 -> 但是根据我看捡手机文学的经验，通常右边是女孩🤔,其他,缩写,省略“文学”二字，形成“捡手机”这一固定短语的缩写，发音上并不全面对应，符合其他类别中缩写定义。,否,,捡手机 -> 捡手机文学
225,biz_0311#1,发现自己穿着分🦵器，下面有异物,发现自己穿着分腿器，下面有异物,是,🦵 -> 腿,否,分🦵器 -> 分腿器,发现自己穿着分🦵器，下面有异物 -> 发现自己穿着分腿器，下面有异物,其他,表情符号替换,使用表情符号🦵代替汉字“腿”，传达相同含义，属于表情符号替换。,否,,分🦵器 -> 分腿器
226,biz_0326#1,已经想好该怎么在gao//chao的时候对大扔子做点什么了,已经想好该怎么在高潮的时候对大奶子做点什么了,是,gao//chao -> 高潮,是,gao//chao -> 高潮,已经想好该怎么在gao//chao的时候对大扔子做点什么了 -> 已经想好该怎么在高潮的时候对大奶子做点什么了,拟音,语音符号替代,变体使用拼音“gao//chao”替代汉字“高潮”，通过发音相同进行编码，属于拟音中的语音符号替代。,,,gao//chao -> 高潮
227,biz_0347#1,右位体质特殊，会出现zhang奶的时期,右位体质特殊，会出现涨奶的时期,否,zhang -> 涨,是,zhang奶 -> 涨奶,右位体质特殊，会出现zhang奶的时期 -> 右位体质特殊，会出现涨奶的时期,拟音,语音符号替代,使用拼音“zhang”替代汉字“涨”，属于语音符号替代。,,,zhang奶 -> 涨奶
228,biz_0287#1,道具测评直播间。双🌟0,道具测评直播间。双性0,是,🌟 -> 性,否,双🌟0 -> 双性0,道具测评直播间。双🌟0 -> 道具测评直播间。双性0,其他,表情符号替换,变体使用表情符号🌟代替汉字“性”，属于表情符号替换。,否,,双🌟0 -> 双性0
229,biz_0313#1,腿被压在头两侧，迫使小❄️朝天冲着,腿被压在头两侧，迫使小穴朝天冲着,是,❄️ -> 穴,否,小❄️ -> 小穴,腿被压在头两侧，迫使小❄️朝天冲着 -> 腿被压在头两侧，迫使小穴朝天冲着,其他,表情符号替换,用雪花表情符号❄️代替“穴”，属于表情符号替换，传达与字面不同的编码含义。,否,,小❄️ -> 小穴
230,biz_0346#1,然后师尊就被碰到min感点，，师尊就忍不住的叫出来了,然后师尊就被碰到敏感点，，师尊就忍不住的叫出来了,是,min -> 敏,是,min感点 -> 敏感点,然后师尊就被碰到min感点，，师尊就忍不住的叫出来了 -> 然后师尊就被碰到敏感点，，师尊就忍不住的叫出来了,拟音,语音符号替代,使用拼音'min'代替汉字'敏'，发音相同，属于语音符号替代。,,,min感点 -> 敏感点
231,biz_0312#1,但是又不敢说所以用跳🥚 右位慢慢把跳🥚开到最大,但是又不敢说所以用跳蛋 右位慢慢把跳蛋开到最大,是,🥚 -> 蛋,否,跳🥚 -> 跳蛋,但是又不敢说所以用跳🥚 右位慢慢把跳🥚开到最大 -> 但是又不敢说所以用跳蛋 右位慢慢把跳蛋开到最大,其他,表情符号替换,表情符号“🥚”代替了汉字“蛋”，属于表情符号替换。,否,,跳🥚 -> 跳蛋
232,biz_0324#1,那么🛏️上就会很糟糕,那么床上就会很糟糕,是,🛏️ -> 床,否,🛏️上 -> 床上,那么🛏️上就会很糟糕 -> 那么床上就会很糟糕,其他,表情符号替换,使用床铺表情符号🛏️代替文字“床”，属于表情符号替换。,否,,🛏️上 -> 床上
233,biz_0336#1,刺)插进右位的JuHua，把右位插满，然后用右位流出的水,刺)插进右位的菊花，把右位插满，然后用右位流出的水,是,JuHua -> 菊花,是,JuHua -> 菊花,刺)插进右位的JuHua，把右位插满，然后用右位流出的水 -> 刺)插进右位的菊花，把右位插满，然后用右位流出的水,拟音,语音符号替代,变体“JuHua”是拼音，发音与“菊花”相同，根据发音替代汉字，属于语音符号替代。,,,JuHua -> 菊花
234,biz_0340#1,有点ooc，但满足我的xp，有了踢踢我,有点ooc，但满足我的性癖，有了踢踢我,是,xp -> 性癖,是,xp -> 性癖,有点ooc，但满足我的xp，有了踢踢我 -> 有点ooc，但满足我的性癖，有了踢踢我,其他,缩写,“xp”是“性癖”的拼音首字母缩写，发音上无关，属于其他大类下的缩写子类。,是,xp -> xi po,xi po -> 性癖
235,biz_0343#1,这时拿出毛巾就会sj，不拿出只会越来越胀,这时拿出毛巾就会射精，不拿出只会越来越胀,是,sj -> 射精,是,sj -> 射精,这时拿出毛巾就会sj，不拿出只会越来越胀 -> 这时拿出毛巾就会射精，不拿出只会越来越胀,其他,缩写,sj'是'射精'的拼音首字母缩写，发音无关，属于其他大类下的缩写。,是,sj -> si ji,si ji -> 射精
236,biz_0332#1,左1️⃣右0️⃣,左攻右受,是,1️⃣ -> 攻；0️⃣ -> 受,否,左1️⃣右0️⃣ -> 左攻右受,左1️⃣右0️⃣ -> 左攻右受,其他,缩写,数字符号1和0分别代表攻和受，发音无关，属于约定俗成的缩写。,否,,左1️⃣右0️⃣ -> 左攻右受
237,biz_0334#1,右的肚子已经被填的gu起来了，左就会好奇,右的肚子已经被填的鼓起来了，左就会好奇,是,gu -> 鼓,是,gu起来了 -> 鼓起来了,右的肚子已经被填的gu起来了，左就会好奇 -> 右的肚子已经被填的鼓起来了，左就会好奇,拟音,语音符号替代,变体“gu”是拼音符号，根据发音代替标准汉字“鼓”，属于语音符号替代。,,,gu起来了 -> 鼓起来了
238,biz_0351#1,28分钟的视频在干嘛好难猜啊应该不是在做手工吧,28分钟的视频在干嘛好难猜啊应该不是在做爱吧,是,手工 -> 爱,否,做手工 -> 做爱,28分钟的视频在干嘛好难猜啊应该不是在做手工吧 -> 28分钟的视频在干嘛好难猜啊应该不是在做爱吧,其他,缩写,“手工”作为“做爱”的隐语，属于互联网黑话的缩写形式。,否,,做手工 -> 做爱
239,biz_0341#1,大概就是蛇有两根，jp时母蛇如果愿意的话会抬起尾巴打开泄殖腔,大概就是蛇有两根，交配时母蛇如果愿意的话会抬起尾巴打开泄殖腔,是,jp -> 交配,是,jp时 -> 交配时,大概就是蛇有两根，jp时母蛇如果愿意的话会抬起尾巴打开泄殖腔 -> 大概就是蛇有两根，交配时母蛇如果愿意的话会抬起尾巴打开泄殖腔,其他,缩写,jp是交配的拼音首字母缩写，发音上无关，属于缩写类。,是,jp -> ji po,ji po时 -> 交配时
240,biz_0377#1,右吃痛大声叫了起来⛲出了许多水,右吃痛大声叫了起来喷出了许多水,是,⛲ -> 喷,否,⛲出了 -> 喷出了,右吃痛大声叫了起来⛲出了许多水 -> 右吃痛大声叫了起来喷出了许多水,其他,表情符号替换,使用表情符号⛲代替汉字“喷”，属于表情符号替换。,否,,⛲出了 -> 喷出了
241,biz_0378#1,你从女人体内出生，喝女人🥛长大,你从女人体内出生，喝女人奶长大,是,🥛 -> 奶,否,喝女人🥛 -> 喝女人奶,你从女人体内出生，喝女人🥛长大 -> 你从女人体内出生，喝女人奶长大,其他,表情符号替换,变体使用表情符号🥛代替文字“奶”，属于表情符号替换。,否,,喝女人🥛 -> 喝女人奶
242,biz_0238#1,但是随着d徒弟的一个shen丁页，师尊就受不了了,但是随着d徒弟的一个深顶，师尊就受不了了,否,shen丁页 -> 深顶,是,shen丁页 -> 深顶,但是随着d徒弟的一个shen丁页，师尊就受不了了 -> 但是随着d徒弟的一个深顶，师尊就受不了了,其他,缩写,变体通过拼音“shen”和拆字“丁页”组合编码，整体发音与“深顶”无关，属于符号编码的缩写形式。,是,,shen丁页 -> 深顶
243,biz_0380#1,来的时候…在楼下便利店买盒☂️,来的时候…在楼下便利店买盒避孕套,否,☂️ -> 避孕套,否,买盒☂️ -> 买盒避孕套,来的时候…在楼下便利店买盒☂️ -> 来的时候…在楼下便利店买盒避孕套,其他,表情符号替换,使用☂️（伞）表情符号代替避孕套，传达与字面语义不同的编码含义，属于表情符号替换。,否,,买盒☂️ -> 买盒避孕套
244,biz_0374#1,我先炒点 哥先把妹的眼睛蒙上然后把水果塞进妹🖊️里,我先操点 哥先把妹的眼睛蒙上然后把水果塞进妹逼里,是,炒 -> 操,否,炒点 -> 操点,我先炒点 哥先把妹的眼睛蒙上然后把水果塞进妹🖊️里 -> 我先操点 哥先把妹的眼睛蒙上然后把水果塞进妹逼里,拟音,歧义同音词,“炒点”表面是有效表达（理解为炒菜），但通过同音替换为“操点”，属于歧义同音词。,否,,炒点 -> 操点
245,biz_0348#1,屏幕正对着右，左直接tiao到最大,屏幕正对着右，左直接调到最大,是,tiao -> 调,是,tiao到最大 -> 调到最大,屏幕正对着右，左直接tiao到最大 -> 屏幕正对着右，左直接调到最大,拟音,语音符号替代,使用拼音“tiao”代替汉字“调”，属于语音符号替代。,,,tiao到最大 -> 调到最大
246,biz_0381#1,就开始大🌿大办,就开始大操大办,是,🌿 -> 操,否,大🌿大办 -> 大操大办,就开始大🌿大办 -> 就开始大操大办,其他,表情符号替换,🌿是表情符号，代替了“操”字，利用“草”与“操”同音，但以表情符号形式呈现，属于表情符号替换。,否,,大🌿大办 -> 大操大办
247,biz_0393#1,然后这个弟弟是双性，逼他用女生的地方niao,然后这个弟弟是双性，逼他用女生的地方尿,是,niao -> 尿,是,niao -> 尿,然后这个弟弟是双性，逼他用女生的地方niao -> 然后这个弟弟是双性，逼他用女生的地方尿,拟音,语音符号替代,使用拼音“niao”代替汉字“尿”，属于语音符号替代。,,,niao -> 尿
248,biz_0389#1,此男腿不是断过吗。不能qicheng只能压着。,此男腿不是断过吗。不能骑乘只能压着。,是,qicheng -> 骑乘,是,qicheng -> 骑乘,此男腿不是断过吗。不能qicheng只能压着。 -> 此男腿不是断过吗。不能骑乘只能压着。,拟音,语音符号替代,变体“qicheng”是标准词“骑乘”的拼音，属于用拼音符号根据发音替代汉字的语音符号替代。,,,qicheng -> 骑乘
249,biz_0288#1,回过神归来就已经y的不行 然后拉开被子更意外是妹还用了小玩具,回过神归来就已经硬的不行 然后拉开被子更意外是妹还用了小玩具,否,y -> 硬,是,y的不行 -> 硬的不行,回过神归来就已经y的不行 然后拉开被子更意外是妹还用了小玩具 -> 回过神归来就已经硬的不行 然后拉开被子更意外是妹还用了小玩具,其他,缩写,变体使用拼音首字母'y'代替汉字'硬'，发音不相近，属于缩写。,是,y -> yi,yi的不行 -> 硬的不行
250,biz_0392#1,右位被左位当笔筒放置，c了10支毛笔，向仆人展示,右位被左位当笔筒放置，插了10支毛笔，向仆人展示,是,c -> 插,是,c了10支毛笔 -> 插了10支毛笔,右位被左位当笔筒放置，c了10支毛笔，向仆人展示 -> 右位被左位当笔筒放置，插了10支毛笔，向仆人展示,其他,缩写,使用拼音首字母“c”代替“插”，发音不相似，属于缩写，并非拟音。,是,c -> ci,ci了10支毛笔 -> 插了10支毛笔
251,biz_0385#1,妹好不容易18了 第一件事就是找哥帮忙测8+1量,妹好不容易18了 第一件事就是找哥帮忙测酒量,是,8+1 -> 酒,否,测8+1量 -> 测酒量,妹好不容易18了 第一件事就是找哥帮忙测8+1量 -> 妹好不容易18了 第一件事就是找哥帮忙测酒量,语义,语音符号替代,使用数字和符号'8+1'通过计算得到'9'，谐音'酒'，属于语音符号替代。,否,,测8+1量 -> 测酒量
252,biz_0289#1,跌跌撞撞回家后 发现左穿着QQ衣服躺在自己床上,跌跌撞撞回家后 发现左穿着情趣衣服躺在自己床上,是,QQ -> 情趣,是,QQ衣服 -> 情趣衣服,跌跌撞撞回家后 发现左穿着QQ衣服躺在自己床上 -> 跌跌撞撞回家后 发现左穿着情趣衣服躺在自己床上,其他,缩写,变体QQ是情趣（qing qu）的拼音首字母缩写，发音无关，符合缩写子类定义。,是,QQ -> qi qi,qi qi衣服 -> 情趣衣服
253,biz_0290#1,连下面的碎花小n都露出来了,连下面的碎花小内裤都露出来了,是,n -> 内裤,是,碎花小n -> 碎花小内裤,连下面的碎花小n都露出来了 -> 连下面的碎花小内裤都露出来了,其他,缩写,使用拼音首字母“n”代替“内裤”，发音不直接对应，属于缩写。,是,n -> ne,碎花小ne -> 碎花小内裤
254,biz_0387#1,我以为左0右1呢，看完发现吃反了,我以为左攻右受呢，看完发现吃反了,否,0 -> 攻；1 -> 受,否,左0右1 -> 左攻右受,我以为左0右1呢，看完发现吃反了 -> 我以为左攻右受呢，看完发现吃反了,其他,缩写,使用数字0和1代表攻受，发音无关，属于缩写类。,否,,左0右1 -> 左攻右受
255,biz_0360#1,原来1直在往0❄塞小🍅，用手给他掏烂,原来一直在往0穴塞小番茄，用手给他掏烂,否,1->一,否,1直 -> 一直,原来1直在往0❄塞小🍅，用手给他掏烂 -> 原来一直在往0穴塞小番茄，用手给他掏烂,拟音,语音符号替代,数字1与汉字一同音，使用数字符号替代，属于语音符号替代。,否,,1直 -> 一直
256,biz_0394#1,说完就把妹妹压在镜子前，对镜do,说完就把妹妹压在镜子前，对镜做爱,否,do -> 做爱,是,对镜do -> 对镜做爱,说完就把妹妹压在镜子前，对镜do -> 说完就把妹妹压在镜子前，对镜做爱,其他,缩写,do是英文单词，在此代表'做爱'，发音上无关，属于使用罗马字母的缩写代码。,是,,对镜do -> 对镜做爱
257,biz_0353#1,silk有没有真空妹宝 求,丝袜有没有真空妹宝 求,否,silk -> 丝袜,是,silk -> 丝袜,silk有没有真空妹宝 求 -> 丝袜有没有真空妹宝 求,其他,缩写,silk是英文单词，作为丝袜(silk stockings)的缩写，发音无关，属于缩写类。,是,,silk -> 丝袜
258,biz_0422#1,裤子和床单还shi着就能水煎了,裤子和床单还湿着就能睡奸了,否,shi -> 湿；水煎 -> 睡奸,是,还shi着 -> 还湿着；水煎 -> 睡奸,裤子和床单还shi着就能水煎了 -> 裤子和床单还湿着就能睡奸了,拟音,歧义同音词,变种文本中“水煎”为有效词汇，通过同音替换编码“睡奸”，属于歧义同音词；“shi”为拼音符号替代，但整体主要手法为歧义同音词。,,,还shi着 -> 还湿着；水煎 -> 睡奸
259,biz_0416#1,小左 被口及的舒服了直接开始大fa特fa,小左 被吸的舒服了直接开始大fuck特fuck,否,口及 -> 吸；fa -> fuck,是,被口及 -> 被吸；大fa特fa -> 大fuck特fuck,小左 被口及的舒服了直接开始大fa特fa -> 小左 被吸的舒服了直接开始大fuck特fuck,其他,缩写,变体'口及'为'吸'的拆字，通过视觉拆分编码，发音无关，属于其他类缩写；'fa'为'fuck'的拟音，但整体以拆字为主，故归为缩写。,是,,被口及 -> 被吸；大fa特fa -> 大fuck特fuck
260,biz_0320#1,我也是昨天刚梦到被一个没有见过的短发帅t法了,我也是昨天刚梦到被一个没有见过的短发帅t做了,否,法 -> 做,否,法了 -> fuck了,我也是昨天刚梦到被一个没有见过的短发帅t法了 -> 我也是昨天刚梦到被一个没有见过的短发帅t做了,拟音,跨语言语音编码（含方言，可称非普通话音近）,变体“法”为英语“fuck”的谐音，还原为“做”，属于外语发音的跨语言语音编码。,,,法了 -> fuck了
261,biz_0450#1,哥半夜醒了觉得老幸福了又趁着妹睡着又丁页了几下,哥半夜醒了觉得老幸福了又趁着妹睡着又顶了几下,是,丁页 -> 顶,否,丁页了几下 -> 顶了几下,哥半夜醒了觉得老幸福了又趁着妹睡着又丁页了几下 -> 哥半夜醒了觉得老幸福了又趁着妹睡着又顶了几下,其他,缩写,变体‘丁页’是原字‘顶’的拆字，不属于拟音，可视作一种特殊的缩写形式。,否,,丁页了几下 -> 顶了几下
262,biz_0390#1,所以三言两语就能给他哄上chang，然后此男因为有腿伤,所以三言两语就能给他哄上床，然后此男因为有腿伤,是,chang -> 床,是,上chang -> 上床,所以三言两语就能给他哄上chang，然后此男因为有腿伤 -> 所以三言两语就能给他哄上床，然后此男因为有腿伤,拟音,语音符号替代,使用拼音“chang”代替汉字“床”，属于根据发音替代标准汉字的语音符号替代。,,,上chang -> 上床
263,biz_0415#1,B这种高攻低防有一点点贱的性格真的很适合阿美,B这种高攻击低防御有一点点贱的性格真的很适合阿美（美国）,否,高攻 -> 高攻击，低防 -> 低防御，阿美 -> 美国,否,高攻 -> 高攻击；低防 -> 低防御；阿美 -> 美国,B这种高攻低防有一点点贱的性格真的很适合阿美 -> B这种高攻击低防御有一点点贱的性格真的很适合阿美（美国）,其他,缩写,变体通过省略汉字形成缩写，发音不相关，属于其他类中的缩写。,否,,高攻 -> 高攻击；低防 -> 低防御；阿美 -> 美国
264,biz_0414#1,左位每次想法她时（一般都是石油人😋）都会以各种理由让她来办公室,左位每次想fuck她时（一般都是石油人😋）都会以各种理由让她来办公室,否,法 -> fuck,是,想法她 -> 想fuck她,左位每次想法她时（一般都是石油人😋）都会以各种理由让她来办公室 -> 左位每次想fuck她时（一般都是石油人😋）都会以各种理由让她来办公室,拟音,跨语言语音编码（含方言，可称非普通话音近）,用汉字“法”的发音近似模拟英文“fuck”的读音，属于跨语言语音编码。,,,想法她 -> 想fuck她
265,biz_0291#1,我特别喜欢这个老师的乙代向,我特别喜欢这个老师的乙女代入向,否,乙代向 -> 乙女代入向,否,乙代向 -> 乙女代入向,我特别喜欢这个老师的乙代向 -> 我特别喜欢这个老师的乙女代入向,其他,缩写,变体“乙代向”是“乙女代入向”的缩写，通过提取首尾字形成，发音不相关，属于视觉符号类缩写。,否,,乙代向 -> 乙女代入向
266,biz_0434#1,家1在做完那事后给家0清理好后让家0去床上休息,家1在做完性行为后给家0清理好后让家0去床上休息,否,那事 -> 性行为,否,那事 -> 性行为,家1在做完那事后给家0清理好后让家0去床上休息 -> 家1在做完性行为后给家0清理好后让家0去床上休息,其他,缩写,用简短的代词‘那事’替代‘性行为’，属于缩写式隐语表达。,否,,那事 -> 性行为
267,biz_0458#1,哥感觉到它在嘴里又 zhang big一圈,哥感觉到它在嘴里又涨大一圈,是, zhang big -> 涨大,是,又 zhang big一圈 -> 又涨大一圈,哥感觉到它在嘴里又 zhang big一圈 -> 哥感觉到它在嘴里又涨大一圈,拟音+语义,语音符号替代,变体“ zhang big”使用拼音“zhang”和英文单词“big”组合替代“涨大”，拼音部分基于发音，英文部分虽为意义替代，但整体仍属于使用拼音和罗马字母等语音符号代替标准汉字，符合语音符号替代的定义。,是,,又 zhang big一圈 -> 又涨大一圈
268,biz_0503#1,可以扩列吗 ：我的空间其实相当私人,可以加好友吗 ：我的空间其实相当私人,否,扩列 -> 加好友,否,扩列 -> 加好友,可以扩列吗 ：我的空间其实相当私人 -> 可以加好友吗 ：我的空间其实相当私人,其他,缩写,“扩列”是网络用语，意为“加好友”，属于对原词组的缩写，发音无关，符合其他大类下的缩写子类。,否,,扩列 -> 加好友
269,biz_0511#1,作者，我的伪骨科文为啥被删了,作者，我的伪兄妹恋文为啥被删了,否,骨科 -> 兄妹恋,否,伪骨科文 -> 伪兄妹恋文,作者，我的伪骨科文为啥被删了 -> 作者，我的伪兄妹恋文为啥被删了,其他,缩写,“骨科”源自“德国骨科”梗，是一种黑话缩写，编码指代兄妹恋，发音无关，属于其他类缩写。,否,,伪骨科文 -> 伪兄妹恋文
270,biz_0459#1,结果直接暴击哥xp 忍不住开始手工活,结果直接暴击哥性癖 忍不住开始自慰,否,xp -> 性癖,是,xp -> 性癖,结果直接暴击哥xp 忍不住开始手工活 -> 结果直接暴击哥性癖 忍不住开始自慰,其他,缩写,xp 是“性癖”的拼音首字母缩写，发音无关，属于其他大类中的缩写。,是,xp -> xi po,xi po -> 性癖
271,biz_0489#1,另一方就躲桌下伺候对方。被口的那方即使再爽,另一方就躲桌下伺候对方。被口交的那方即使再爽,是,被口 -> 被口交,否,被口 -> 被口交,另一方就躲桌下伺候对方。被口的那方即使再爽 -> 另一方就躲桌下伺候对方。被口交的那方即使再爽,其他,缩写,将“口交”缩写为“口”，属于汉字缩写，发音无关，归为其他-缩写。,否,,被口 -> 被口交
272,biz_0474#1,其实浴室的瓷砖很冰……一碰妹就立了。被哥故意压墙上,其实浴室的瓷砖很冰……一碰妹就勃起了。被哥故意压墙上,是,立 -> 勃起,否,立 -> 勃起,其实浴室的瓷砖很冰……一碰妹就立了。被哥故意压墙上 -> 其实浴室的瓷砖很冰……一碰妹就勃起了。被哥故意压墙上,其他,缩写,变体“立”与“勃起”发音无关，不属于拟音；亦非表情符号替换，故归入其他大类。虽然“立”为汉字而非拼音符号，但以单字替代双字词，可视为一种广义缩写。,否,,立 -> 勃起
273,biz_0462#1,600法的太狠本想抓着床单逃走,600操的太狠本想抓着床单逃走,否,法 -> 操,否,法的 -> 操的,600法的太狠本想抓着床单逃走 -> 600操的太狠本想抓着床单逃走,拟音,跨语言语音编码（含方言，可称非普通话音近）,“法”音似英文“fuck”，“fuck”语义对应“操”，是通过英文音译再转义的跨语言语音编码。,否,,法的 -> 操的
274,biz_0460#1,没有eat到最佳赏味期的哥,没有吃到最佳赏味期的哥,是,eat -> 吃,是,eat到 -> 吃到,没有eat到最佳赏味期的哥 -> 没有吃到最佳赏味期的哥,其他,缩写,使用英文单词'eat'直接替换中文'吃'，发音无关，属于罗马字母符号编码含义，归为缩写子类。,是,,eat到 -> 吃到
275,biz_0491#1,此时的雪口只是勉强能含下，但随着玩具的启动,此时的穴口只是勉强能含下，但随着玩具的启动,是,雪 -> 穴,否,雪口 -> 穴口,此时的雪口只是勉强能含下，但随着玩具的启动 -> 此时的穴口只是勉强能含下，但随着玩具的启动,拟音,非词汇同音词,利用“雪”和“穴”发音相近（声调不同），用“雪”替代“穴”构成非词汇组合“雪口”，实际指“穴口”，符合拟音中的非词汇同音词定义。,否,,雪口 -> 穴口
276,biz_0480#1,妹心想我只是来一次没关系的吧，就真的手工了起来,妹心想我只是来一次没关系的吧，就真的自慰了起来,否,手工 -> 自慰,否,手工 -> 自慰,妹心想我只是来一次没关系的吧，就真的手工了起来 -> 妹心想我只是来一次没关系的吧，就真的自慰了起来,其他,缩写,手工与自慰发音无关，不属于拟音；且通过提取“手”字暗示手淫，系委婉缩写，归入其他大类下的缩写。,否,,手工 -> 自慰
277,biz_0492#1,老大是不是在音符上有账号啊，感觉自己看过,老大是不是在抖音上有账号啊，感觉自己看过,是,音符 -> 抖音,否,音符 -> 抖音,老大是不是在音符上有账号啊，感觉自己看过 -> 老大是不是在抖音上有账号啊，感觉自己看过,其他,表情符号替换,使用抖音的logo‘音符’替代平台名称，属于视觉符号替换，类似表情符号替换。,否,,音符 -> 抖音
278,biz_0471#1,可以理解成水煎了！（真的吗）真要扣的话也不会反抗什么,可以理解成睡奸了！（真的吗）真要抠的话也不会反抗什么,否,水煎 -> 睡奸；扣 -> 抠,否,水煎 -> 睡奸；扣 -> 抠,可以理解成水煎了！（真的吗）真要扣的话也不会反抗什么 -> 可以理解成睡奸了！（真的吗）真要抠的话也不会反抗什么,拟音,歧义同音词,“水煎”与“睡奸”发音相近，且“扣”与“抠”发音相近，表面为有效词汇，但实际含义不同，属于歧义同音词。,否,,水煎 -> 睡奸；扣 -> 抠
279,biz_0497#1,把小小哥听的起反应了，哥收手，低头轻咬,把阴茎听的起反应了，哥收手，低头轻咬,否,小小哥 -> 阴茎,否,小小哥 -> 阴茎,把小小哥听的起反应了，哥收手，低头轻咬 -> 把阴茎听的起反应了，哥收手，低头轻咬,其他,缩写,变体“小小哥”与“阴茎”发音无关，是通过汉字隐语指代，属于黑话缩写类编码。,否,,小小哥 -> 阴茎
280,biz_0502#1,怎么来了一堆不吃饭还打厨子的人……,怎么来了一堆不吃饭还打创作者的人……,否,厨子 -> 创作者,否,厨子 -> 创作者,怎么来了一堆不吃饭还打厨子的人…… -> 怎么来了一堆不吃饭还打创作者的人……,其他,缩写,变体“厨子”与“创作者”发音不近，通过圈内黑话关联，属于非拟音的其他类缩写替代。,否,,厨子 -> 创作者
281,biz_0501#1,微微刺痛…没关系…这是她情动的证明,微微刺痛…没关系…这是她性唤起的证明,否,情动 -> 性唤起,否,情动 -> 性唤起,微微刺痛…没关系…这是她情动的证明 -> 微微刺痛…没关系…这是她性唤起的证明,其他,缩写,变体“情动”为“情欲冲动”的缩略，用于委婉替代“性唤起”，属于缩写类。,否,,情动 -> 性唤起
282,biz_0469#1,膝盖并拢时大腿中间会有缝隙，就像是天然的雪/口直接叉进去,膝盖并拢时大腿中间会有缝隙，就像是天然的穴口直接叉进去,是,雪/ -> 穴,否,雪/口 -> 穴口,膝盖并拢时大腿中间会有缝隙，就像是天然的雪/口直接叉进去 -> 膝盖并拢时大腿中间会有缝隙，就像是天然的穴口直接叉进去,拟音,非词汇同音词,“雪”与“穴”音近，斜杠起分隔作用，组合为非词汇同音替代。,否,,雪/口 -> 穴口
283,biz_0465#1,客人用餐完毕留下评价：整体水嫩爆满，特别是工作间特别好吃满分好评,客人用餐完毕留下评价：整体水嫩爆满，特别是阴道特别好吃满分好评,否,工作间->阴道,否,工作间 -> 阴道,客人用餐完毕留下评价：整体水嫩爆满，特别是工作间特别好吃满分好评 -> 客人用餐完毕留下评价：整体水嫩爆满，特别是阴道特别好吃满分好评,其他,缩写,变体用无语音关联的汉字“工作间”替代“阴道”，属于非标准缩写，无拼音或符号参与，符合其他大类的缩写子类。,否,,工作间 -> 阴道
284,biz_0553#1,之后就是哥哥狠狠法妹妹 一直摸/舔/嗦/揉妹妹啦,之后就是哥哥狠狠操妹妹 一直摸/舔/嗦/揉妹妹啦,是,法 -> 操,否,狠狠法 -> 狠狠fuck,之后就是哥哥狠狠法妹妹 一直摸/舔/嗦/揉妹妹啦 -> 之后就是哥哥狠狠操妹妹 一直摸/舔/嗦/揉妹妹啦,拟音,跨语言语音编码（含方言，可称非普通话音近）,“法”音似英语“fuck”，通过跨语言音译编码为“操”的含义。,,,狠狠法 -> 狠狠fuck
285,biz_0559#1,我草我在老福特看过…震撼美味,我草我在LOFTER看过…震撼美味,是,老福特 -> LOFTER,是,老福特 -> LOFTER,我草我在老福特看过…震撼美味 -> 我草我在LOFTER看过…震撼美味,拟音,跨语言语音编码（含方言，可称非普通话音近）,“老福特”是英文“LOFTER”的音译，属于跨语言语音编码。,,,老福特 -> LOFTER
286,biz_0467#1,习惯性给妹秒回的他点开手机之后当场立正了，幸好旁边没有其他同事,习惯性给妹秒回的他点开手机之后当场勃起了，幸好旁边没有其他同事,否,立正 -> 勃起,否,当场立正了 -> 当场勃起了,习惯性给妹秒回的他点开手机之后当场立正了，幸好旁边没有其他同事 -> 习惯性给妹秒回的他点开手机之后当场勃起了，幸好旁边没有其他同事,其他,缩写,以“立正”替代“勃起”，属于网络黑话，通过语义联想编码，发音无关，可归为其他类下的缩写。,否,,当场立正了 -> 当场勃起了
287,biz_0581#1,哥感受到妹糕潮下面收缩夹的他在妹宝耳边喘的更厉害了,哥感受到妹高潮下面收缩夹的他在妹宝耳边喘的更厉害了,是,糕 -> 高,否,妹糕潮 -> 妹高潮,哥感受到妹糕潮下面收缩夹的他在妹宝耳边喘的更厉害了 -> 哥感受到妹高潮下面收缩夹的他在妹宝耳边喘的更厉害了,拟音,非词汇同音词,使用同音字“糕”替代“高”构成“妹糕潮”，表面无有效词汇意义，通过语音解码为“妹高潮”，属于拟音中的非词汇同音词。,否,,妹糕潮 -> 妹高潮
288,biz_0570#1,春眠，受是双星,春眠，受是双性,否,星 -> 性,否,双星 -> 双性,春眠，受是双星 -> 春眠，受是双性,拟音,歧义同音词,“星”与“性”声韵相同、声调不同，属于同音异义词，且“双星”在字面上是有效词汇，但实际意图为“双性”，符合歧义同音词的定义。,否,,双星 -> 双性
289,biz_0580#1,我在小绿蝶写了一个类似的模板,我在小红书写了一个类似的模板,是,绿蝶 -> 红书,否,小绿蝶 -> 小红书,我在小绿蝶写了一个类似的模板 -> 我在小红书写了一个类似的模板,其他,缩写,变体“绿蝶”与“红书”发音不相似，属于汉字黑话替换，整体“小绿蝶”编码指代“小红书”，归为其他类缩写。,否,,小绿蝶 -> 小红书
290,biz_0518#1,轻置玉臀（禁法）,轻置玉臀（禁止发生性行为）,否,禁法 -> 禁止发生性行为,否,禁法 -> 禁止发生性行为,轻置玉臀（禁法） -> 轻置玉臀（禁止发生性行为）,其他,缩写,变种'禁法'是对'禁止发生性行为'的缩写，其中'法'为'发'的谐音字，整体发音与原文无关，属于缩写。,否,,禁法 -> 禁止发生性行为
291,biz_0563#1,请把那个黑码去掉，谢谢,请把那个打码去掉，谢谢,否,黑 -> 打,否,黑码 -> 打码,请把那个黑码去掉，谢谢 -> 请把那个打码去掉，谢谢,其他,缩写,变体‘黑’与原词‘打’发音无关，且未使用表情符号，属于其他类别；用‘黑’替代‘打’可视为一种非标准的符号替代，归入缩写。,否,,黑码 -> 打码
292,biz_0584#1,自己养大的法着放心,自己养大的操着放心,否,法 -> 操,否,法着放心 -> fuck着放心,自己养大的法着放心 -> 自己养大的操着放心,拟音,跨语言语音编码（含方言，可称非普通话音近）,变体“法”音近英文“fuck”，通过跨语言谐音代替“操”。,,,法着放心 -> fuck着放心
293,biz_0295#1,右后面发现了半推半就成了py,右后面发现了半推半就成了炮友,是,py -> 炮友,是,py -> 炮友,右后面发现了半推半就成了py -> 右后面发现了半推半就成了炮友,其他,缩写,py是拼音首字母缩写，发音与炮友无关，属于其他大类中的缩写。,是,py -> po yi,po yi -> 炮友
294,biz_0298#1,但是确实是我在磕的rps,但是确实是我在磕的真人同人,否,rps -> 真人同人,是,rps -> 真人同人,但是确实是我在磕的rps -> 但是确实是我在磕的真人同人,其他,缩写,rps是英文Real Person Slash的缩写，发音无关，属于其他-缩写。,是,,rps -> 真人同人
295,biz_0556#1,坏狗会一手钳住你一边樱桃，边衔边用手指挑弄,坏狗会一手钳住你一边乳头，边衔边用手指挑弄,否,樱桃 -> 乳头,否,樱桃 -> 乳头,坏狗会一手钳住你一边樱桃，边衔边用手指挑弄 -> 坏狗会一手钳住你一边乳头，边衔边用手指挑弄,其他,表情符号替换,樱桃作为视觉符号（水果）替代乳头，通过形状相似性进行编码，发音无关，属于其他大类中的表情符号替换。,否,,樱桃 -> 乳头
296,biz_0296#1,然后拍的图然后发dy的话要授权吗,然后拍的图然后发抖音的话要授权吗,是,dy -> 抖音,是,发dy -> 发抖音,然后拍的图然后发dy的话要授权吗 -> 然后拍的图然后发抖音的话要授权吗,其他,缩写,使用拼音首字母缩写“dy”代替“抖音”，发音上不直接相关，属于缩写。,是,dy -> de yi,发de yi -> 发抖音
297,biz_0302#1,师尊的身体是非常好ru的那种,师尊的身体是非常好入的那种,是,ru -> 入,是,好ru -> 好入,师尊的身体是非常好ru的那种 -> 师尊的身体是非常好入的那种,拟音,语音符号替代,使用拼音'ru'代替汉字'入'，属于语音符号替代。,,,好ru -> 好入
298,biz_0303#1,哥抹点rhy在妹没发现的时候直接进去了,哥抹点润滑液在妹没发现的时候直接进去了,是,rhy -> 润滑液,是,抹点rhy -> 抹点润滑液,哥抹点rhy在妹没发现的时候直接进去了 -> 哥抹点润滑液在妹没发现的时候直接进去了,其他,缩写,rhy为“润滑液”的拼音首字母缩写，发音不直接模拟，属于缩写。,是,rhy -> ri he yi,抹点ri he yi -> 抹点润滑液
299,biz_0304#1,觉得自己压力大可以想想他的nk,觉得自己压力大可以想想他的内裤,否,nk -> 内裤,是,nk -> 内裤,觉得自己压力大可以想想他的nk -> 觉得自己压力大可以想想他的内裤,其他,缩写,nk是内裤的拼音首字母缩写，发音上无关，属于其他大类的缩写子类。,是,nk -> ne ke,ne ke -> 内裤
300,biz_0294#1,左在忍耐之下sj了右还喜欢拍视频,左在忍耐之下射精了右还喜欢拍视频,是,sj -> 射精,是,sj -> 射精,左在忍耐之下sj了右还喜欢拍视频 -> 左在忍耐之下射精了右还喜欢拍视频,其他,缩写,sj是“射精”的拼音首字母缩写，通过字母符号代替汉字，发音不直接相关，属于缩写。,是,sj -> si ji,si ji -> 射精
301,biz_0582#1,被法得受不了求饶时左位不听,被操得受不了求饶时左位不听,否,法 -> 操,否,被法得受不了 -> 被fuck得受不了,被法得受不了求饶时左位不听 -> 被操得受不了求饶时左位不听,拟音,跨语言语音编码（含方言，可称非普通话音近）,“法”为英文“fuck”的常用音译省略，通过外语语音近似编码，实际指代“操”，符合跨语言语音编码的定义。,,,被法得受不了 -> 被fuck得受不了
302,biz_0308#1,我什么时候看见我这个b头像都绷不住,我什么时候看见我这个逼头像都绷不住,是,b -> 逼,是,b头像 -> 逼头像,我什么时候看见我这个b头像都绷不住 -> 我什么时候看见我这个逼头像都绷不住,拟音,语音符号替代,b是逼的拼音首字母，通过发音模拟代替汉字，属于语音符号替代。,是，英文字母发音,,b头像 -> 逼头像
303,biz_0299#1,扔大不拿来rj绝对是可惜的,扔大不拿来乳交绝对是可惜的,否,rj -> 乳交,是,rj -> 乳交,扔大不拿来rj绝对是可惜的 -> 扔大不拿来乳交绝对是可惜的,其他,缩写,rj是拼音首字母缩写，发音上不直接对应，属于其他类别的缩写。,是,rj -> ri ji,ri ji -> 乳交
304,biz_0307#1,这两个算比较H的了,这两个算比较黄的了,是,H -> 黄,是,比较H -> 比较黄,这两个算比较H的了 -> 这两个算比较黄的了,其他,缩写,字母“H”是“黄”的拼音首字母缩写，发音不直接相近，属于其他大类下的缩写子类。,是,H -> he,比较he -> 比较黄
305,biz_0301#1,他气喘吁吁小心翼翼询问左可不可以n了,他气喘吁吁小心翼翼询问左可不可以尿了,是,n -> 尿,是,n了 -> 尿了,他气喘吁吁小心翼翼询问左可不可以n了 -> 他气喘吁吁小心翼翼询问左可不可以尿了,其他,缩写,变体“n”是“尿”的拼音首字母，通过缩写形式替代，发音不近似，属于其他类的缩写。,是,n -> ne,ne了 -> 尿了
306,biz_0297#1,可以写文或者发pyq吗,可以写文或者发朋友圈吗,是,pyq -> 朋友圈,是,pyq -> 朋友圈,可以写文或者发pyq吗 -> 可以写文或者发朋友圈吗,其他,缩写,pyq是拼音首字母缩写，发音不相关，属于其他类别的缩写。,是,pyq -> po yi qi,po yi qi -> 朋友圈
307,biz_0356#1,被被子全方位反复摩ca,被被子全方位反复摩擦,是,ca -> 擦,是,摩ca -> 摩擦,被被子全方位反复摩ca -> 被被子全方位反复摩擦,拟音,语音符号替代,使用拼音“ca”代替汉字“擦”，属于语音符号替代。,,,摩ca -> 摩擦
308,biz_0339#1,gc特别多 shui也多每次都是爽的不行才停下,高潮特别多 水也多每次都是爽的不行才停下,是,gc -> 高潮；shui -> 水,是,gc特别多 -> 高潮特别多；shui也多 -> 水也多,gc特别多 shui也多每次都是爽的不行才停下 -> 高潮特别多 水也多每次都是爽的不行才停下,拟音,语音符号替代,使用拼音首字母缩写“gc”和完整拼音“shui”代替汉字，均通过发音解码，属于语音符号替代。,是，shui不处理,,gc特别多 -> 高潮特别多；shui也多 -> 水也多
309,biz_0349#1,左看着右这副sao浪模样以为右在勾引他,左看着右这副骚浪模样以为右在勾引他,是,sao -> 骚,是,sao浪 -> 骚浪,左看着右这副sao浪模样以为右在勾引他 -> 左看着右这副骚浪模样以为右在勾引他,拟音,语音符号替代,使用拼音字母“sao”代替汉字“骚”，属于利用拼音符号根据发音替代标准汉字的语音符号替代。,,,sao浪 -> 骚浪
310,biz_0355#1,就一步步gy左洗完澡不穿nk,就一步步勾引左洗完澡不穿内裤,否,gy -> 勾引；nk -> 内裤,是,gy左 -> 勾引左；不穿nk -> 不穿内裤,就一步步gy左洗完澡不穿nk -> 就一步步勾引左洗完澡不穿内裤,其他,缩写,gy和nk均为拼音首字母缩写，其发音与还原词不构成音近，故归入其他类下的缩写。,是,gy -> ge yi；nk -> ne ke,ge yi左 -> 勾引左；不穿ne ke -> 不穿内裤
311,biz_0337#1,喷的时候学生还说老师为什么失jin了,喷的时候学生还说老师为什么失禁了,是,jin -> 禁,是,失jin -> 失禁,喷的时候学生还说老师为什么失jin了 -> 喷的时候学生还说老师为什么失禁了,拟音,语音符号替代,使用拼音‘jin’代替汉字‘禁’，发音相同，属于拟音中的语音符号替代。,,,失jin -> 失禁
312,biz_0361#1,评论区有xql,评论区有小情侣,是,xql -> 小情侣,是,xql -> 小情侣,评论区有xql -> 评论区有小情侣,其他,缩写,xql是“小情侣”的拼音首字母缩写，属于缩写类。,是,xql -> xi qi le,xi qi le -> 小情侣
313,biz_0354#1,居然没人看过每晚g哭高冷总裁吗,居然没人看过每晚干哭高冷总裁吗,否,g -> 干,是,g哭 -> 干哭,居然没人看过每晚g哭高冷总裁吗 -> 居然没人看过每晚干哭高冷总裁吗,其他,缩写,使用拼音首字母'g'代替汉字'干'，发音无关，属于缩写。,是,g -> ge,ge哭 -> 干哭
314,biz_0399#1,看到一半池嘉寒fq 了一开始池嘉寒还能忍忍,看到一半池嘉寒发情了一开始池嘉寒还能忍忍,是,fq -> 发情,是,fq -> 发情,看到一半池嘉寒fq 了一开始池嘉寒还能忍忍 -> 看到一半池嘉寒发情了一开始池嘉寒还能忍忍,其他,缩写,fq是“发情”的拼音首字母缩写，发音上无直接关联，属于缩写。,是,fq -> fo qi,fo qi -> 发情
315,biz_0397#1,在公司单面镜让luo着做动作展示,在公司单面镜让裸着做动作展示,是,luo -> 裸,是,luo着 -> 裸着,在公司单面镜让luo着做动作展示 -> 在公司单面镜让裸着做动作展示,拟音,语音符号替代,使用拼音“luo”代替汉字“裸”，发音相同，属于语音符号替代。,,,luo着 -> 裸着
316,biz_0404#1,师尊又好面子忍着不jiao,师尊又好面子忍着不叫,是,jiao -> 叫,是,jiao -> 叫,师尊又好面子忍着不jiao -> 师尊又好面子忍着不叫,拟音,语音符号替代,使用拼音“jiao”代替汉字“叫”，属于语音符号替代。,,,jiao -> 叫
317,biz_0398#1,因为是第一次体验雌xgc所以低估了威力,因为是第一次体验雌性高潮所以低估了威力,是,xgc -> 性高潮,是,雌xgc -> 雌性高潮,因为是第一次体验雌xgc所以低估了威力 -> 因为是第一次体验雌性高潮所以低估了威力,其他,缩写,变体“xgc”为“性高潮”的拼音首字母缩写，发音与原词无关，符合缩写定义。,是,xgc -> xi ge ci,雌xi ge ci -> 雌性高潮
318,biz_0405#1,用手轻轻挑 逗着另一边，将那边弄出些许y e体,用手轻轻挑逗着另一边，将那边弄出些许液体,是,挑 逗 -> 挑逗；y e -> 液,是,挑 逗 -> 挑逗；y e体 -> 液体,用手轻轻挑 逗着另一边，将那边弄出些许y e体 -> 用手轻轻挑逗着另一边，将那边弄出些许液体,拟音,语音符号替代,变体“y e”使用拼音符号替代汉字“液”，属于语音符号替代；空格插入“挑 逗”也属于同音变体，整体以拼音替代为主要规避方式。,,,挑 逗 -> 挑逗；y e体 -> 液体
319,biz_0403#1,结果妹自己搞了一些qqny,结果妹自己搞了一些情趣内衣,是,qqny -> 情趣内衣,是,qqny -> 情趣内衣,结果妹自己搞了一些qqny -> 结果妹自己搞了一些情趣内衣,其他,缩写,qqny是“情趣内衣”的拼音首字母缩写，发音上无关，属于其他大类下的缩写。,是,qqny -> qi qi ne yi,qi qi ne yi -> 情趣内衣
320,biz_0400#1,宝贝 知道男朋友在隔壁你还这样不是在gy我吗,宝贝 知道男朋友在隔壁你还这样不是在勾引我吗,是,gy -> 勾引,是,gy -> 勾引,宝贝 知道男朋友在隔壁你还这样不是在gy我吗 -> 宝贝 知道男朋友在隔壁你还这样不是在勾引我吗,其他,缩写,gy是“勾引”的拼音首字母缩写，通过拼音首字母编码，发音无关，符合缩写定义。,是,gy -> ge yi,ge yi -> 勾引
321,biz_0442#1,妹妹一边shenyin一边发出娇chuan,妹妹一边呻吟一边发出娇喘,是,shenyin -> 呻吟；chuan -> 喘,是,shenyin -> 呻吟；娇chuan -> 娇喘,妹妹一边shenyin一边发出娇chuan -> 妹妹一边呻吟一边发出娇喘,拟音,语音符号替代,使用拼音'shenyin'和'chuan'代替汉字'呻吟'和'喘'，属于语音符号替代。,,,shenyin -> 呻吟；娇chuan -> 娇喘
322,biz_0438#1,迷迷蒙蒙间简茸觉得自己真的gc了,迷迷蒙蒙间简茸觉得自己真的高潮了,是,gc -> 高潮,是,gc -> 高潮,迷迷蒙蒙间简茸觉得自己真的gc了 -> 迷迷蒙蒙间简茸觉得自己真的高潮了,其他,缩写,gc为“高潮”的拼音首字母缩写，属于发音无关的缩写。,是,gc -> ge ci,ge ci -> 高潮
323,biz_0362#1,左说右不乖上课yy老师,左说右不乖上课意淫老师,否,yy -> 意淫,是,上课yy老师 -> 上课意淫老师,左说右不乖上课yy老师 -> 左说右不乖上课意淫老师,其他,缩写,变体“yy”为拼音首字母缩写，读音与“意淫”无关，符合缩写定义。,是,yy -> yi yi,上课yi yi老师 -> 上课意淫老师
324,biz_0443#1,从后面插入 妹妹yin jiao着 脸粉嫩嫩的,从后面插入 妹妹淫叫着 脸粉嫩嫩的,是,yin jiao -> 淫叫,是,yin jiao着 -> 淫叫着,从后面插入 妹妹yin jiao着 脸粉嫩嫩的 -> 从后面插入 妹妹淫叫着 脸粉嫩嫩的,拟音,语音符号替代,使用拼音'yin jiao'代替汉字'淫叫'，属于拟音中的语音符号替代。,,,yin jiao着 -> 淫叫着
325,biz_0437#1,sp公开旁观合集,打屁股公开旁观合集,否,sp -> 打屁股,是,sp -> 打屁股,sp公开旁观合集 -> 打屁股公开旁观合集,其他,缩写,变体 sp 由拼音首字母组成，与还原词打屁股在发音上无直接关联，属于拼音首字母缩写，符合缩写子类定义。,是,,sp -> 打屁股
326,biz_0440#1,让妹的pp 刚好放进哥tui 间的空隙里,让妹的屁股刚好放进哥腿间的空隙里,是,pp -> 屁股；tui -> 腿,是,妹的pp -> 妹的屁屁；哥的tui -> 哥的腿,让妹的pp 刚好放进哥tui 间的空隙里 -> 让妹的屁股刚好放进哥腿间的空隙里,拟音,语音符号替代,变体“pp”为“屁股”的拼音首字母缩写，“tui”为“腿”的拼音，均通过发音符号替代标准汉字，属于语音符号替代。,是，英文字母发音,,妹的pp -> 妹的屁屁；哥的tui -> 哥的腿
327,biz_0444#1,手下加点力会是一次窒息性gc,手下加点力会是一次窒息性高潮,是,gc -> 高潮,是,gc -> 高潮,手下加点力会是一次窒息性gc -> 手下加点力会是一次窒息性高潮,其他,缩写,gc 是“高潮”的拼音首字母缩写，属于其他类缩写。,是,gc -> ge ci,ge ci -> 高潮
328,biz_0409#1,在右位因为🔝到深处而要叫出声的时候,在右位因为顶到深处而要叫出声的时候,否,🔝 -> 顶,否,🔝到 -> 顶到,在右位因为🔝到深处而要叫出声的时候 -> 在右位因为顶到深处而要叫出声的时候,其他,表情符号替换,原文使用表情符号“🔝”代替汉字“顶”，依靠视觉符号的语义关联而非发音，符合表情符号替换定义。,否,,🔝到 -> 顶到
329,biz_0401#1,恶俗一点的话哥会扇一下说真sao,恶俗一点的话哥会扇一下说真骚,是,sao -> 骚,是,说真sao -> 说真骚,恶俗一点的话哥会扇一下说真sao -> 恶俗一点的话哥会扇一下说真骚,拟音,语音符号替代,使用拼音sao代替汉字骚，发音相同，属于语音符号替代。,,,说真sao -> 说真骚
330,biz_0439#1,2🥕拉拉 看到下辈子 不跑路,2元拉拉 看到下辈子 不跑路,否,🥕 -> 元,否,2🥕拉拉 -> 2元拉拉,2🥕拉拉 看到下辈子 不跑路 -> 2元拉拉 看到下辈子 不跑路,其他,表情符号替换,使用表情符号🥕代替汉字“元”，通过视觉符号传达编码含义，属于表情符号替换。,否,,2🥕拉拉 -> 2元拉拉
331,biz_0441#1,choucha 的时候会带动两团rq晃动,抽插的时候会带动两团肉球晃动,否,choucha -> 抽插,是,choucha 的时候 -> 抽插的时候,choucha 的时候会带动两团rq晃动 -> 抽插的时候会带动两团肉球晃动,拟音,语音符号替代,使用拼音'choucha'替代'抽插'，属于语音符号替代。,,,choucha 的时候 -> 抽插的时候
332,biz_0452#1,但左不让右穿nink还让右穿着裙子,但左不让右穿内衣裤还让右穿着裙子,否,nink -> 内衣裤,是,n in k -> 内衣裤,但左不让右穿nink还让右穿着裙子 -> 但左不让右穿内衣裤还让右穿着裙子,其他,缩写,nink是拼音缩写或变形，发音上与内衣裤无关，属于通过字母编码的缩写。,是,,n in k -> 内衣裤
333,biz_0463#1,这时拿出毛巾就会sj,这时拿出毛巾就会射精,否,sj -> 射精,是,就会sj -> 就会射精,这时拿出毛巾就会sj -> 这时拿出毛巾就会射精,其他,缩写,sj是“射精”的拼音首字母缩写，发音无关，属于缩写。,是,sj -> si ji,就会si ji -> 就会射精
334,biz_0435#1,可见此人的XP真的很统一了我都不知道该咋填,可见此人的性癖真的很统一了我都不知道该咋填,是,XP -> 性癖,是,XP -> 性癖,可见此人的XP真的很统一了我都不知道该咋填 -> 可见此人的性癖真的很统一了我都不知道该咋填,其他,缩写,XP是性癖的拼音首字母缩写，发音上不相似，属于缩写类。,是,XP -> xi po,xi po -> 性癖
335,biz_0402#1,上报回去左以为右是故意找茬遂提着一整袋的小toys上门,上报回去左以为右是故意找茬遂提着一整袋的小玩具上门,否,toys -> 玩具,是,小toys -> 小玩具,上报回去左以为右是故意找茬遂提着一整袋的小toys上门 -> 上报回去左以为右是故意找茬遂提着一整袋的小玩具上门,其他,缩写,使用英文单词复数形式'toys'替代中文'玩具'，发音无关，属于罗马字母符号替代，归为缩写。,是,,小toys -> 小玩具
336,biz_0506#1,关于扇b，哥扇了一下后问妹喜不喜欢,关于扇逼，哥扇了一下后问妹喜不喜欢,是,b -> 逼,是,扇b -> 扇逼,关于扇b，哥扇了一下后问妹喜不喜欢 -> 关于扇逼，哥扇了一下后问妹喜不喜欢,拟音,语音符号替代,使用字母“b”作为拼音首字母替代汉字“逼”，属于语音符号替代。,是，英文字母发音,,扇b -> 扇逼
337,biz_0478#1,有用打印机印bi，在公司单面镜让luo着做动作展示,有用打印机印逼，在公司单面镜让裸着做动作展示,是,bi -> 逼；luo -> 裸,是,印bi -> 印逼；luo着 -> 裸着,有用打印机印bi，在公司单面镜让luo着做动作展示 -> 有用打印机印逼，在公司单面镜让裸着做动作展示,拟音,语音符号替代,使用拼音字母'bi'和'luo'分别替代同音汉字'逼'和'裸'，属于语音符号替代。,,,印bi -> 印逼；luo着 -> 裸着
338,biz_0522#1,被挑拨得忍不住发大💦，被左毫不留情地抽了几巴掌,被挑拨得忍不住发大水，被左毫不留情地抽了几巴掌,是,💦 -> 水,否,发大💦 -> 发大水,被挑拨得忍不住发大💦，被左毫不留情地抽了几巴掌 -> 被挑拨得忍不住发大水，被左毫不留情地抽了几巴掌,其他,表情符号替换,表情符号💦替代汉字“水”，构成“发大水”，属于表情符号替换。,否,,发大💦 -> 发大水
339,biz_0521#1,左在长棒上满催情药，慢慢旋转着往右的小❄️里塞,左在长棒上满催情药，慢慢旋转着往右的小穴里塞,是,❄️ -> 穴,否,小❄️ -> 小穴,左在长棒上满催情药，慢慢旋转着往右的小❄️里塞 -> 左在长棒上满催情药，慢慢旋转着往右的小穴里塞,其他,表情符号替换,雪花表情符号❄️代替“穴”字，字面语义与编码含义不同，属于表情符号替换。,否,,小❄️ -> 小穴
340,biz_0505#1,有脉冲pao 机也有吸吮，两种功能,有脉冲炮机也有吸吮，两种功能,是,pao  -> 炮,是,pao 机 -> 炮机,有脉冲pao 机也有吸吮，两种功能 -> 有脉冲炮机也有吸吮，两种功能,拟音,语音符号替代,使用拼音'pao'根据发音代替标准汉字'炮'，属于语音符号替代。,,,pao 机 -> 炮机
341,biz_0484#1,攻发现受双性让他认主还是什么，rou挺香的,攻发现受双性让他认主还是什么，肉挺香的,是,rou -> 肉,是,rou挺香的 -> 肉挺香的,攻发现受双性让他认主还是什么，rou挺香的 -> 攻发现受双性让他认主还是什么，肉挺香的,拟音,语音符号替代,rou是拼音，根据发音代替汉字‘肉’，属于语音符号替代。,,,rou挺香的 -> 肉挺香的
342,biz_0547#1,粉嫩的*器被玩得发红发紫变得非常软烂,粉嫩的性器被玩得发红发紫变得非常软烂,否,* -> 性,否,*器 -> 性器,粉嫩的*器被玩得发红发紫变得非常软烂 -> 粉嫩的性器被玩得发红发紫变得非常软烂,其他,表情符号替换,用星号“*”屏蔽敏感词“性”，属于视觉符号替换，字面与编码含义不同，符合表情符号替换定义。,否,,*器 -> 性器
343,biz_0529#1,右是偶像，左在右雪里放可以连接歌曲,右是偶像，左在右穴里放可以连接歌曲,否,雪 -> 穴,否,右的雪里 -> 右的穴里,右是偶像，左在右雪里放可以连接歌曲 -> 右是偶像，左在右穴里放可以连接歌曲,拟音,非词汇同音词,变体将“雪”替换为“穴”，利用同音字（xue3/xue2）实现谐音替换，表面片段“右雪里”并非有效词汇表达，属于非词汇同音词。,否,,右的雪里 -> 右的穴里
344,biz_0583#1,妹妹总是出💧很多 哥哥也总是拿这个挑逗,妹妹总是出水很多 哥哥也总是拿这个挑逗,是,💧 -> 水,否,出💧 -> 出水,妹妹总是出💧很多 哥哥也总是拿这个挑逗 -> 妹妹总是出水很多 哥哥也总是拿这个挑逗,其他,表情符号替换,用表情符号💧替换了文字“水”，属于表情符号替换。,否,,出💧 -> 出水
345,biz_0523#1,胸口和眼睛的星空还有瘦瘦的身体都很涩情✋🏻,胸口和眼睛的星空还有瘦瘦的身体都很色情✋🏻,是,涩 -> 色,否,涩情 -> 色情,胸口和眼睛的星空还有瘦瘦的身体都很涩情✋🏻 -> 胸口和眼睛的星空还有瘦瘦的身体都很色情✋🏻,拟音,非词汇同音词,“涩情”不是有效词汇，但通过同音字“涩”替换“色”来编码“色情”，发音相同，属于非词汇同音词。,否,,涩情 -> 色情
346,biz_0575#1,➗超多 看到下辈子,出超多 看到下辈子,否,➗ -> 出,否,➗超多 -> 出超多,➗超多 看到下辈子 -> 出超多 看到下辈子,拟音,语音符号替代,除号➗读作“除”，与“出”同音，是用符号根据发音替代汉字，属于语音符号替代。,否,,➗超多 -> 出超多
347,biz_0544#1,但右位说了很多平时难以启齿的好话左位都不听，就着水云力，右位里面的水就晃晃悠悠的,但右位说了很多平时难以启齿的好话左位都不听，就着浪，右位里面的水就晃晃悠悠的,否,水云力 -> 浪,否,就着水云力 -> 就着浪,但右位说了很多平时难以启齿的好话左位都不听，就着水云力，右位里面的水就晃晃悠悠的 -> 但右位说了很多平时难以启齿的好话左位都不听，就着浪，右位里面的水就晃晃悠悠的,其他,缩写,变体“水云力”通过拆解汉字“浪”为三个部件形成，发音不相关，属于非拟音的文字游戏，归入其他大类，与缩写类似是一种非语音的编码替换。,否,,就着水云力 -> 就着浪
348,biz_0525#1,并👅干净哥的**，还会张开嘴向哥展示,并舔干净哥的**，还会张开嘴向哥展示,是,👅 -> 舔,否,👅 -> 舔,并👅干净哥的**，还会张开嘴向哥展示 -> 并舔干净哥的**，还会张开嘴向哥展示,其他,表情符号替换,使用舌头表情符号👅代替文字“舔”，属于表情符号替换。,否,,👅 -> 舔
349,biz_0002#1,意外撞见竹马在房间做手工后2（高h）,意外撞见竹马在房间做手工后2（高黄）,是,h -> 黄,是,高h -> 高黄,意外撞见竹马在房间做手工后2（高h） -> 意外撞见竹马在房间做手工后2（高黄）,其他,缩写,“h”是“黄”的拼音首字母，发音上并不相近，属于缩写替换。,是,h -> he,高he -> 高黄
350,biz_0003#1,返图 改了点 翻了一下pl好像就我画的很潦草啊（）,返图 改了点 翻了一下评论区好像就我画的很潦草啊（）,否,pl -> 评论区,是,pl -> 评论区,返图 改了点 翻了一下pl好像就我画的很潦草啊（） -> 返图 改了点 翻了一下评论区好像就我画的很潦草啊（）,其他,缩写,使用拼音首字母缩写，发音上无关。,是,pl -> po le,po le -> 评论区
351,biz_0571#1,猜你想玩：dol,猜你想玩：Degrees of Lewdity,否,dol -> Degrees of Lewdity,是,dol -> Degrees of Lewdity,猜你想玩：dol -> 猜你想玩：Degrees of Lewdity,其他,缩写,dol 是游戏名称 Degrees of Lewdity 的英文缩写，发音上无关，属于缩写类。,是,,dol -> Degrees of Lewdity
352,biz_0004#1,左把小🐔🐔c在右的小❄️里还吃着右的大扔,左把小鸡鸡插在右的小穴里还吃着右的大奶,否,🐔🐔c -> 鸡鸡插；❄️ -> 穴；扔 -> 奶,是,小🐔🐔c -> 小鸡鸡插；小❄️ -> 小穴；大扔 -> 大奶,左把小🐔🐔c在右的小❄️里还吃着右的大扔 -> 左把小鸡鸡插在右的小穴里还吃着右的大奶,其他,表情符号替换,主要使用表情符号替换，如🐔🐔和❄️，以及字母缩写c，整体采用表情符号替换编码，扔→奶为形近谐音，但整体归类为表情符号替换。,是,c -> ci,小🐔🐔ci -> 小鸡鸡插；小❄️ -> 小穴；大扔 -> 大奶
353,biz_0009#1,哥妹p 体型差 两部 2🥕,兄妹配对 体型差 两部 2元,否,p -> 配对；🥕 -> 元,是,哥妹p -> 兄妹配对；2🥕 -> 2元,哥妹p 体型差 两部 2🥕 -> 兄妹配对 体型差 两部 2元,其他,缩写,原文包含字母缩写'p'（配对）和表情符号'🥕'（元），均属非拟音的其他类；其中'p'为核心词汇缩写，故归为缩写子类。,是,p -> po,哥妹po -> 兄妹配对；2🥕 -> 2元
354,biz_0526#1,什么说脏话被惩罚桌角走绳催🥛,什么说脏话被惩罚桌角走绳催乳,否,🥛 -> 乳,否,催🥛 -> 催乳,什么说脏话被惩罚桌角走绳催🥛 -> 什么说脏话被惩罚桌角走绳催乳,其他,表情符号替换,使用🥛表情符号（牛奶）替换“乳”字，表达催乳的含义，属于表情符号替换。,否,,催🥛 -> 催乳
355,biz_0020#1,把妹弄醒了哼哼唧唧的，哥听到声音又🍐了,把妹弄醒了哼哼唧唧的，哥听到声音又立了,否,🍐 -> 立,否,又🍐了 -> 又立了,把妹弄醒了哼哼唧唧的，哥听到声音又🍐了 -> 把妹弄醒了哼哼唧唧的，哥听到声音又立了,其他,表情符号替换,使用梨的emoji'🍐'替代发音相近的汉字'立'，传达非字面含义，属于表情符号替换。,否,,又🍐了 -> 又立了
356,biz_0012#1,你不准参加yp,你不准参加约炮,否,yp -> 约炮,是,yp -> 约炮,你不准参加yp -> 你不准参加约炮,其他,缩写,变体使用拼音首字母缩写代替原词，发音无关，属于其他大类中的缩写子类。,是,yp -> yi po,yi po -> 约炮
357,biz_0445#1,妹问哥要亲亲的时候会说“亲亲”但是这两个字和日语的ちんちん发音很像,妹问哥要亲亲的时候会说“亲亲”但是这两个字和日语的ちんちん发音很像,是,亲亲 -> ちんちん,否,亲亲 -> ちんちん,妹问哥要亲亲的时候会说“亲亲”但是这两个字和日语的ちんちん发音很像 -> 妹问哥要亲亲的时候会说“亲亲”但是这两个字和日语的ちんちん发音很像,拟音,跨语言语音编码（含方言，可称非普通话音近）,文本指出“亲亲”与日语“ちんちん”发音相似，虽然未体现为实际替换，但属于对跨语言语音编码现象的讨论，可归入拟音大类下的跨语言语音编码。,否,,亲亲 -> ちんちん
358,biz_0129#1,或许。。lvss？,或许。。lvss？,否,lvss -> lvss,是,lvss -> lvss,或许。。lvss？ -> 或许。。lvss？,其他,缩写,原始文本与还原答案无差异，未产生变种映射，但文本包含字母串“lvss”，属于罗马字母缩写形式，符合缩写定义。,是,,lvss -> lvss
359,biz_0366#1,低头咬住妹的扔（妹身体特殊会产汝）,低头咬住妹的奶（妹身体特殊会产乳）,否,扔 -> 奶；汝 -> 乳,否,妹的扔 -> 妹的奶；产汝 -> 产乳,低头咬住妹的扔（妹身体特殊会产汝） -> 低头咬住妹的奶（妹身体特殊会产乳）,拟音,跨语言语音编码（含方言，可称非普通话音近）,扔（reng）在部分方言中与奶（nai）发音相似，汝（ru）与乳（ru）同音，均通过语音近似替换原词。,否,,妹的扔 -> 妹的奶；产汝 -> 产乳
360,biz_0041#1,或许p白？,或许白嫖？,否,p -> 嫖,是,p白 -> 白嫖,或许p白？ -> 或许白嫖？,其他,缩写,使用拼音首字母“p”代替汉字“嫖”，属于拼音缩写，发音无关，符合子类“缩写”。,是,p -> po,po白 -> 白嫖
361,biz_0382#1,活着好痛苦好累我想zc,活着好痛苦好累我想自残,是,zc -> 自残,是,zc -> 自残,活着好痛苦好累我想zc -> 活着好痛苦好累我想自残,其他,缩写,使用拼音首字母缩写“zc”代替“自残”，发音不相关，属于缩写。,是,zc -> zi ci,zi ci -> 自残
362,biz_0368#1,在家抢了。妹没认出伪装得好的叔,在家强（奸）了。妹没认出伪装得好的叔,否,抢 -> 强(奸),否,抢了 -> 强了,在家抢了。妹没认出伪装得好的叔 -> 在家强（奸）了。妹没认出伪装得好的叔,拟音,歧义同音词,用同音字“抢”（qiang3）替代“强”（qiang2），通过谐音隐藏“强奸”的实际含义，属于歧义同音词。,否,,抢了 -> 强了
363,biz_0481#1,我靠太好看了不愧是顶闹钟早起复习刷的xhs，,我靠太好看了不愧是顶闹钟早起复习刷的小红书，,是,xhs -> 小红书,是,xhs -> 小红书,我靠太好看了不愧是顶闹钟早起复习刷的xhs， -> 我靠太好看了不愧是顶闹钟早起复习刷的小红书，,其他,缩写,xhs 是拼音首字母缩写，发音不直接对应，属于缩写类。,是,xhs -> xi he si,xi he si -> 小红书
364,biz_0436#1,3块巨多🥕3块巨多🥕3块巨多🥕,3块巨多🥕3块巨多🥕3块巨多🥕,是,无映射,否,3块巨多🥕 -> 3块巨多🥕,3块巨多🥕3块巨多🥕3块巨多🥕 -> 3块巨多🥕3块巨多🥕3块巨多🥕,其他,表情符号替换,原始文本和还原答案完全相同，无实际变种映射，但🥕属于表情符号，若存在替换则属表情符号替换，此处无替换故仅形式归类。,否,,3块巨多🥕 -> 3块巨多🥕
365,toxicloakcn_homophone_keyword_001165#1,一群募购什么事做不出来,一群母狗什么事做不出来,是,募购 -> 母狗,否,募购 -> 母狗,一群募购什么事做不出来 -> 一群母狗什么事做不出来,拟音,歧义同音词,“募购”与“母狗”发音相近，且“募购”本身有字面含义，属于拟音大类中的歧义同音词。,否,,募购 -> 母狗
366,toxicloakcn_emoji_keyword_001539#1,说了多少次，👊🔟的目标非常明确，就是把蝈腩干死，彻底的把蝈腩变成自己的血包别人说啥干啥，只要不是给蝈腩打气，她们都不会管的,说了多少次，拳师的目标非常明确，就是把蝈腩干死，彻底的把蝈腩变成自己的血包别人说啥干啥，只要不是给蝈腩打气，她们都不会管的,是,👊🔟 -> 拳师,否,👊🔟 -> 拳师,说了多少次，👊🔟的目标非常明确，就是把蝈腩干死，彻底的把蝈腩变成自己的血包别人说啥干啥，只要不是给蝈腩打气，她们都不会管的 -> 说了多少次，拳师的目标非常明确，就是把蝈腩干死，彻底的把蝈腩变成自己的血包别人说啥干啥，只要不是给蝈腩打气，她们都不会管的,其他,表情符号替换,使用表情符号拳头和数字10，通过谐音（拳十）编码为“拳师”，传达与字面含义不同的编码含义。,否,,👊🔟 -> 拳师
367,toxicloakcn_homophone_keyword_002327#1,一些难桶性恋者会说出一些符合女性特质的话语，比如“我的β很胀很痒。”“给本宫请安。”“叫我大姐。”“妹妹你来啦。”“塑料姐妹花”。语义空间上，很多难桶性恋者可能认为“姐妹相称”或使用一些“女性专属”的语料可能是风趣幽末，或者开玩笑，但其中有一部分却可能是真实存在“性别焦虑”问题者。而对于一部分难桶性恋者来说，使用女性化的语料，更“母”的语言与行为会让他们感觉在社交中更为舒适。在主观上与他人眼中，这有意或无意地更加模糊了“难桶性恋”中的0角色与“跨性别者”“性别焦虑者”的界限。,一些男同性恋者会说出一些符合女性特质的话语，比如“我的β很胀很痒。”“给本宫请安。”“叫我大姐。”“妹妹你来啦。”“塑料姐妹花”。语义空间上，很多男同性恋者可能认为“姐妹相称”或使用一些“女性专属”的语料可能是风趣幽默，或者开玩笑，但其中有一部分却可能是真实存在“性别焦虑”问题者。而对于一部分男同性恋者来说，使用女性化的语料，更“母”的语言与行为会让他们感觉在社交中更为舒适。在主观上与他人眼中，这有意或无意地更加模糊了“男同性恋”中的0角色与“跨性别者”“性别焦虑者”的界限。,是,难桶 -> 男同；末 -> 默,否,难桶性恋者 -> 男同性恋者；幽末 -> 幽默,一些难桶性恋者会说出一些符合女性特质的话语，比如“我的β很胀很痒。”“给本宫请安。”“叫我大姐。”“妹妹你来啦。”“塑料姐妹花”。语义空间上，很多难桶性恋者可能认为“姐妹相称”或使用一些“女性专属”的语料可能是风趣幽末，或者开玩笑，但其中有一部分却可能是真实存在“性别焦虑”问题者。而对于一部分难桶性恋者来说，使用女性化的语料，更“母”的语言与行为会让他们感觉在社交中更为舒适。在主观上与他人眼中，这有意或无意地更加模糊了“难桶性恋”中的0角色与“跨性别者”“性别焦虑者”的界限。 -> 一些男同性恋者会说出一些符合女性特质的话语，比如“我的β很胀很痒。”“给本宫请安。”“叫我大姐。”“妹妹你来啦。”“塑料姐妹花”。语义空间上，很多男同性恋者可能认为“姐妹相称”或使用一些“女性专属”的语料可能是风趣幽默，或者开玩笑，但其中有一部分却可能是真实存在“性别焦虑”问题者。而对于一部分男同性恋者来说，使用女性化的语料，更“母”的语言与行为会让他们感觉在社交中更为舒适。在主观上与他人眼中，这有意或无意地更加模糊了“男同性恋”中的0角色与“跨性别者”“性别焦虑者”的界限。,拟音,非词汇同音词,“难桶”与“男同”音近，“幽末”与“幽默”同音，但“难桶”“幽末”均非有效词汇，属于通过发音相近替代标准词的非词汇同音词。,否,,难桶性恋者 -> 男同性恋者；幽末 -> 幽默
368,toxicloakcn_homophone_keyword_002001#1,谦虚点，我们蝈腩😆,谦虚点，我们国男😆,是,蝈腩 -> 国男,否,蝈腩 -> 国男,谦虚点，我们蝈腩😆 -> 谦虚点，我们国男😆,拟音,非词汇同音词,“蝈腩”作为无意义组合，利用同音近似指代“国男”，属于非词汇同音词。,否,,蝈腩 -> 国男
369,toxicloakcn_emoji_keyword_000358#1,因为媚外是表象，借媚外打压锅男才是👩👊的目的，反媚外就是反拳，逻辑没问题。,因为媚外是表象，借媚外打压锅男才是女拳的目的，反媚外就是反拳，逻辑没问题。,是,👩👊 -> 女拳,否,👩👊 -> 女拳,因为媚外是表象，借媚外打压锅男才是👩👊的目的，反媚外就是反拳，逻辑没问题。 -> 因为媚外是表象，借媚外打压锅男才是女拳的目的，反媚外就是反拳，逻辑没问题。,其他,表情符号替换,使用表情符号👩👊代替文字“女拳”，属于表情符号替换。,否,,👩👊 -> 女拳
370,toxicloakcn_emoji_keyword_001302#1,个人觉得蝴蝶姬的老公有问题，要么是3️⃣非，要么是搞非法买卖的，从她的行为非常可疑。,个人觉得蝴蝶姬的老公有问题，要么是三非，要么是搞非法买卖的，从她的行为非常可疑。,是,3️⃣ -> 三,否,3️⃣非 -> 三非,个人觉得蝴蝶姬的老公有问题，要么是3️⃣非，要么是搞非法买卖的，从她的行为非常可疑。 -> 个人觉得蝴蝶姬的老公有问题，要么是三非，要么是搞非法买卖的，从她的行为非常可疑。,拟音,语音符号替代,使用数字emoji符号“3️⃣”根据发音（sān）替代汉字“三”，属于语音符号替代。,否,,3️⃣非 -> 三非
371,toxicloakcn_homophone_keyword_002353#1,拿出这种言论，我感觉你的世界观只能覆盖自己眼前的一穆三分地。同样，这样的观念并没有错，只是狭隘而已。其次，喜欢只是一种感受不是一种权利，能和喜欢的人生活在阳光下才是权利；最后，你提到的反感也不是一种自由，而是有限的眼界里，表现出的无知与傲慢。,拿出这种言论，我感觉你的世界观只能覆盖自己眼前的一亩三分地。同样，这样的观念并没有错，只是狭隘而已。其次，喜欢只是一种感受不是一种权利，能和喜欢的人生活在阳光下才是权利；最后，你提到的反感也不是一种自由，而是有限的眼界里，表现出的无知与傲慢。,是,穆 -> 亩,否,一穆三分地 -> 一亩三分地,拿出这种言论，我感觉你的世界观只能覆盖自己眼前的一穆三分地。同样，这样的观念并没有错，只是狭隘而已。其次，喜欢只是一种感受不是一种权利，能和喜欢的人生活在阳光下才是权利；最后，你提到的反感也不是一种自由，而是有限的眼界里，表现出的无知与傲慢。 -> 拿出这种言论，我感觉你的世界观只能覆盖自己眼前的一亩三分地。同样，这样的观念并没有错，只是狭隘而已。其次，喜欢只是一种感受不是一种权利，能和喜欢的人生活在阳光下才是权利；最后，你提到的反感也不是一种自由，而是有限的眼界里，表现出的无知与傲慢。,拟音,非词汇同音词,用“穆”代替“亩”，因发音相近，形成非词汇同音词，通过语音可解码为约定俗成的短语“一亩三分地”。,否,,一穆三分地 -> 一亩三分地
372,toxicloakcn_homophone_keyword_001196#1,兄弟，辛苦了，现在喷吧基本被拿下来了，就贵亩跟几个还在狗延残喘，好好休息，明天再战,兄弟，辛苦了，现在喷吧基本被拿下来了，就鬼母跟几个还在苟延残喘，好好休息，明天再战,否,贵亩 -> 鬼母；狗 -> 苟,否,贵亩 -> 鬼母；狗延残喘 -> 苟延残喘,兄弟，辛苦了，现在喷吧基本被拿下来了，就贵亩跟几个还在狗延残喘，好好休息，明天再战 -> 兄弟，辛苦了，现在喷吧基本被拿下来了，就鬼母跟几个还在苟延残喘，好好休息，明天再战,拟音,非词汇同音词,贵亩(guì mǔ)与鬼母(guǐ mǔ)、狗(gǒu)与苟(gǒu)均为同音/近音替换，替换后形成的“贵亩”和“狗延残喘”均非有效词汇，符合非词汇同音词的定义。,否,,贵亩 -> 鬼母；狗延残喘 -> 苟延残喘
373,toxicloakcn_homophone_keyword_000298#1,起码自私 中国上到公务员 下到服务员 到要求五官端正 形象气质佳 黑部牛球的除了进工厂 连工作都找不到 如果是黑人土豪还情有可元,起码自私 中国上到公务员 下到服务员 到要求五官端正 形象气质佳 黑不溜秋的除了进工厂 连工作都找不到 如果是黑人土豪还情有可原,是,部牛球 -> 不溜秋；元 -> 原,否,黑部牛球的 -> 黑不溜秋的；情有可元 -> 情有可原,起码自私 中国上到公务员 下到服务员 到要求五官端正 形象气质佳 黑部牛球的除了进工厂 连工作都找不到 如果是黑人土豪还情有可元 -> 起码自私 中国上到公务员 下到服务员 到要求五官端正 形象气质佳 黑不溜秋的除了进工厂 连工作都找不到 如果是黑人土豪还情有可原,拟音,非词汇同音词,“部牛球”为无意义音节组合，通过谐音替换为“不溜秋”，属于非词汇同音词；同时“元”替换“原”为同音字替换，但整体以非词汇谐音为主。,否,,黑部牛球的 -> 黑不溜秋的；情有可元 -> 情有可原
374,toxicloakcn_homophone_keyword_001782#1,楼主你恐怕不知道冲雷及其后代从荤是拉美人外全球第二大贩毒和运毒和磕药的大户,楼主你恐怕不知道虫类及其后代虫混是拉美人外全球第二大贩毒和运毒和磕药的大户,否,冲雷 -> 虫类；从荤 -> 虫混,否,冲雷 -> 虫类；从荤 -> 虫混,楼主你恐怕不知道冲雷及其后代从荤是拉美人外全球第二大贩毒和运毒和磕药的大户 -> 楼主你恐怕不知道虫类及其后代虫混是拉美人外全球第二大贩毒和运毒和磕药的大户,拟音,非词汇同音词,变体“冲雷”和“从荤”均非有效词汇，通过发音相近解码为“虫类”和“虫混”，符合非词汇同音词定义。,否,,冲雷 -> 虫类；从荤 -> 虫混
375,biz_0152#1,此女怪好嬷的，被法时可能很快就会哭出来吧,此女怪好嬷的，被fuck时可能很快就会哭出来吧,否,法 -> fuck,是,被法时 -> 被fuck时,此女怪好嬷的，被法时可能很快就会哭出来吧 -> 此女怪好嬷的，被fuck时可能很快就会哭出来吧,拟音,跨语言语音编码（含方言，可称非普通话音近）,“法”的发音近似英语“fuck”的第一个音节，用作音译替代，属于跨语言语音编码。,,,被法时 -> 被fuck时
376,toxicloakcn_emoji_keyword_001890#1,黑东北的百分之九十是“好客山洞” 见不得中国好的是美国👴小日本 见不得东北好的是好客山洞,黑东北的百分之九十是“好客山洞” 见不得中国好的是美国佬小日本 见不得东北好的是好客山洞,是,👴 -> 佬,否,美国👴小日本 -> 美国佬小日本,黑东北的百分之九十是“好客山洞” 见不得中国好的是美国👴小日本 见不得东北好的是好客山洞 -> 黑东北的百分之九十是“好客山洞” 见不得中国好的是美国佬小日本 见不得东北好的是好客山洞,其他,表情符号替换,变体使用老人表情符号👴代替汉字“佬”，属于表情符号替换，传达编码含义。,否,,美国👴小日本 -> 美国佬小日本
377,toxicloakcn_homophone_keyword_002673#1,可见苍天有多震怒对全球所有冲雷及其它们后代从荤已惩罚之态及其它们亲儿子和左棍和республиканскоеправительство已惩罚之态！,可见苍天有多震怒对全球所有虫类及其它们后代虫混已惩罚之态及其它们亲儿子和左棍和республиканскоеправительство已惩罚之态！,否,冲雷 -> 虫类；从荤 -> 虫混,否,冲雷 -> 虫类；从荤 -> 虫混,可见苍天有多震怒对全球所有冲雷及其它们后代从荤已惩罚之态及其它们亲儿子和左棍和республиканскоеправительство已惩罚之态！ -> 可见苍天有多震怒对全球所有虫类及其它们后代虫混已惩罚之态及其它们亲儿子和左棍和республиканскоеправительство已惩罚之态！,拟音,非词汇同音词,“冲雷”与“虫类”音近，“从荤”与“虫混”音近，且表面形式“冲雷”“从荤”并非有效词汇表达，属于非词汇同音词。,否,,冲雷 -> 虫类；从荤 -> 虫混
378,toxicloakcn_homophone_keyword_001161#1,⁉你tm是在转移话题吧。再说了替黑人洗地的大都是女性，不然像这次宁波工程学院事件，那些女全怎么不出来发声？男生崇拜的是像科比和詹姆斯那样有成就的黑人，要是国内那些美飞表嫁给这类黑人，有谁会骂她们？可现实是和那些美飞表交往的黑人都是一些懒惰，喜欢犯罪的言垃圾。而且这帮美飞表被甩了以后，还在社交媒体上跪天嗨人，还想拉其他无辜的女生下水。,⁉你tm是在转移话题吧。再说了替黑人洗地的大都是女性，不然像这次宁波工程学院事件，那些女拳怎么不出来发声？男生崇拜的是像科比和詹姆斯那样有成就的黑人，要是国内那些媚黑婊嫁给这类黑人，有谁会骂她们？可现实是和那些媚黑婊交往的黑人都是一些懒惰，喜欢犯罪的洋垃圾。而且这帮媚黑婊被甩了以后，还在社交媒体上跪舔黑人，还想拉其他无辜的女生下水。,否,全 -> 拳；美飞表 -> 媚黑婊；言 -> 洋；天嗨 -> 舔黑,否,女全 -> 女拳；美飞表 -> 媚黑婊；言垃圾 -> 洋垃圾；跪天嗨人 -> 跪舔黑人,⁉你tm是在转移话题吧。再说了替黑人洗地的大都是女性，不然像这次宁波工程学院事件，那些女全怎么不出来发声？男生崇拜的是像科比和詹姆斯那样有成就的黑人，要是国内那些美飞表嫁给这类黑人，有谁会骂她们？可现实是和那些美飞表交往的黑人都是一些懒惰，喜欢犯罪的言垃圾。而且这帮美飞表被甩了以后，还在社交媒体上跪天嗨人，还想拉其他无辜的女生下水。 -> ⁉你tm是在转移话题吧。再说了替黑人洗地的大都是女性，不然像这次宁波工程学院事件，那些女拳怎么不出来发声？男生崇拜的是像科比和詹姆斯那样有成就的黑人，要是国内那些媚黑婊嫁给这类黑人，有谁会骂她们？可现实是和那些媚黑婊交往的黑人都是一些懒惰，喜欢犯罪的洋垃圾。而且这帮媚黑婊被甩了以后，还在社交媒体上跪舔黑人，还想拉其他无辜的女生下水。,拟音,非词汇同音词,变体通过谐音替换，如“女全”谐音“女拳”、“美飞表”谐音“媚黑婊”，字面均无法构成有效词汇，需通过语音解码，属于非词汇同音词。,否,,女全 -> 女拳；美飞表 -> 媚黑婊；言垃圾 -> 洋垃圾；跪天嗨人 -> 跪舔黑人
379,toxicloakcn_homophone_keyword_001006#1,那要知道这些女人男人塑造的，不过是男人怕其他男人变成天沟罢了,那要知道这些女人男人塑造的，不过是男人怕其他男人变成舔狗罢了,是,天沟 -> 舔狗,否,天沟 -> 舔狗,那要知道这些女人男人塑造的，不过是男人怕其他男人变成天沟罢了 -> 那要知道这些女人男人塑造的，不过是男人怕其他男人变成舔狗罢了,拟音,非词汇同音词,变体“天沟”不是一个有效词汇，通过语音近似（tiān gōu 近似 tiǎn gǒu）编码“舔狗”，属于拟音中的非词汇同音词。,否,,天沟 -> 舔狗
380,toxicloakcn_emoji_keyword_002508#1,🍚铜头子忏悔记，震惊出贵,反同头子忏悔记，震惊出柜,否,🍚铜 -> 反同；贵 -> 柜,否,🍚铜 -> 反同；出贵 -> 出柜,🍚铜头子忏悔记，震惊出贵 -> 反同头子忏悔记，震惊出柜,其他,表情符号替换,文本使用表情符号'🍚'结合'铜'谐音'反同'，属于表情符号替换；同时'贵'谐音'柜'属于歧义同音词，但整体以表情符号替换为主要规避手段。,否,,🍚铜 -> 反同；出贵 -> 出柜
381,toxicloakcn_homophone_keyword_002264#1,开始什么样。最开始的早就被他自己删光了吧好一朵百年,开始什么样。最开始的早就被他自己删光了吧好一朵白莲,是,百年 -> 白莲,否,好一朵百年 -> 好一朵白莲,开始什么样。最开始的早就被他自己删光了吧好一朵百年 -> 开始什么样。最开始的早就被他自己删光了吧好一朵白莲,拟音,歧义同音词,变体“百年”与还原“白莲”发音相近，且“百年”是现有词汇，通过同音替换表达“白莲”这一网络用语含义。,否,,好一朵百年 -> 好一朵白莲
382,toxicloakcn_homophone_keyword_000190#1,亩人和理客中一样恶心,母人和理客中一样恶心,否,亩 -> 母,否,亩人 -> 母人,亩人和理客中一样恶心 -> 母人和理客中一样恶心,拟音,非词汇同音词,“亩”与“母”同音，形成非词汇表达“亩人”，通过语音解码为“母人”，属于非词汇同音词。,否,,亩人 -> 母人
383,toxicloakcn_homophone_keyword_000991#1,充满了抠脚汉油腻荷尔蒙气息的匿名笑仙女🐶🐶,充满了抠脚汉油腻荷尔蒙气息的匿名小仙女🐶🐶,是,笑 -> 小,否,笑仙女 -> 小仙女,充满了抠脚汉油腻荷尔蒙气息的匿名笑仙女🐶🐶 -> 充满了抠脚汉油腻荷尔蒙气息的匿名小仙女🐶🐶,拟音,歧义同音词,“笑”与“小”发音相近，且“笑”本身是有效汉字，替换后形成表面有意义的“笑仙女”，实际含义为“小仙女”，属于歧义同音词。,否,,笑仙女 -> 小仙女
384,toxicloakcn_homophone_keyword_001249#1,一眼lkd现实中没人要的柜物罢了,一眼烂裤裆现实中没人要的废物罢了,是,lkd -> 烂裤裆（拼音首字母）-> 烂裤裆。,是,一眼lkd -> 一眼烂裤裆,一眼lkd现实中没人要的柜物罢了 -> 一眼烂裤裆现实中没人要的废物罢了,其他,缩写,lkd是烂裤裆的拼音首字母缩写，发音不相似，属于其他-缩写。,是,lkd -> le ke de,一眼le ke de -> 一眼烂裤裆
385,toxicloakcn_emoji_keyword_002391#1,7️⃣📏大儒🐵，和阿娜一个级别的,七尺大乳猴，和阿娜一个级别的,否,7️⃣📏 -> 七尺；儒🐵 -> 乳猴,否,7️⃣📏大儒🐵 -> 七尺大乳猴,7️⃣📏大儒🐵，和阿娜一个级别的 -> 七尺大乳猴，和阿娜一个级别的,其他,表情符号替换,使用数字7️⃣、直尺📏和猴子🐵等表情符号替代汉字，整体构成“七尺大乳猴”的谐音表达，属于表情符号替换。,否,,7️⃣📏大儒🐵 -> 七尺大乳猴
386,toxicloakcn_homophone_keyword_001289#1,我不歧视这样的女的，只希望他们不要在中国了，嫁及随及，嫁购随购，和黑人去非洲开疆扩土吧！,我不歧视这样的女的，只希望他们不要在中国了，嫁鸡随鸡，嫁狗随狗，和黑人去非洲开疆扩土吧！,是,及 -> 鸡；购 -> 狗,否,嫁及随及 -> 嫁鸡随鸡；嫁购随购 -> 嫁狗随狗,我不歧视这样的女的，只希望他们不要在中国了，嫁及随及，嫁购随购，和黑人去非洲开疆扩土吧！ -> 我不歧视这样的女的，只希望他们不要在中国了，嫁鸡随鸡，嫁狗随狗，和黑人去非洲开疆扩土吧！,拟音,歧义同音词,变体'及'和'购'是现有词汇，表面上构成有效表达，但实际含义因同音词而分别表示'鸡'和'狗'，属于歧义同音词。,否,,嫁及随及 -> 嫁鸡随鸡；嫁购随购 -> 嫁狗随狗
387,toxicloakcn_homophone_keyword_000911#1,真是国际圣母标和圣父标 他/她们那微不足道所谓善心真是没地方散发去援助时刻对人类社会无不垂涎入寝野生动物昆虫纲最低等卵体寄生虫而且从来没有寄生冲雷及其它们后代靠着自己本事与能力让它们物种群过上好日子完全就是饭来张口，衣来伸手不断吸食地球血液而且不知大家看到没有它们都是基本上统一无爹。,真是国际圣母婊和圣父婊 他/她们那微不足道所谓善心真是没地方散发去援助时刻对人类社会无不垂涎入寝野生动物昆虫纲最低等卵体寄生虫而且从来没有寄生虫类及其它们后代靠着自己本事与能力让它们物种群过上好日子完全就是饭来张口，衣来伸手不断吸食地球血液而且不知大家看到没有它们都是基本上统一无爹。,否,标 -> 婊；冲雷 -> 虫类,否,圣母标 -> 圣母婊；圣父标 -> 圣父婊；寄生冲雷 -> 寄生虫类,真是国际圣母标和圣父标 他/她们那微不足道所谓善心真是没地方散发去援助时刻对人类社会无不垂涎入寝野生动物昆虫纲最低等卵体寄生虫而且从来没有寄生冲雷及其它们后代靠着自己本事与能力让它们物种群过上好日子完全就是饭来张口，衣来伸手不断吸食地球血液而且不知大家看到没有它们都是基本上统一无爹。 -> 真是国际圣母婊和圣父婊 他/她们那微不足道所谓善心真是没地方散发去援助时刻对人类社会无不垂涎入寝野生动物昆虫纲最低等卵体寄生虫而且从来没有寄生虫类及其它们后代靠着自己本事与能力让它们物种群过上好日子完全就是饭来张口，衣来伸手不断吸食地球血液而且不知大家看到没有它们都是基本上统一无爹。,拟音,歧义同音词,变体“标”与“婊”音近且字面可构成有效表达（如“圣母标”可解为圣母标准），属于歧义同音词；“冲雷”与“虫类”音近但“冲雷”非有效词汇，属于非词汇同音词，整体以歧义同音词为主。,否,,圣母标 -> 圣母婊；圣父标 -> 圣父婊；寄生冲雷 -> 寄生虫类
388,toxicloakcn_emoji_keyword_001744#1,因为B站圣母⌚和政治正确一点也不少，,因为B站圣母婊和政治正确一点也不少，,是,⌚ -> 婊,否,圣母⌚ -> 圣母婊,因为B站圣母⌚和政治正确一点也不少， -> 因为B站圣母婊和政治正确一点也不少，,其他,表情符号替换,⌚是手表表情符号，在此处替代同音字“婊”，属于用表情符号编码含义，发音上无直接关联，归入其他大类中的表情符号替换。,否,,圣母⌚ -> 圣母婊
389,toxicloakcn_homophone_keyword_002167#1,你这个广东满子，黑河南、黑北方的总部是广州，核心地带是从上海到广州的整个东南沿海，范围是整个南方,你这个广东蛮子，黑河南、黑北方的总部是广州，核心地带是从上海到广州的整个东南沿海，范围是整个南方,是,满 -> 蛮,否,广东满子 -> 广东蛮子,你这个广东满子，黑河南、黑北方的总部是广州，核心地带是从上海到广州的整个东南沿海，范围是整个南方 -> 你这个广东蛮子，黑河南、黑北方的总部是广州，核心地带是从上海到广州的整个东南沿海，范围是整个南方,拟音,非词汇同音词,“满”与“蛮”声韵相同，声调相近，通过语音替代形成“满子”，但“满子”并非有效词汇，需解码为“蛮子”，符合非词汇同音词定义。,否,,广东满子 -> 广东蛮子
390,toxicloakcn_emoji_keyword_003932#1,凯勒7️⃣计划，犹太人推动,凯勒奇计划，犹太人推动,否,7️⃣ -> 奇,否,凯勒7️⃣计划 -> 凯勒奇计划,凯勒7️⃣计划，犹太人推动 -> 凯勒奇计划，犹太人推动,其他,表情符号替换,用数字7的emoji'7️⃣'代替发音相近的'奇'字，属于表情符号替换。,否,,凯勒7️⃣计划 -> 凯勒奇计划
391,toxicloakcn_emoji_keyword_002595#1,国铝只会pua国男，怎么可能骂洋大人呢,国女只会pua国男，怎么可能骂洋大人呢,否,铝 -> 女,否,国铝 -> 国女,国铝只会pua国男，怎么可能骂洋大人呢 -> 国女只会pua国男，怎么可能骂洋大人呢,拟音,跨语言语音编码（含方言，可称非普通话音近）,利用方言中l/n不分的发音特点，用音近字“铝”代替“女”，属于拟音大类中的跨语言语音编码。,否,,国铝 -> 国女
392,toxicloakcn_emoji_keyword_001540#1,请像楼上这种恶熏的怪物停止进直男🍚同帖贩剑，否则进淋β反应！,请像楼上这种恶心的怪物停止进直男反同帖贩剑，否则进淋逼反应！,否,熏 -> 心,否,恶熏 -> 恶心,请像楼上这种恶熏的怪物停止进直男🍚同帖贩剑，否则进淋β反应！ -> 请像楼上这种恶心的怪物停止进直男反同帖贩剑，否则进淋逼反应！,拟音,非词汇同音词,通过谐音“熏(xun)”近似“心(xin)”，将“恶熏”解码为“恶心”，属于非词汇同音词。,否,,恶熏 -> 恶心
393,toxicloakcn_homophone_keyword_001391#1,我有说不能讲上海话吗？你是看不懂中文还是以为方言别人都听得懂。都讲普通话是双方尊重，语言是用来交流的ok？不是用来做你的钢经的。,我有说不能讲上海话吗？你是看不懂中文还是以为方言别人都听得懂。都讲普通话是双方尊重，语言是用来交流的ok？不是用来做你的杠精的。,是,钢经 -> 杠精,否,做你的钢经 -> 做你的杠精,我有说不能讲上海话吗？你是看不懂中文还是以为方言别人都听得懂。都讲普通话是双方尊重，语言是用来交流的ok？不是用来做你的钢经的。 -> 我有说不能讲上海话吗？你是看不懂中文还是以为方言别人都听得懂。都讲普通话是双方尊重，语言是用来交流的ok？不是用来做你的杠精的。,拟音,非词汇同音词,钢经(gang1 jing1)与杠精(gang4 jing1)发音相近，且钢经并非有效词汇表面形式，通过语音解码为网络用语“杠精”，符合非词汇同音词定义。,否,,做你的钢经 -> 做你的杠精
394,toxicloakcn_emoji_keyword_000237#1,其实你说的不现实，因为你看看隔壁的撑同贴吧，不张扬，不lanjiao，不反异，安静平和的同性恋根本不会上贴吧来撑同。换句话说，既然我们本身就是反那些贴吧里的那些撑同，同性恋，那么就和那些极少的同性恋没啥关系了。,其实你说的不现实，因为你看看隔壁的撑同贴吧，不张扬，不lanjiao，不反异，安静平和的同性恋根本不会上贴吧来撑同。换句话说，既然我们本身就是反那些贴吧里的那些撑同，同性恋，那么就和那些极少的同性恋没啥关系了。,否,无,否,无,其实你说的不现实，因为你看看隔壁的撑同贴吧，不张扬，不lanjiao，不反异，安静平和的同性恋根本不会上贴吧来撑同。换句话说，既然我们本身就是反那些贴吧里的那些撑同，同性恋，那么就和那些极少的同性恋没啥关系了。 -> 其实你说的不现实，因为你看看隔壁的撑同贴吧，不张扬，不lanjiao，不反异，安静平和的同性恋根本不会上贴吧来撑同。换句话说，既然我们本身就是反那些贴吧里的那些撑同，同性恋，那么就和那些极少的同性恋没啥关系了。,其他,缩写,原文与还原答案完全一致，无变种，暂归入其他-缩写。,否,,无
395,toxicloakcn_emoji_keyword_001285#1,加速是好事，而且别人本来就没打算征求你的意见。把女的捧得越高越好，特权群体越是会被讨厌，👅🐶那么多还没清醒过来呢。,加速是好事，而且别人本来就没打算征求你的意见。把女的捧得越高越好，特权群体越是会被讨厌，舔狗那么多还没清醒过来呢。,是,👅🐶 -> 舔狗,否,👅🐶 -> 舔狗,加速是好事，而且别人本来就没打算征求你的意见。把女的捧得越高越好，特权群体越是会被讨厌，👅🐶那么多还没清醒过来呢。 -> 加速是好事，而且别人本来就没打算征求你的意见。把女的捧得越高越好，特权群体越是会被讨厌，舔狗那么多还没清醒过来呢。,其他,表情符号替换,使用表情符号“👅🐶”替代“舔狗”，传达字面以外的编码含义，属于表情符号替换。,否,,👅🐶 -> 舔狗
396,toxicloakcn_homophone_keyword_001799#1,还不是贵难不努力,还不是龟男不努力,否,贵难 -> 龟男,否,贵难 -> 龟男,还不是贵难不努力 -> 还不是龟男不努力,拟音,非词汇同音词,“贵难”与“龟男”发音相近（声调微异），且“贵难”本身不是有效词汇，通过语音解码为网络用语“龟男”，属于非词汇同音词。,否,,贵难 -> 龟男
397,toxicloakcn_homophone_keyword_003161#1,我感觉你了解，我感觉写那些的人也不理解，真正可以研究同性恋是什么的元因应该是当事人去研究更好，一个正常取向的人是无法去研究同性者的存在，就好比你相信人有灵魂的说法一样啊。同性者就好比一个身体和灵魂不匹配。他们也是不幸的，比如难桶我猜也不是见一个喜欢一个，应该就和正常人去喜欢一个人一样有感觉的吧。,我感觉你了解，我感觉写那些的人也不理解，真正可以研究同性恋是什么的原因应该是当事人去研究更好，一个正常取向的人是无法去研究同性者的存在，就好比你相信人有灵魂的说法一样啊。同性者就好比一个身体和灵魂不匹配。他们也是不幸的，比如男同我猜也不是见一个喜欢一个，应该就和正常人去喜欢一个人一样有感觉的吧。,否,元 -> 原；难桶 -> 男同,否,元因 -> 原因；难桶 -> 男同,我感觉你了解，我感觉写那些的人也不理解，真正可以研究同性恋是什么的元因应该是当事人去研究更好，一个正常取向的人是无法去研究同性者的存在，就好比你相信人有灵魂的说法一样啊。同性者就好比一个身体和灵魂不匹配。他们也是不幸的，比如难桶我猜也不是见一个喜欢一个，应该就和正常人去喜欢一个人一样有感觉的吧。 -> 我感觉你了解，我感觉写那些的人也不理解，真正可以研究同性恋是什么的原因应该是当事人去研究更好，一个正常取向的人是无法去研究同性者的存在，就好比你相信人有灵魂的说法一样啊。同性者就好比一个身体和灵魂不匹配。他们也是不幸的，比如男同我猜也不是见一个喜欢一个，应该就和正常人去喜欢一个人一样有感觉的吧。,拟音,非词汇同音词,“元”与“原”同音、“难桶”与“男同”音近，表面均非有效词汇，但可通过语音解码为约定俗成的短语，属于非词汇同音词。,否,,元因 -> 原因；难桶 -> 男同
398,toxicloakcn_emoji_keyword_000830#1,现在的爱国还是真爱国么……已经快要沦为攻击别人的工具了。[单身🐶]好好努力工作遵纪守法都不足以证明自己爱国，还必须要学会喊口号，学会去🍺评别人，要“不爱国”的人划清界限，当大家都沉浸在谴责中的时候，骂的不够大声都是不爱国。,现在的爱国还是真爱国么……已经快要沦为攻击别人的工具了。[单身狗]好好努力工作遵纪守法都不足以证明自己爱国，还必须要学会喊口号，学会去批评别人，要“不爱国”的人划清界限，当大家都沉浸在谴责中的时候，骂的不够大声都是不爱国。,否,🐶 -> 狗；🍺 -> 批,否,单身🐶 → 单身狗；🍺评 → 批评,现在的爱国还是真爱国么……已经快要沦为攻击别人的工具了。[单身🐶]好好努力工作遵纪守法都不足以证明自己爱国，还必须要学会喊口号，学会去🍺评别人，要“不爱国”的人划清界限，当大家都沉浸在谴责中的时候，骂的不够大声都是不爱国。 -> 现在的爱国还是真爱国么……已经快要沦为攻击别人的工具了。[单身狗]好好努力工作遵纪守法都不足以证明自己爱国，还必须要学会喊口号，学会去批评别人，要“不爱国”的人划清界限，当大家都沉浸在谴责中的时候，骂的不够大声都是不爱国。,其他,表情符号替换,使用表情符号🐶和🍺分别代替汉字“狗”和“批”，符合表情符号替换的定义。,否,,单身🐶 → 单身狗；🍺评 → 批评
399,toxicloakcn_emoji_keyword_002868#1,气大活好哦，调侃一下,器大活好哦，调侃一下,是,气 -> 器,否,气大活好 -> 器大活好,气大活好哦，调侃一下 -> 器大活好哦，调侃一下,拟音,歧义同音词,“气”和“器”同音（qi4），表面形式“气大活好”虽不常见但可解读为有效表达，造成了字面歧义，属于拟音大类中的歧义同音词。,否,,气大活好 -> 器大活好
400,toxicloakcn_emoji_keyword_001315#1,这个群怎么搞群主啊，要不从新创个贴吧。那些什么💢🎁啊，我草草这些东西就踢了就行，把⭕帖吧的东西保存一下就行,这个群怎么搞群主啊，要不从新创个贴吧。那些什么奴隶啊，我草草这些东西就踢了就行，把原帖吧的东西保存一下就行,否,💢🎁 -> 奴隶；⭕ -> 原,否,💢🎁 -> 奴隶；⭕帖吧 -> 原帖吧,这个群怎么搞群主啊，要不从新创个贴吧。那些什么💢🎁啊，我草草这些东西就踢了就行，把⭕帖吧的东西保存一下就行 -> 这个群怎么搞群主啊，要不从新创个贴吧。那些什么奴隶啊，我草草这些东西就踢了就行，把原帖吧的东西保存一下就行,其他,表情符号替换,使用表情符号💢🎁和⭕通过谐音分别替代“奴隶”和“原”，属于表情符号替换。,否,,💢🎁 -> 奴隶；⭕帖吧 -> 原帖吧
401,toxicloakcn_homophone_keyword_002006#1,他们之所以态度决绝，像是蜱判，是想把这姑娘骂醒。大家都看到了前面是个悬崖，就是铁了心要跳。劝了没用，那就只能骂了。最后的不幸也就姑娘自己体验了。,他们之所以态度决绝，像是批判，是想把这姑娘骂醒。大家都看到了前面是个悬崖，就是铁了心要跳。劝了没用，那就只能骂了。最后的不幸也就姑娘自己体验了。,否,蜱 -> 批,否,蜱判 -> 批判,他们之所以态度决绝，像是蜱判，是想把这姑娘骂醒。大家都看到了前面是个悬崖，就是铁了心要跳。劝了没用，那就只能骂了。最后的不幸也就姑娘自己体验了。 -> 他们之所以态度决绝，像是批判，是想把这姑娘骂醒。大家都看到了前面是个悬崖，就是铁了心要跳。劝了没用，那就只能骂了。最后的不幸也就姑娘自己体验了。,拟音,非词汇同音词,“蜱”(pí)与“批”(pī)音近，但“蜱判”不是有效词汇，通过语音可解码为“批判”，属于非词汇同音词。,否,,蜱判 -> 批判
402,toxicloakcn_homophone_keyword_000087#1,因为知乎上自称歧视黑人的中国南方人只嘴炮，现实见到黑人p不放一个，而白人歧视黑人不网上歧视，在现实见到黑人常常敢动手,因为知乎上自称歧视黑人的中国南方人只嘴炮，现实见到黑人屁不放一个，而白人歧视黑人不网上歧视，在现实见到黑人常常敢动手,是,p -> 屁,是,p不放一个 -> 屁不放一个,因为知乎上自称歧视黑人的中国南方人只嘴炮，现实见到黑人p不放一个，而白人歧视黑人不网上歧视，在现实见到黑人常常敢动手 -> 因为知乎上自称歧视黑人的中国南方人只嘴炮，现实见到黑人屁不放一个，而白人歧视黑人不网上歧视，在现实见到黑人常常敢动手,拟音,语音符号替代,用字母p的发音代替标准汉字“屁”，属于语音符号替代。,是，英文字母发音,,p不放一个 -> 屁不放一个
403,toxicloakcn_emoji_keyword_000970#1,和平精英的网络公主也没这么👩👊啊，🐔疯子还是比农🍺高一等级的,和平精英的网络公主也没这么女拳啊，鸡疯子还是比农批高一等级的,否,👩👊 -> 女拳；🐔 -> 鸡；🍺 -> 批,否,👩👊 -> 女拳；🐔疯子 -> 鸡疯子；农🍺 -> 农批,和平精英的网络公主也没这么👩👊啊，🐔疯子还是比农🍺高一等级的 -> 和平精英的网络公主也没这么女拳啊，鸡疯子还是比农批高一等级的,其他,表情符号替换,变体使用表情符号👩👊、🐔、🍺分别替换文字女拳、鸡、批，属于视觉符号替换，发音无关，符合表情符号替换定义。,否,,👩👊 -> 女拳；🐔疯子 -> 鸡疯子；农🍺 -> 农批
404,toxicloakcn_emoji_keyword_002737#1,最近挺热闹啊，是不是放暑假的⭕因使得一些反某某歧视的多了起来,最近挺热闹啊，是不是放暑假的原因使得一些反某某歧视的多了起来,是,⭕ -> 原,否,⭕因 -> 原因,最近挺热闹啊，是不是放暑假的⭕因使得一些反某某歧视的多了起来 -> 最近挺热闹啊，是不是放暑假的原因使得一些反某某歧视的多了起来,拟音,表情符号替换,使用表情符号⭕（读音yuán）代替同音字“原”，属于拟音大类中的表情符号替换。,否,,⭕因 -> 原因
405,toxicloakcn_emoji_keyword_002464#1,托什不是黑人吗？怎么帮🐶的主人还会被🐶咬,托什不是黑人吗？怎么帮狗的主人还会被狗咬,是,🐶 -> 狗,否,🐶的主人 -> 狗的主人；被🐶咬 -> 被狗咬,托什不是黑人吗？怎么帮🐶的主人还会被🐶咬 -> 托什不是黑人吗？怎么帮狗的主人还会被狗咬,其他,表情符号替换,使用表情符号🐶代替汉字“狗”，属于表情符号替换。,否,,🐶的主人 -> 狗的主人；被🐶咬 -> 被狗咬
406,toxicloakcn_homophone_keyword_001875#1,亩人已经很可怜了，色情上服务男性，穿暴露会被指点，婚前破了是没贞操，力气小，参政更少，孩子还大部分跟男方姓,母人已经很可怜了，色情上服务男性，穿暴露会被指点，婚前破了是没贞操，力气小，参政更少，孩子还大部分跟男方姓,是,亩 -> 母,否,亩人 -> 母人,亩人已经很可怜了，色情上服务男性，穿暴露会被指点，婚前破了是没贞操，力气小，参政更少，孩子还大部分跟男方姓 -> 母人已经很可怜了，色情上服务男性，穿暴露会被指点，婚前破了是没贞操，力气小，参政更少，孩子还大部分跟男方姓,拟音,非词汇同音词,变体“亩”与“母”同音，但“亩人”并非有效词汇，通过同音解码为“母人”，属于非词汇同音词。,否,,亩人 -> 母人
407,toxicloakcn_emoji_keyword_002571#1,以前发过什么东西自己忘了是不。删帖倒是删的🈵快和你主子好像耶,以前发过什么东西自己忘了是不。删帖倒是删的蛮快和你主子好像耶,是,🈵 -> 蛮,否,🈵快 -> 蛮快,以前发过什么东西自己忘了是不。删帖倒是删的🈵快和你主子好像耶 -> 以前发过什么东西自己忘了是不。删帖倒是删的蛮快和你主子好像耶,其他,表情符号替换,使用表情符号🈵代替汉字“蛮”，属于表情符号替换，发音无关。,否,,🈵快 -> 蛮快
408,toxicloakcn_emoji_keyword_001417#1,这幕🔪估计还是个老师，图8让男学生给她擦鞋,这母人估计还是个老师，图8让男学生给她擦鞋,否,幕🔪 -> 母人,否,幕🔪 -> 母人,这幕🔪估计还是个老师，图8让男学生给她擦鞋 -> 这母人估计还是个老师，图8让男学生给她擦鞋,其他,表情符号替换,变体使用表情符号🔪代替部分汉字，属于表情符号替换。,否,,幕🔪 -> 母人
409,toxicloakcn_homophone_keyword_002165#1,因为女全绝大多数人腿上都有个♠️,因为女拳绝大多数人腿上都有个♠️,否,全 -> 拳,否,女全 -> 女拳,因为女全绝大多数人腿上都有个♠️ -> 因为女拳绝大多数人腿上都有个♠️,拟音,非词汇同音词,变体“全”与还原“拳”同音（quán），且“女全”并非有效词汇，通过语音可解码为约定俗成的表达，属于非词汇同音词。,否,,女全 -> 女拳
410,toxicloakcn_homophone_keyword_004210#1,我记得你是反钙吧的,我记得你是反gay吧的,是,钙 -> gay,是,反钙吧 -> 反gay吧,我记得你是反钙吧的 -> 我记得你是反gay吧的,拟音,跨语言语音编码（含方言，可称非普通话音近）,用汉字“钙”模拟英文“gay”的发音，属于跨语言语音近似编码。,,,反钙吧 -> 反gay吧
411,toxicloakcn_homophone_keyword_001939#1,这种空间自我介绍有一个算一个杀乱,这种空间自我介绍有一个算一个傻卵,否,杀乱 -> 傻卵,否,杀乱 -> 傻卵,这种空间自我介绍有一个算一个杀乱 -> 这种空间自我介绍有一个算一个傻卵,拟音,非词汇同音词,“杀乱”通过近音替代“傻卵”，但“杀乱”本身不是有效词汇，符合非词汇同音词定义。,否,,杀乱 -> 傻卵
412,toxicloakcn_homophone_keyword_004111#1,你是东北人ba,你是东北人吧,是,ba -> 吧,是,东北人ba -> 东北人吧,你是东北人ba -> 你是东北人吧,拟音,语音符号替代,使用拼音‘ba’代替汉字‘吧’，属于语音符号替代。,,,东北人ba -> 东北人吧
413,toxicloakcn_homophone_keyword_001715#1,喜融 被地 难满 东移，没一个是好听的。只有我大中元人杰地灵??,西戎 北狄 南蛮 东夷，没一个是好听的。只有我大中原人杰地灵??,否,喜融 -> 西戎；被地 -> 北狄；难满 -> 南蛮；东移 -> 东夷；元 -> 原,否,喜融 -> 西戎；被地 -> 北狄；难满 -> 南蛮；东移 -> 东夷；大中元 -> 大中原,喜融 被地 难满 东移，没一个是好听的。只有我大中元人杰地灵?? -> 西戎 北狄 南蛮 东夷，没一个是好听的。只有我大中原人杰地灵??,拟音,非词汇同音词,变体使用同音或近音汉字替换，但多数表面形式（如“喜融”“被地”“难满”）不是有效词汇，属于非词汇同音词。,否,,喜融 -> 西戎；被地 -> 北狄；难满 -> 南蛮；东移 -> 东夷；大中元 -> 大中原
414,toxicloakcn_homophone_keyword_002412#1,这购知道那些小购是它的孩子吗？真是它的孩子吗？？？,这狗知道那些小狗是它的孩子吗？真是它的孩子吗？？？,是,购 -> 狗,否,这购 -> 这狗；小购 -> 小狗,这购知道那些小购是它的孩子吗？真是它的孩子吗？？？ -> 这狗知道那些小狗是它的孩子吗？真是它的孩子吗？？？,拟音,歧义同音词,“购”与“狗”声调相近，且“购”本身是有效词汇，但在此语境中通过同音替换编码了“狗”的意义，属于歧义同音词。,否,,这购 -> 这狗；小购 -> 小狗
415,toxicloakcn_emoji_keyword_001316#1,你是自卑没有自信还是有I不能见人吗？看看某基佬也不会蒙面穿衣服发照了,你是自卑没有自信还是有艾滋病不能见人吗？看看某基佬也不会蒙面穿衣服发照了,否,I -> 艾滋病,是,有I不能见人 -> 有艾不能见人,你是自卑没有自信还是有I不能见人吗？看看某基佬也不会蒙面穿衣服发照了 -> 你是自卑没有自信还是有艾滋病不能见人吗？看看某基佬也不会蒙面穿衣服发照了,拟音,语音符号替代,使用罗马字母“I”的发音（ai）替代汉字“艾”，进而编码“艾滋病”，属于语音符号替代。,,,有I不能见人 -> 有艾不能见人
416,toxicloakcn_homophone_keyword_000717#1,先不说是不是全世界都反华，就算人家真的坏，也不是一定纯啊。人家有好东西，有些东西比自己的好，干嘛不学，马克思还是德国人呢，德国还是二战战败国呢，不还是学了？？9年义务教育呢？,先不说是不是全世界都反华，就算人家真的坏，也不是一定蠢啊。人家有好东西，有些东西比自己的好，干嘛不学，马克思还是德国人呢，德国还是二战战败国呢，不还是学了？？9年义务教育呢？,是,纯 -> 蠢,否,也不是一定纯 -> 也不是一定蠢,先不说是不是全世界都反华，就算人家真的坏，也不是一定纯啊。人家有好东西，有些东西比自己的好，干嘛不学，马克思还是德国人呢，德国还是二战战败国呢，不还是学了？？9年义务教育呢？ -> 先不说是不是全世界都反华，就算人家真的坏，也不是一定蠢啊。人家有好东西，有些东西比自己的好，干嘛不学，马克思还是德国人呢，德国还是二战战败国呢，不还是学了？？9年义务教育呢？,拟音,歧义同音词,“纯”与“蠢”发音相近，且“纯”为有效词汇，通过同音字替换表达“蠢”的含义，属于拟音大类中的歧义同音词。,否,,也不是一定纯 -> 也不是一定蠢
417,toxicloakcn_homophone_keyword_002367#1,微博女全什么成分大家都知道的吧，“对啊对啊女的脑子里也就那点东西了”,微博女拳什么成分大家都知道的吧，“对啊对啊女的脑子里也就那点东西了”,是,全 -> 拳,否,女全 -> 女拳,微博女全什么成分大家都知道的吧，“对啊对啊女的脑子里也就那点东西了” -> 微博女拳什么成分大家都知道的吧，“对啊对啊女的脑子里也就那点东西了”,拟音,非词汇同音词,“全”与“拳”同音，表面“女全”不是有效词汇，通过语音解码为约定俗成的“女拳”，符合非词汇同音词定义。,否,,女全 -> 女拳
418,toxicloakcn_homophone_keyword_002023#1,仙女在世界第一女全国享有犯罪豁免权，二等男人就别叽叽歪歪了。女全国怎么可能有公平的法律。,仙女在世界第一女拳国享有犯罪豁免权，二等男人就别叽叽歪歪了。女拳国怎么可能有公平的法律。,否,全 -> 拳,否,女全国 -> 女拳国,仙女在世界第一女全国享有犯罪豁免权，二等男人就别叽叽歪歪了。女全国怎么可能有公平的法律。 -> 仙女在世界第一女拳国享有犯罪豁免权，二等男人就别叽叽歪歪了。女拳国怎么可能有公平的法律。,拟音,非词汇同音词,变体“女全国”使用同音字“全”替代“拳”，整体不是有效词汇，需通过语音解码为“女拳国”，属于非词汇同音词。,否,,女全国 -> 女拳国
419,toxicloakcn_emoji_keyword_001084#1,这就是不重视普遍性了。东北这些年人口外流已经不算新闻了，流向中⭕大省是再正常不过的事情。而我所说的东北人大多是关里过来的的限定词是祖上，你难道看不见吗？,这就是不重视普遍性了。东北这些年人口外流已经不算新闻了，流向中原大省是再正常不过的事情。而我所说的东北人大多是关里过来的的限定词是祖上，你难道看不见吗？,是,⭕ -> 原,否,中⭕大省 -> 中原大省,这就是不重视普遍性了。东北这些年人口外流已经不算新闻了，流向中⭕大省是再正常不过的事情。而我所说的东北人大多是关里过来的的限定词是祖上，你难道看不见吗？ -> 这就是不重视普遍性了。东北这些年人口外流已经不算新闻了，流向中原大省是再正常不过的事情。而我所说的东北人大多是关里过来的的限定词是祖上，你难道看不见吗？,其他,表情符号替换,使用表情符号⭕代替汉字“原”，属于表情符号替换类变体。,否,,中⭕大省 -> 中原大省
420,toxicloakcn_emoji_keyword_000848#1,这是腐癌，跟👨同群体有什么关系,这是腐癌，跟男同群体有什么关系,是,👨 -> 男,否,👨同群体 -> 男同群体,这是腐癌，跟👨同群体有什么关系 -> 这是腐癌，跟男同群体有什么关系,其他,表情符号替换,表情符号👨代替文本“男”，属于表情符号替换，传达与字面语义不同的编码含义。,否,,👨同群体 -> 男同群体
421,toxicloakcn_homophone_keyword_001125#1,只有涤清圣土桖洗黑购，才能延续文明,只有涤清圣土桖洗黑狗，才能延续文明,是,购 -> 狗,否,黑购 -> 黑狗,只有涤清圣土桖洗黑购，才能延续文明 -> 只有涤清圣土桖洗黑狗，才能延续文明,拟音,歧义同音词,“购”与“狗”拼音相同（gou4），构成同音替换，表面字面意思“购买”被解码为“狗”，属于拟音大类中的歧义同音词。,否,,黑购 -> 黑狗
422,toxicloakcn_emoji_keyword_003371#1,你想多了，黑人的器大就是吹出来来的，不信可以去看看健美比赛那些黑人，感觉好小。各国大小都是12-14，但是中国人最硬，这也是中国人能在黑人头上种草，并且白皮女和东亚男人离婚率低的⭕因,你想多了，黑人的器大就是吹出来来的，不信可以去看看健美比赛那些黑人，感觉好小。各国大小都是12-14，但是中国人最硬，这也是中国人能在黑人头上种草，并且白皮女和东亚男人离婚率低的原因,是,⭕ -> 原,否,⭕因 -> 原因,你想多了，黑人的器大就是吹出来来的，不信可以去看看健美比赛那些黑人，感觉好小。各国大小都是12-14，但是中国人最硬，这也是中国人能在黑人头上种草，并且白皮女和东亚男人离婚率低的⭕因 -> 你想多了，黑人的器大就是吹出来来的，不信可以去看看健美比赛那些黑人，感觉好小。各国大小都是12-14，但是中国人最硬，这也是中国人能在黑人头上种草，并且白皮女和东亚男人离婚率低的原因,拟音,表情符号替换,使用表情符号⭕（圆）通过同音替代“原”字，属于表情符号替换。,否,,⭕因 -> 原因
423,toxicloakcn_homophone_keyword_000579#1,所以我劝如果男人脑子不太聪明分不清sao货和良女的话，那就自律一点，不要婚前性行为，也不要婚后嫖娼 这样百分百没有病,所以我劝如果男人脑子不太聪明分不清骚货和良女的话，那就自律一点，不要婚前性行为，也不要婚后嫖娼 这样百分百没有病,是,sao -> 骚,是,sao货 -> 骚货,所以我劝如果男人脑子不太聪明分不清sao货和良女的话，那就自律一点，不要婚前性行为，也不要婚后嫖娼 这样百分百没有病 -> 所以我劝如果男人脑子不太聪明分不清骚货和良女的话，那就自律一点，不要婚前性行为，也不要婚后嫖娼 这样百分百没有病,拟音,语音符号替代,使用拼音'sao'代替汉字'骚'，属于根据发音替代标准汉字的语音符号替代。,,,sao货 -> 骚货
424,toxicloakcn_emoji_keyword_000764#1,这种nt言论一看就是7️⃣📏大儒，也只有他能做到了,这种脑瘫言论一看就是七尺大乳，也只有他能做到了,否,nt -> 脑瘫,是,nt言论 -> 脑瘫言论,这种nt言论一看就是7️⃣📏大儒，也只有他能做到了 -> 这种脑瘫言论一看就是七尺大乳，也只有他能做到了,其他,缩写,nt是“脑瘫”的拼音首字母缩写，发音上不直接对应，属于其他类中的缩写子类。,是,nt -> ne te,ne te言论 -> 脑瘫言论
425,toxicloakcn_homophone_keyword_001591#1,这下亩去help亩去了,这下母蛆help母蛆了,否,亩去 -> 母蛆,否,亩去 -> 母蛆,这下亩去help亩去了 -> 这下母蛆help母蛆了,拟音,非词汇同音词,变体“亩去”与“母蛆”发音相近，但“亩去”字面无意义，需通过语音解码成约定俗成的短语，符合非词汇同音词定义。,否,,亩去 -> 母蛆
426,toxicloakcn_homophone_keyword_001866#1,君子和而不同，小人同而不和！团结一起房通力量，为人类创造美好的明天！,君子和而不同，小人同而不和！团结一起反同力量，为人类创造美好的明天！,否,房通 -> 反同,否,房通力量 -> 反同力量,君子和而不同，小人同而不和！团结一起房通力量，为人类创造美好的明天！ -> 君子和而不同，小人同而不和！团结一起反同力量，为人类创造美好的明天！,拟音,非词汇同音词,“房通”与“反同”发音相近，且“房通”表面不是有效词汇，需通过谐音解码，属于非词汇同音词。,否,,房通力量 -> 反同力量
427,toxicloakcn_homophone_keyword_000974#1,杀了这头募购,杀了这头母狗,是,募购 -> 母狗,否,这头募购 -> 这头母狗,杀了这头募购 -> 杀了这头母狗,拟音,歧义同音词,募购(mù gòu)与母狗(mǔ gǒu)发音相近，且“募购”作为词汇可构成表面有效表达，但实际含义为“母狗”，属于同音歧义替换。,否,,这头募购 -> 这头母狗
428,toxicloakcn_emoji_keyword_001480#1,⭕来是个臭gay,原来是个臭gay,是,⭕ -> 原,否,⭕来 -> 原来,⭕来是个臭gay -> 原来是个臭gay,其他,表情符号替换,⭕是表情符号，其字面意思为圆圈，但在此处用来替代同音字“原”，属于表情符号替换。,否,,⭕来 -> 原来
429,toxicloakcn_emoji_keyword_000294#1,性🧹扰，好死但我觉得女的也应该加入性🧹扰罪名，靠近身边能一拳放倒，免得反过来污蔑他人,性骚扰，好死但我觉得女的也应该加入性骚扰罪名，靠近身边能一拳放倒，免得反过来污蔑他人,是,🧹 -> 骚,否,性🧹扰 -> 性骚扰,性🧹扰，好死但我觉得女的也应该加入性🧹扰罪名，靠近身边能一拳放倒，免得反过来污蔑他人 -> 性骚扰，好死但我觉得女的也应该加入性骚扰罪名，靠近身边能一拳放倒，免得反过来污蔑他人,其他,表情符号替换,用扫帚表情符号🧹代替“骚”字，属于表情符号替换，传达与字面不同的编码含义。,否,,性🧹扰 -> 性骚扰
430,toxicloakcn_homophone_keyword_001728#1,9.9看畒狗破防超值,9.9看母狗破防超值,是,畒 -> 母,否,畒狗 -> 母狗,9.9看畒狗破防超值 -> 9.9看母狗破防超值,拟音,非词汇同音词,“畒”与“母”同音，组合“畒狗”无有效词汇意义，通过语音解码为“母狗”，属于非词汇同音词。,否,,畒狗 -> 母狗
431,toxicloakcn_emoji_keyword_000088#1,坏起来了兄弟们，⭕来真有荣誉女人,坏起来了兄弟们，原来真有荣誉女人,是,⭕ -> 原,否,⭕来 -> 原来,坏起来了兄弟们，⭕来真有荣誉女人 -> 坏起来了兄弟们，原来真有荣誉女人,其他,表情符号替换,表情符号“⭕”代替汉字“原”，属于分类中的表情符号替换。,否,,⭕来 -> 原来
432,toxicloakcn_homophone_keyword_000407#1,所以控通就是犯罪这个文章就没有偏见?,所以恐同就是犯罪这个文章就没有偏见?,否,控通 -> 恐同,否,控通 -> 恐同,所以控通就是犯罪这个文章就没有偏见? -> 所以恐同就是犯罪这个文章就没有偏见?,拟音,非词汇同音词,“控通”不是有效词汇，通过发音相近（kòng tōng 与 kǒng tóng）指代“恐同”，属于非词汇同音词。,否,,控通 -> 恐同
433,toxicloakcn_emoji_keyword_000582#1,你为哪个组织工作？跟默睡过的，你还要她们留在中国，是希望中国男人给默接盘吗？中国男人哪里得罪你了，要遭这份罪。人家女人爱黑人就跟着回非洲呗，你急什么？,你为哪个组织工作？跟黑狗睡过的，你还要她们留在中国，是希望中国男人给黑狗接盘吗？中国男人哪里得罪你了，要遭这份罪。人家女人爱黑人就跟着回非洲呗，你急什么？,否,默 -> 黑狗,否,跟默睡过的 -> 跟黑狗睡过的；给默接盘 -> 给黑狗接盘,你为哪个组织工作？跟默睡过的，你还要她们留在中国，是希望中国男人给默接盘吗？中国男人哪里得罪你了，要遭这份罪。人家女人爱黑人就跟着回非洲呗，你急什么？ -> 你为哪个组织工作？跟黑狗睡过的，你还要她们留在中国，是希望中国男人给黑狗接盘吗？中国男人哪里得罪你了，要遭这份罪。人家女人爱黑人就跟着回非洲呗，你急什么？,其他,缩写,“默”字拆开为“黑”和“犬”，即“黑狗”，属于字形拆解缩写，发音不相似，因此归为其他-缩写。,否,,跟默睡过的 -> 跟黑狗睡过的；给默接盘 -> 给黑狗接盘
434,toxicloakcn_homophone_keyword_001980#1,证件都没有，抓了也没用，你能怎么样？动手？还不是又接触到了法律，好好动动脑子。三飞没有触犯法律？亏你口口声声法律。关起来可以吧？让他们在外面犯罪？动动你组脑子。不想遣返才是真正的元因。,证件都没有，抓了也没用，你能怎么样？动手？还不是又接触到了法律，好好动动脑子。三非没有触犯法律？亏你口口声声法律。关起来可以吧？让他们在外面犯罪？动动你猪脑子。不想遣返才是真正的原因。,否,飞 -> 非；组 -> 猪；元 -> 原,否,三飞 -> 三非；动动你组脑子 -> 动动你猪脑子；元因 -> 原因,证件都没有，抓了也没用，你能怎么样？动手？还不是又接触到了法律，好好动动脑子。三飞没有触犯法律？亏你口口声声法律。关起来可以吧？让他们在外面犯罪？动动你组脑子。不想遣返才是真正的元因。 -> 证件都没有，抓了也没用，你能怎么样？动手？还不是又接触到了法律，好好动动脑子。三非没有触犯法律？亏你口口声声法律。关起来可以吧？让他们在外面犯罪？动动你猪脑子。不想遣返才是真正的原因。,拟音,非词汇同音词,变体通过同音或方言近音字替换，形成非词汇表达，需经语音解码还原为约定俗成的短语，符合非词汇同音词定义。,否,,三飞 -> 三非；动动你组脑子 -> 动动你猪脑子；元因 -> 原因
435,toxicloakcn_homophone_keyword_000558#1,🐶要是以后我女儿这样我还真会，并且会反思自己为什么教出伞兵,狗要是以后我女儿这样我还真会，并且会反思自己为什么教出傻逼,否,🐶 -> 狗；伞兵 -> 傻逼,否,🐶 -> 狗；伞兵 -> 傻逼,🐶要是以后我女儿这样我还真会，并且会反思自己为什么教出伞兵 -> 狗要是以后我女儿这样我还真会，并且会反思自己为什么教出傻逼,拟音,歧义同音词,“伞兵”是一个现有词汇，被用作“傻逼”的同音替换，属于歧义同音词；而“🐶”是表情符号替换，但整体以“伞兵”的谐音特征为主。,否,,🐶 -> 狗；伞兵 -> 傻逼
436,toxicloakcn_homophone_keyword_001517#1,我一直燕女但这样的话太直接了只要表现出自己一点燕女就会被女的集火攻击不管上到40多还是下到13~4的那种逮着你就咬一点人简乐趣都体验不到后来我就隐藏了起来比如搞妞妹儿的时候我什么也不表现后来我就又成了她们嘴里的老（渣）鼠（男）人呜呜呜呜呜,我一直厌女但这样的话太直接了只要表现出自己一点厌女就会被女的集火攻击不管上到40多还是下到13~4的那种逮着你就咬一点人简乐趣都体验不到后来我就隐藏了起来比如搞妞妹儿的时候我什么也不表现后来我就又成了她们嘴里的老（渣）鼠（男）人呜呜呜呜呜,是,燕 -> 厌,否,燕女 -> 厌女,我一直燕女但这样的话太直接了只要表现出自己一点燕女就会被女的集火攻击不管上到40多还是下到13~4的那种逮着你就咬一点人简乐趣都体验不到后来我就隐藏了起来比如搞妞妹儿的时候我什么也不表现后来我就又成了她们嘴里的老（渣）鼠（男）人呜呜呜呜呜 -> 我一直厌女但这样的话太直接了只要表现出自己一点厌女就会被女的集火攻击不管上到40多还是下到13~4的那种逮着你就咬一点人简乐趣都体验不到后来我就隐藏了起来比如搞妞妹儿的时候我什么也不表现后来我就又成了她们嘴里的老（渣）鼠（男）人呜呜呜呜呜,拟音,非词汇同音词,变体“燕”与“厌”普通话同音，但“燕女”不构成有效词汇，属于非词汇同音词替换。,否,,燕女 -> 厌女
437,toxicloakcn_homophone_keyword_001684#1,y基因没了，女的x基因可还留下了，说不定因为末末特别喜欢生娃跑路，反而壮大了好几倍呢😄,y基因没了，女的x基因可还留下了，说不定因为默默（黑狗）特别喜欢生娃跑路，反而壮大了好几倍呢😄,否,末末 -> 默默（黑狗）,否,末末 -> 默默（黑狗）,y基因没了，女的x基因可还留下了，说不定因为末末特别喜欢生娃跑路，反而壮大了好几倍呢😄 -> y基因没了，女的x基因可还留下了，说不定因为默默（黑狗）特别喜欢生娃跑路，反而壮大了好几倍呢😄,拟音+语义,歧义同音词,“末末”与“默默”同音，且“末末”字面意为末尾，实际指代“默默”，属于同音词替换。,否,,末末 -> 默默（黑狗）
438,toxicloakcn_emoji_keyword_002089#1,这要是👻子，都没这人了,这要是鬼子，都没这人了,是,👻 -> 鬼,否,👻子 -> 鬼子,这要是👻子，都没这人了 -> 这要是鬼子，都没这人了,其他,表情符号替换,使用表情符号👻代替汉字“鬼”，属于表情符号替换。,否,,👻子 -> 鬼子
439,toxicloakcn_emoji_keyword_000526#1,现在👩👊是捆绑xing解放和消费主义的消费主义让她们变得虚荣攀比，有得微薄的工资满足不了消费欲望，所以她们养鱼，过各种节日让追求者给自己转账，送礼物，她们钓多金男寻求重金供养xing解放又让她们婚前婚后lan交，毫无忠诚可言，供养者失去供养能力她们就会无情抛弃，转投下家供养,现在女拳是捆绑性解放和消费主义的消费主义让她们变得虚荣攀比，有得微薄的工资满足不了消费欲望，所以她们养鱼，过各种节日让追求者给自己转账，送礼物，她们钓多金男寻求重金供养性解放又让她们婚前婚后烂交，毫无忠诚可言，供养者失去供养能力她们就会无情抛弃，转投下家供养,否,👩👊 -> 女拳,否,👩👊 -> 女拳,现在👩👊是捆绑xing解放和消费主义的消费主义让她们变得虚荣攀比，有得微薄的工资满足不了消费欲望，所以她们养鱼，过各种节日让追求者给自己转账，送礼物，她们钓多金男寻求重金供养xing解放又让她们婚前婚后lan交，毫无忠诚可言，供养者失去供养能力她们就会无情抛弃，转投下家供养 -> 现在女拳是捆绑性解放和消费主义的消费主义让她们变得虚荣攀比，有得微薄的工资满足不了消费欲望，所以她们养鱼，过各种节日让追求者给自己转账，送礼物，她们钓多金男寻求重金供养性解放又让她们婚前婚后烂交，毫无忠诚可言，供养者失去供养能力她们就会无情抛弃，转投下家供养,其他,表情符号替换,使用表情符号👩和👊代替汉字'女拳'，属于表情符号替换。,否,,👩👊 -> 女拳
440,toxicloakcn_homophone_keyword_001683#1,非洲人真的无法狗同😲😲😲台湾人打死也不嫁，又穷又老色赔，日本人，台湾就学他们的。中东太乱，其他还好了。,非洲人真的无法苟同😲😲😲台湾人打死也不嫁，又穷又老色胚，日本人，台湾就学他们的。中东太乱，其他还好了。,是,狗 -> 苟；赔 -> 胚,否,无法狗同 -> 无法苟同；老色赔 -> 老色胚,非洲人真的无法狗同😲😲😲台湾人打死也不嫁，又穷又老色赔，日本人，台湾就学他们的。中东太乱，其他还好了。 -> 非洲人真的无法苟同😲😲😲台湾人打死也不嫁，又穷又老色胚，日本人，台湾就学他们的。中东太乱，其他还好了。,拟音,非词汇同音词,“狗”和“赔”分别通过同音替代“苟”和“胚”，形成的“狗同”“老色赔”不是有效词汇，需通过语音解码成约定俗成的短语，符合非词汇同音词定义。,否,,无法狗同 -> 无法苟同；老色赔 -> 老色胚
441,toxicloakcn_homophone_keyword_001063#1,这人知名女全，散了吧，不用理,这人知名女拳，散了吧，不用理,否,全 -> 拳,否,女全 -> 女拳,这人知名女全，散了吧，不用理 -> 这人知名女拳，散了吧，不用理,拟音,歧义同音词,变体“全”与标准词“拳”同音（quán），且“女全”字面可构成有效表达，但实际含义指向“女拳”，属于同音词的歧义替换。,否,,女全 -> 女拳
442,toxicloakcn_homophone_keyword_001824#1,老双表了，表面一套，暗地里又一套,老双标了，表面一套，暗地里又一套,是,表 -> 标,否,双表 -> 双标,老双表了，表面一套，暗地里又一套 -> 老双标了，表面一套，暗地里又一套,拟音,歧义同音词,“双表”表面可理解为两个表，但通过同音替换表达“双标”，属于歧义同音词。,否,,双表 -> 双标
443,toxicloakcn_homophone_keyword_000214#1,表面不说 确实南方普遍其实北方 主要元因是以前穷，大量的人口流动，尤其是河南安徽山东东北大量人口汇入南方，其次四川人也很多到处走的，现在少了 但以前很多的犯罪活动都是外来流入人口做的,表面不说 确实南方普遍其实北方 主要原因是以前穷，大量的人口流动，尤其是河南安徽山东东北大量人口汇入南方，其次四川人也很多到处走的，现在少了 但以前很多的犯罪活动都是外来流入人口做的,是,元 -> 原,否,主要元因 -> 主要原因,表面不说 确实南方普遍其实北方 主要元因是以前穷，大量的人口流动，尤其是河南安徽山东东北大量人口汇入南方，其次四川人也很多到处走的，现在少了 但以前很多的犯罪活动都是外来流入人口做的 -> 表面不说 确实南方普遍其实北方 主要原因是以前穷，大量的人口流动，尤其是河南安徽山东东北大量人口汇入南方，其次四川人也很多到处走的，现在少了 但以前很多的犯罪活动都是外来流入人口做的,拟音,非词汇同音词,“元”与“原”同音，且“元因”不是一个有效词汇，通过同音字替换形成非词汇表达，解码为“原因”。,否,,主要元因 -> 主要原因
444,toxicloakcn_homophone_keyword_001237#1,哟呵结果又放鸽子了？不要脸的砸披重大教务处有空理你这种别三？？？可能吗？！,哟呵结果又放鸽子了？不要脸的杂皮重大教务处有空理你这种瘪三？？？可能吗？！,是,砸披 -> 杂皮；别 -> 瘪,否,砸披 -> 杂皮；别三 -> 瘪三,哟呵结果又放鸽子了？不要脸的砸披重大教务处有空理你这种别三？？？可能吗？！ -> 哟呵结果又放鸽子了？不要脸的杂皮重大教务处有空理你这种瘪三？？？可能吗？！,拟音,非词汇同音词,变体“砸披”和“别”分别通过近音模拟方言词“杂皮”和“瘪三”，且“砸披”和“别三”本身不是有效词汇，属于非词汇同音词。,否,,砸披 -> 杂皮；别三 -> 瘪三
445,toxicloakcn_homophone_keyword_002130#1,我就是杭州本地人，确实本地人对新疆歧视满多的，但是这种歧视怎么说吧，就是口头讲讲，涉及到实际利益的时候影响其实不大,我就是杭州本地人，确实本地人对新疆歧视蛮多的，但是这种歧视怎么说吧，就是口头讲讲，涉及到实际利益的时候影响其实不大,否,满 -> 蛮,否,满多 -> 蛮多,我就是杭州本地人，确实本地人对新疆歧视满多的，但是这种歧视怎么说吧，就是口头讲讲，涉及到实际利益的时候影响其实不大 -> 我就是杭州本地人，确实本地人对新疆歧视蛮多的，但是这种歧视怎么说吧，就是口头讲讲，涉及到实际利益的时候影响其实不大,拟音,歧义同音词,“满”与“蛮”音近，且“满”字面可构成有效表达，但实际意图为“蛮”，属于同音词歧义。,否,,满多 -> 蛮多
446,toxicloakcn_emoji_keyword_002165#1,因为👩👊绝大多数人腿上都有个♠️,因为女拳绝大多数人腿上都有个黑桃,否,👩👊 -> 女拳；♠️ -> 黑桃,否,👩👊 -> 女拳；♠️ -> 黑桃,因为👩👊绝大多数人腿上都有个♠️ -> 因为女拳绝大多数人腿上都有个黑桃,其他,表情符号替换,👩👊和♠️均为表情符号，分别替换为“女拳”和“黑桃”，属于利用视觉符号替代文本，发音不相关，符合表情符号替换定义。,否,,👩👊 -> 女拳；♠️ -> 黑桃
447,toxicloakcn_emoji_keyword_002312#1,楼主这讽刺太有力度把🐢🐛🦶和国际👻子🐛类及其它们后代🐛混描写淋漓尽致,楼主这讽刺太有力度把跪虫族和国际鬼子虫类及其它们后代虫混描写淋漓尽致,否,🐢🐛🦶 -> 跪虫族；👻 -> 鬼；🐛 -> 虫,否,🐢🐛🦶 -> 跪虫族；👻 -> 鬼；🐛 -> 虫,楼主这讽刺太有力度把🐢🐛🦶和国际👻子🐛类及其它们后代🐛混描写淋漓尽致 -> 楼主这讽刺太有力度把跪虫族和国际鬼子虫类及其它们后代虫混描写淋漓尽致,其他,表情符号替换,使用表情符号🐢🐛🦶、👻和🐛分别代替汉字'跪虫族'、'鬼'和'虫'，属于表情符号替换编码。,否,,🐢🐛🦶 -> 跪虫族；👻 -> 鬼；🐛 -> 虫
448,toxicloakcn_emoji_keyword_002031#1,春秋战国时期黑河南人是因为河南地区住的是殷商后羿并不是因为什么郑国和宋国弱小😞😞😞不知道就别⬇说按这个理论燕国啊 中山啊 韩国啊 就没怎么牛逼过还有什么陈国等一堆小国也没什么人黑。另外我觉得现在河南人被黑和口音有很大关系。。。,春秋战国时期黑河南人是因为河南地区住的是殷商后羿并不是因为什么郑国和宋国弱小😞😞😞不知道就别瞎说按这个理论燕国啊 中山啊 韩国啊 就没怎么牛逼过还有什么陈国等一堆小国也没什么人黑。另外我觉得现在河南人被黑和口音有很大关系。。。,否,⬇ -> 瞎,否,⬇说 -> 瞎说,春秋战国时期黑河南人是因为河南地区住的是殷商后羿并不是因为什么郑国和宋国弱小😞😞😞不知道就别⬇说按这个理论燕国啊 中山啊 韩国啊 就没怎么牛逼过还有什么陈国等一堆小国也没什么人黑。另外我觉得现在河南人被黑和口音有很大关系。。。 -> 春秋战国时期黑河南人是因为河南地区住的是殷商后羿并不是因为什么郑国和宋国弱小😞😞😞不知道就别瞎说按这个理论燕国啊 中山啊 韩国啊 就没怎么牛逼过还有什么陈国等一堆小国也没什么人黑。另外我觉得现在河南人被黑和口音有很大关系。。。,拟音,语音符号替代,变种用箭头符号“⬇”替代“瞎”，因“⬇”发音为“下”，与“瞎”音近，属于语音符号替代。,否,,⬇说 -> 瞎说
449,toxicloakcn_emoji_keyword_001221#1,2022年6月9日，他在被人破防后删掉了“🈳同症”系列2到10的所有帖子，距今1天，望周知,2022年6月9日，他在被人破防后删掉了“恐同症”系列2到10的所有帖子，距今1天，望周知,否,🈳 -> 恐,否,🈳同症 -> 恐同症,2022年6月9日，他在被人破防后删掉了“🈳同症”系列2到10的所有帖子，距今1天，望周知 -> 2022年6月9日，他在被人破防后删掉了“恐同症”系列2到10的所有帖子，距今1天，望周知,其他,表情符号替换,使用表情符号“🈳”替代文字“恐”，属于表情符号替换，传达与字面不同的含义。,否,,🈳同症 -> 恐同症
450,toxicloakcn_emoji_keyword_001171#1,日本现在早就没有武士道而现在只剩宅男文化看看日本最近动作片都是🐢💢把自己老婆和女朋友贡献出去这也反应最近日本一个态度,日本现在早就没有武士道而现在只剩宅男文化看看日本最近动作片都是龟奴把自己老婆和女朋友贡献出去这也反应最近日本一个态度,否,🐢💢 -> 龟奴,否,🐢💢 -> 龟奴,日本现在早就没有武士道而现在只剩宅男文化看看日本最近动作片都是🐢💢把自己老婆和女朋友贡献出去这也反应最近日本一个态度 -> 日本现在早就没有武士道而现在只剩宅男文化看看日本最近动作片都是龟奴把自己老婆和女朋友贡献出去这也反应最近日本一个态度,其他,表情符号替换,变体使用表情符号🐢和💢替代文字“龟奴”，属于表情符号替换，发音无关。,否,,🐢💢 -> 龟奴
451,toxicloakcn_homophone_keyword_002696#1,哈哈 我在乍得 这边肖黑两瓶可乐就可以给你当一早上力工,哈哈 我在乍得 这边小黑两瓶可乐就可以给你当一早上力工,是,肖 -> 小,否,肖黑 -> 小黑,哈哈 我在乍得 这边肖黑两瓶可乐就可以给你当一早上力工 -> 哈哈 我在乍得 这边小黑两瓶可乐就可以给你当一早上力工,拟音,非词汇同音词,“肖”与“小”发音相近（xiao4 vs xiao3），且“肖黑”不是有效词汇，但通过语音解码为“小黑”，属于非词汇同音词替换。,否,,肖黑 -> 小黑
452,toxicloakcn_emoji_keyword_000948#1,👩👊冲你可能只因为你是男的，同为穆斯林咱们什么时候能吉哈德了他们,女拳冲你可能只因为你是男的，同为穆斯林咱们什么时候能圣战了他们,否,👩👊 -> 女拳,否,👩👊 -> 女拳,👩👊冲你可能只因为你是男的，同为穆斯林咱们什么时候能吉哈德了他们 -> 女拳冲你可能只因为你是男的，同为穆斯林咱们什么时候能圣战了他们,其他,表情符号替换,👩👊由表情符号构成，表示女拳，属于表情符号替换。,否,,👩👊 -> 女拳
453,toxicloakcn_emoji_keyword_001083#1,👅🐶电都电不醒，醒来继续舔啊,舔狗电都电不醒，醒来继续舔啊,是,👅🐶 -> 舔狗,否,👅🐶 -> 舔狗,👅🐶电都电不醒，醒来继续舔啊 -> 舔狗电都电不醒，醒来继续舔啊,其他,表情符号替换,使用表情符号👅🐶代替文本“舔狗”，属于表情符号替换。,否,,👅🐶 -> 舔狗
454,toxicloakcn_homophone_keyword_001543#1,好真实呢，第一次的男人得到最大的好处拍拍屁股走了，最后老实人不但要给大量钱，很可能面临离婚分财产扶贫的任务，而且女方lkd，艾疣梅事都可能上门，简直是对勤勤恳恳辛苦工作的老实人最大的恶意，最后可能婚后一地及毛还有个泼皮祖宗站在老实人头大拉四撒尿。,好真实呢，第一次的男人得到最大的好处拍拍屁股走了，最后老实人不但要给大量钱，很可能面临离婚分财产扶贫的任务，而且女方烂裤裆，艾疣梅事都可能上门，简直是对勤勤恳恳辛苦工作的老实人最大的恶意，最后可能婚后一地鸡毛还有个泼皮祖宗站在老实人头大拉屎撒尿。,是,lkd -> 烂裤裆,是,lkd -> 烂裤裆,好真实呢，第一次的男人得到最大的好处拍拍屁股走了，最后老实人不但要给大量钱，很可能面临离婚分财产扶贫的任务，而且女方lkd，艾疣梅事都可能上门，简直是对勤勤恳恳辛苦工作的老实人最大的恶意，最后可能婚后一地及毛还有个泼皮祖宗站在老实人头大拉四撒尿。 -> 好真实呢，第一次的男人得到最大的好处拍拍屁股走了，最后老实人不但要给大量钱，很可能面临离婚分财产扶贫的任务，而且女方烂裤裆，艾疣梅事都可能上门，简直是对勤勤恳恳辛苦工作的老实人最大的恶意，最后可能婚后一地鸡毛还有个泼皮祖宗站在老实人头大拉屎撒尿。,其他,缩写,lkd是拼音首字母缩写，发音不直接对应，属于其他大类的缩写子类。,是,lkd -> le ke de,le ke de -> 烂裤裆
455,toxicloakcn_homophone_keyword_000033#1,是吧，你实践过?这样来说外国仁传给国女，国女传播慢?你调研过啊?找了1000个男的和1000个女的互相传播?男的找女人上床要么帅，要么出钱，要么其他我，有成本，女的没有传播成本。传播元理是一样的体液交换，你哪来的女传男低，还说患上艾滋病后正常吃药活的很久呢，你也信?很多三五年之内就得死，什么活的很长。,是吧，你实践过?这样来说歪果仁传给国女，国女传播慢?你调研过啊?找了1000个男的和1000个女的互相传播?男的找女人上床要么帅，要么出钱，要么其他我，有成本，女的没有传播成本。传播原理是一样的体液交换，你哪来的女传男低，还说患上艾滋病后正常吃药活的很久呢，你也信?很多三五年之内就得死，什么活的很长。,否,外国 -> 歪果；元 -> 原,否,外国仁 -> 歪果仁；传播元理 -> 传播原理,是吧，你实践过?这样来说外国仁传给国女，国女传播慢?你调研过啊?找了1000个男的和1000个女的互相传播?男的找女人上床要么帅，要么出钱，要么其他我，有成本，女的没有传播成本。传播元理是一样的体液交换，你哪来的女传男低，还说患上艾滋病后正常吃药活的很久呢，你也信?很多三五年之内就得死，什么活的很长。 -> 是吧，你实践过?这样来说歪果仁传给国女，国女传播慢?你调研过啊?找了1000个男的和1000个女的互相传播?男的找女人上床要么帅，要么出钱，要么其他我，有成本，女的没有传播成本。传播原理是一样的体液交换，你哪来的女传男低，还说患上艾滋病后正常吃药活的很久呢，你也信?很多三五年之内就得死，什么活的很长。,拟音,非词汇同音词,变体'歪果'和'元'均为通过同音字替换形成的非词汇表达，分别对应标准词'外国'和'原'，属于拟音中的非词汇同音词。,否,,外国仁 -> 歪果仁；传播元理 -> 传播原理
456,toxicloakcn_homophone_keyword_000102#1,这也就是网上，有能耐过来当着我们面说我家乡不好试试，上面的，有一个算一个，区,这也就是网上，有能耐过来当着我们面说我家乡不好试试，上面的，有一个算一个，蛆,否,区 -> 蛆,否,区 -> 蛆,这也就是网上，有能耐过来当着我们面说我家乡不好试试，上面的，有一个算一个，区 -> 这也就是网上，有能耐过来当着我们面说我家乡不好试试，上面的，有一个算一个，蛆,拟音,歧义同音词,“区”和“蛆”同音（qū），利用现有词汇“区”代替“蛆”构成谐音辱骂，属于歧义同音词。,否,,区 -> 蛆
457,pcr-95#1,说得好像你很懂一样，别在这装蒜行不行，真煞笔,说得好像你很懂一样，别在这装蒜行不行，真傻逼,是,煞笔 -> 傻逼,否,真煞笔 -> 真傻逼,说得好像你很懂一样，别在这装蒜行不行，真煞笔 -> 说得好像你很懂一样，别在这装蒜行不行，真傻逼,拟音,非词汇同音词,“煞笔”与“傻逼”发音相近，但“煞笔”并非有效词汇，属于非词汇同音词替换。,否,,真煞笔 -> 真傻逼
458,toxicloakcn_homophone_keyword_002500#1,yysy，不支持也不反对就是一个相对较好的平衡状态，你搞你的lgbt，也影响不到我的生活，如果你是真心想搞txl，也没必在意他人的言论，但是某些閷芶（两方都有，不要对号入座）非要占用社会公共资源，搞zzzq，甚至把亚文化圈子都搞得乌烟瘴气，这就很ex人了,有一说一，不支持也不反对就是一个相对较好的平衡状态，你搞你的lgbt，也影响不到我的生活，如果你是真心想搞同性恋，也没必在意他人的言论，但是某些傻狗（两方都有，不要对号入座）非要占用社会公共资源，搞政治正确，甚至把亚文化圈子都搞得乌烟瘴气，这就很恶心人了,否,yysy -> 有一说一,是,yysy -> 有一说一,yysy，不支持也不反对就是一个相对较好的平衡状态，你搞你的lgbt，也影响不到我的生活，如果你是真心想搞txl，也没必在意他人的言论，但是某些閷芶（两方都有，不要对号入座）非要占用社会公共资源，搞zzzq，甚至把亚文化圈子都搞得乌烟瘴气，这就很ex人了 -> 有一说一，不支持也不反对就是一个相对较好的平衡状态，你搞你的lgbt，也影响不到我的生活，如果你是真心想搞同性恋，也没必在意他人的言论，但是某些傻狗（两方都有，不要对号入座）非要占用社会公共资源，搞政治正确，甚至把亚文化圈子都搞得乌烟瘴气，这就很恶心人了,其他,缩写,yysy 是拼音首字母缩写，发音上无关，属于缩写。,是,yysy -> yi yi si yi,yi yi si yi -> 有一说一
459,toxicloakcn_emoji_keyword_000937#1,可见国际👻子🐛类及其它们后代🐛混就是墙头草，两面倒当人说人话，当鬼说👻🎨从这我们也能窥见国际👻子🐛类及其它们后代🐛混的所谓精英就是蛇鼠两端货色。,可见国际鬼子虫类及其它们后代虫混就是墙头草，两面倒当人说人话，当鬼说鬼话从这我们也能窥见国际鬼子虫类及其它们后代虫混的所谓精英就是蛇鼠两端货色。,是,👻 -> 鬼；🐛 -> 虫；👻🎨 -> 鬼话,否,国际👻子 -> 国际鬼子；🐛类 -> 虫类；后代🐛混 -> 后代虫混；当鬼说👻🎨 -> 当鬼说鬼话,可见国际👻子🐛类及其它们后代🐛混就是墙头草，两面倒当人说人话，当鬼说👻🎨从这我们也能窥见国际👻子🐛类及其它们后代🐛混的所谓精英就是蛇鼠两端货色。 -> 可见国际鬼子虫类及其它们后代虫混就是墙头草，两面倒当人说人话，当鬼说鬼话从这我们也能窥见国际鬼子虫类及其它们后代虫混的所谓精英就是蛇鼠两端货色。,其他,表情符号替换,使用表情符号👻、🐛、👻🎨替代汉字“鬼”、“虫”、“鬼话”，属于表情符号替换文本内容。,否,,国际👻子 -> 国际鬼子；🐛类 -> 虫类；后代🐛混 -> 后代虫混；当鬼说👻🎨 -> 当鬼说鬼话
460,pcr-134#1,自己几斤几两没点B数？还敢冲劳资吠？,自己几斤几两没点逼数？还敢冲老子吠？,是,B -> 逼；劳资 -> 老子,是,B数 -> 逼数；劳资 -> 老子,自己几斤几两没点B数？还敢冲劳资吠？ -> 自己几斤几两没点逼数？还敢冲老子吠？,拟音,语音符号替代,使用字母'B'替代'逼'，属于语音符号替代；'劳资'为'老子'的歧义同音词，整体属于拟音。,是，英文字母发音,,B数 -> 逼数；劳资 -> 老子
461,toxicloakcn_homophone_keyword_001518#1,可惜真正嫁出去的绝大部分找到都是外国别三和老头子。任何民族的精英男性都不会考虑外国人，你见过中国的精英男找外国女的吗？是他们没能力找吗？,可惜真正嫁出去的绝大部分找到都是外国瘪三和老头子。任何民族的精英男性都不会考虑外国人，你见过中国的精英男找外国女的吗？是他们没能力找吗？,是,别 -> 瘪,否,别三 -> 瘪三,可惜真正嫁出去的绝大部分找到都是外国别三和老头子。任何民族的精英男性都不会考虑外国人，你见过中国的精英男找外国女的吗？是他们没能力找吗？ -> 可惜真正嫁出去的绝大部分找到都是外国瘪三和老头子。任何民族的精英男性都不会考虑外国人，你见过中国的精英男找外国女的吗？是他们没能力找吗？,拟音,非词汇同音词,变体“别”与“瘪”声韵相同仅声调不同，属于近音替换；“别三”不成词，解码为“瘪三”，符合非词汇同音词定义。,否,,别三 -> 瘪三
462,pcr-348#1,心香四橙,心想事成,是,香四橙 -> 想事成,否,心香四橙 -> 心想事成,心香四橙 -> 心想事成,拟音,非词汇同音词,原文“香四橙”与“想事成”发音相近，构成非词汇谐音变体，整体通过语音解码为成语“心想事成”。,否,,心香四橙 -> 心想事成
463,pcr-491#1,fire gee让你屁股火辣辣,火鸡让你屁股火辣辣,否,fire gee -> 火鸡,是,fire gee -> 火鸡,fire gee让你屁股火辣辣 -> 火鸡让你屁股火辣辣,拟音,跨语言语音编码（含方言，可称非普通话音近）,变体“fire gee”通过英语发音模拟中文“火鸡”，属于跨语言语音编码。,,,fire gee -> 火鸡
464,pcr-272#1,我不李姐,我不理解,是,李姐 -> 理解,否,不李姐 -> 不理解,我不李姐 -> 我不理解,拟音,歧义同音词,“李姐”与“理解”同音，用现有词汇“李姐”代替同音词“理解”，属于拟音中的歧义同音词。,否,,不李姐 -> 不理解
465,pcr-13#1,你跟水一样，开了也是沸物。,你跟水一样，开了也是废物。,是,沸 -> 废,否,沸物 -> 废物,你跟水一样，开了也是沸物。 -> 你跟水一样，开了也是废物。,拟音,歧义同音词,变体“沸”与“废”同音，替换后形成“沸物”表面有效但实际含义为废物，属于拟音中的歧义同音词。,否,,沸物 -> 废物
466,pcr-130#1,NMSL,你妈死了,是,NMSL -> 你妈死了,是,NMSL -> 你妈死了,NMSL -> 你妈死了,其他,缩写,使用拼音首字母缩写，发音不直接对应，属于其他大类的缩写子类。,是,NMSL -> ne mo si le,ne mo si le -> 你妈死了
467,pcr-243#1,把你放油锅里，看看水更溅,把你放油锅里，看看谁更贱,是,水更溅 -> 谁更贱,否,水更溅 -> 谁更贱,把你放油锅里，看看水更溅 -> 把你放油锅里，看看谁更贱,拟音,歧义同音词,变体“水”和“溅”分别与“谁”和“贱”同音，形成表面有效表达“水更溅”，但实际含义为“谁更贱”，属于利用同音词替换改变语义的歧义同音词。,否,,水更溅 -> 谁更贱
468,pcr-6#1,应该改为蔡徐坤的幕购,应该改为蔡徐坤的母狗,是,幕购 -> 母狗,否,幕购 -> 母狗,应该改为蔡徐坤的幕购 -> 应该改为蔡徐坤的母狗,拟音,非词汇同音词,“幕购”并非标准词汇，通过语音近似解码为“母狗”，属于非词汇同音词。,否,,幕购 -> 母狗
469,pcr-197#1,子不教父之过，你m我，我的错,子不教父之过，你骂我，我的错,是,m -> 骂,是,你m我 -> 你骂我,子不教父之过，你m我，我的错 -> 子不教父之过，你骂我，我的错,其他,缩写,“m”是“骂”的拼音首字母缩写，发音上不相关，属于其他类别中的缩写。,是,m -> mo,你mo我 -> 你骂我
470,pcr-37#1,学金融的吧这么省金,学金融的吧这么神经,否,省金 -> 神经,否,这么省金 -> 这么神经,学金融的吧这么省金 -> 学金融的吧这么神经,拟音,歧义同音词,“省金”替换“神经”，两者发音相近，且“省金”在字面上可理解为“节省金钱”，构成有效的词语表达，通过同音词实现歧义。,否,,这么省金 -> 这么神经
471,pcr-132#1,QNMD,去你妈的,是,QNMD -> 去你妈的,是,QNMD -> 去你妈的,QNMD -> 去你妈的,其他,缩写,QNMD是“去你妈的”的拼音首字母缩写，发音不直接对应，属于缩写类。,是,QNMD -> qi ne mo de,qi ne mo de -> 去你妈的
472,toxicloakcn_homophone_keyword_001085#1,孙杂能不能速度点出来给本帅哥跪下，一个个都被本帅哥一牛子捅哑巴了吗,孙子能不能速度点出来给本帅哥跪下，一个个都被本帅哥一牛子捅哑巴了吗,否,杂 -> 子,否,孙杂 -> 孙砸,孙杂能不能速度点出来给本帅哥跪下，一个个都被本帅哥一牛子捅哑巴了吗 -> 孙子能不能速度点出来给本帅哥跪下，一个个都被本帅哥一牛子捅哑巴了吗,拟音,跨语言语音编码（含方言，可称非普通话音近）,变种'杂'在方言中与'子'发音相近，通过方言谐音编码原词。,否,,孙杂 -> 孙砸
473,pcr-207#1,你的活事真滴不星啊,你的活是真的不行啊,否,事->是；滴->的；星->行,否,活事 -> 活是；真滴 -> 真的；不星 -> 不行,你的活事真滴不星啊 -> 你的活是真的不行啊,拟音,非词汇同音词,变种映射为“事->是、滴->的、星->行”，均为同音或近音替换，但“你的活事真滴不星啊”整体不构成有效词汇表达，符合非词汇同音词定义。,否,,活事 -> 活是；真滴 -> 真的；不星 -> 不行
474,pcr-346#1,校世我了,笑死我了,是,校世 -> 笑死,否,校世我了 -> 笑死我了,校世我了 -> 笑死我了,拟音,非词汇同音词,“校世”并非有效词汇，通过语音近似解码为“笑死”，符合非词汇同音词定义。,否,,校世我了 -> 笑死我了
475,pcr-494#1,饭车现场,翻车现场,是,饭 -> 翻,否,饭车 -> 翻车,饭车现场 -> 翻车现场,拟音,歧义同音词,使用同音词'饭'替换'翻'，表面'饭车现场'为有效表达，但实际含义为'翻车现场'，属于歧义同音词。,否,,饭车 -> 翻车
476,pcr-443#1,他老说8行，其实根本没底气,他老说不行的，其实根本没底气,否,8 -> 不,否,8行 -> 不行的,他老说8行，其实根本没底气 -> 他老说不行的，其实根本没底气,拟音,语音符号替代,数字“8”发音类似“不”，属于使用数字符号根据发音代替汉字的语音符号替代。,否,,8行 -> 不行的
477,pcr-323#1,到底瓶什么？,到底凭什么？,是,瓶 -> 凭,否,到底瓶什么？ -> 到底凭什么？,到底瓶什么？ -> 到底凭什么？,拟音,非词汇同音词,“瓶”与“凭”同音，但“瓶什么”无法构成有效词汇表达，需通过语音解码为“凭什么”，属于非词汇同音词。,否,,到底瓶什么？ -> 到底凭什么？
478,pcr-388#1,这个汇报真的滴水blow,这个汇报真的滴水不漏,否,blow -> 不漏,是,滴水blow -> 滴水不漏,这个汇报真的滴水blow -> 这个汇报真的滴水不漏,拟音,跨语言语音编码（含方言，可称非普通话音近）,英文单词“blow”发音近似于“不漏”，属于跨语言语音编码。,,,滴水blow -> 滴水不漏
479,pcr-409#1,勿q,勿cue,是,q -> cue,是,勿q -> 勿cue,勿q -> 勿cue,拟音,语音符号替代,使用字母“q”根据其英文发音代替“cue”，属于语音符号替代。,是，英文字母发音,,勿q -> 勿cue
480,pcr-433#1,3Q非常much,Thank you very much,否,3Q非常 -> Thank you very ,是,3Q -> Thank you；v瑞 -> very,3Q非常much -> Thank you very much,拟音,语音符号替代,3Q 是数字和字母的语音符号，谐音 'Thank you'，属于语音符号替代；非常 是直接翻译 'very'，整体以语音替代为核心。,是，英文字母发音,,3Q -> Thank you；v瑞 -> very
481,pcr-364#1,今天晚上失棉了,今天晚上失眠了,是,棉 -> 眠,否,失棉 -> 失眠,今天晚上失棉了 -> 今天晚上失眠了,拟音,非词汇同音词,用同音字“棉”替换“眠”，形成“失棉”这一非词汇表达，需通过语音解码为“失眠”。,否,,失棉 -> 失眠
482,pcr-213#1,你真是癞hamo趴脚面,你真是癞蛤蟆趴脚面,是,hamo -> 蛤蟆,是,癞ha mo -> 癞蛤蟆,你真是癞hamo趴脚面 -> 你真是癞蛤蟆趴脚面,拟音,语音符号替代,使用拼音“hamo”代替汉字“蛤蟆”，通过发音对应实现替换，属于语音符号替代。,,,癞ha mo -> 癞蛤蟆
483,pcr-325#1,时来运砖,时来运转,是,砖 -> 转,否,时来运砖 -> 时来运转,时来运砖 -> 时来运转,拟音,歧义同音词,变体'砖'与'转'发音相近，通过同音词替换形成字面有效但歧义的表达，属于拟音中的歧义同音词。,否,,时来运砖 -> 时来运转
484,pcr-61#1,真是弟弟出门遛弯，步行啊老弟,真是弟弟出门遛弯，不行啊老弟,否,步 -> 不,否,步行 -> 不行,真是弟弟出门遛弯，步行啊老弟 -> 真是弟弟出门遛弯，不行啊老弟,拟音,歧义同音词,“步行”是现有词汇，通过同音字“步”替换为“不”，形成有效表达但预期含义不同，属于歧义同音词。,否,,步行 -> 不行
485,pcr-160#1,要点face吧兄弟,要点脸吧兄弟,是,face -> 脸,是,要点face -> 要点脸,要点face吧兄弟 -> 要点脸吧兄弟,其他,缩写,变体使用英文单词'face'替换中文'脸'，发音无关，属于用罗马字母符号进行编码，归入缩写类。,是,,要点face -> 要点脸
486,pcr-330#1,招财进堡,招财进宝,是,堡 -> 宝,否,招财进堡 -> 招财进宝,招财进堡 -> 招财进宝,拟音,歧义同音词,变体使用同音字“堡”代替“宝”，形成看似有效但语义不同的短语“招财进堡”，属于拟音大类中的歧义同音词。,否,,招财进堡 -> 招财进宝
487,pcr-240#1,word麻鸭，是乔尼玛·麦彼得,我的妈呀，是操你妈卖逼的,否,word麻鸭 -> 我的妈呀；乔尼玛·麦彼得 -> 操你妈卖逼的,是,word麻鸭 -> 我的妈呀；乔尼玛·麦彼得 -> 操你妈卖逼的,word麻鸭，是乔尼玛·麦彼得 -> 我的妈呀，是操你妈卖逼的,拟音,跨语言语音编码（含方言，可称非普通话音近）,变种'word麻鸭'使用英文单词'word'模拟'我的'发音，属于跨语言语音编码；'乔尼玛·麦彼得'通过同音字模拟脏话，但整体仍属拟音，且因包含跨语言特征，归为跨语言语音编码子类。,,,word麻鸭 -> 我的妈呀；乔尼玛·麦彼得 -> 操你妈卖逼的
488,pcr-128#1,mnz也敢来评论别人的事？,没脑子也敢来评论别人的事？,否,mnz -> 没脑子,是,mnz -> 没脑子,mnz也敢来评论别人的事？ -> 没脑子也敢来评论别人的事？,其他,缩写,mnz是“没脑子”的拼音首字母缩写，发音无关，属于其他类缩写。,是,mnz -> mo ne zi,mo ne zi -> 没脑子
489,pcr-94#1,碧嘴别叫了,闭嘴别叫了,否,碧 -> 闭,否,碧嘴 -> 闭嘴,碧嘴别叫了 -> 闭嘴别叫了,拟音,非词汇同音词,变体'碧'与'闭'同音，但'碧嘴'非有效词汇，通过同音解码为'闭嘴'，属于非词汇同音词。,否,,碧嘴 -> 闭嘴
490,pcr-261#1,补兑,不对,是,补兑 -> 不对,否,补兑 -> 不对,补兑 -> 不对,拟音,非词汇同音词,“补兑”读音与“不对”相近，但本身不是有效词汇，通过语音解码为约定俗成的短语，符合非词汇同音词定义。,否,,补兑 -> 不对
491,pcr-81#1,你真挺能桩的,你真挺能装的,是,桩 -> 装,否,能桩 -> 能装,你真挺能桩的 -> 你真挺能装的,拟音,非词汇同音词,“桩”与“装”同音，替换后“能桩”不是有效词汇，属于非词汇同音词。,否,,能桩 -> 能装
492,pcr-62#1,你跟水一样，开了也是沸物,你跟水一样，开了也是废物,是,沸 -> 废,否,沸物 -> 废物,你跟水一样，开了也是沸物 -> 你跟水一样，开了也是废物,拟音,非词汇同音词,“沸”与“废”同音，但“沸物”不是有效词汇，通过语音解码为“废物”，属于非词汇同音词。,否,,沸物 -> 废物
493,pcr-102#1,四麻养出来的钩，讲话都带毒。,死妈养出来的狗，讲话都带毒。,否,四麻 -> 死妈；钩 -> 狗,否,四麻 -> 死妈；钩 -> 狗,四麻养出来的钩，讲话都带毒。 -> 死妈养出来的狗，讲话都带毒。,拟音,非词汇同音词,变体“四麻”以非词汇同音方式替代“死妈”，“钩”以同音字替换“狗”，整体属于拟音中的非词汇同音词类别。,否,,四麻 -> 死妈；钩 -> 狗
494,pcr-252#1,沃德发,what the fuck,是,沃德发 -> what the fuck,是,沃德发 -> what the fuck,沃德发 -> what the fuck,拟音,跨语言语音编码（含方言，可称非普通话音近）,用中文“沃德发”模拟英文“what the fuck”的发音，属于跨语言语音编码。,,,沃德发 -> what the fuck
495,pcr-400#1,到点下班天津地义,到点下班天经地义,是,津 -> 经,否,天津地义 -> 天经地义,到点下班天津地义 -> 到点下班天经地义,拟音,非词汇同音词,变体“津”与“经”发音相近，替换后形成非词汇串“天津地义”，通过语音解码为成语“天经地义”，符合非词汇同音词定义。,否,,天津地义 -> 天经地义
496,pcr-251#1,种族歧视的根源是底层的无知，护士规则,种族歧视的根源是底层的无知，忽视规则,否,护士 -> 忽视,否,护士 -> 忽视,种族歧视的根源是底层的无知，护士规则 -> 种族歧视的根源是底层的无知，忽视规则,拟音,歧义同音词,变体“护士”是现有词汇，发音与“忽视”相近（hù shi vs. hū shì），通过同音词替换表达不同含义，符合歧义同音词的定义。,否,,护士 -> 忽视
497,pcr-401#1,愿你今年升职嘉兴,愿你今年升职加薪,是,嘉兴 -> 加薪,否,升职嘉兴 -> 升职加薪,愿你今年升职嘉兴 -> 愿你今年升职加薪,拟音,歧义同音词,“嘉兴”是地名，与“加薪”发音相近（-in/-ing不分），属于同音词替换，且表面是有效词汇。,否,,升职嘉兴 -> 升职加薪
498,pcr-147#1,s南通g啊,死男同滚啊,否,s南通g -> 死男同滚,是,s南通g -> 死男同滚,s南通g啊 -> 死男同滚啊,其他,缩写,变体“s南通g”中，“s”和“g”为拼音首字母缩写，发音与“死”“滚”无关；“南通”为谐音，整体属于拼音缩写混合谐音，归入缩写类别。,是,s -> si；g -> ge,si南通ge -> 死男同滚
499,pcr-201#1,姐姐带的什么表啊，百达斐吗？好表啊,姐姐带的什么表啊，百达斐吗？好婊啊,否,表 -> 婊,否,好表啊 -> 好婊啊,姐姐带的什么表啊，百达斐吗？好表啊 -> 姐姐带的什么表啊，百达斐吗？好婊啊,拟音,歧义同音词,“表”与“婊”同音（biao3），通过同音词替换，字面表达“好表”实际含义为“好婊”，属于歧义同音词。,否,,好表啊 -> 好婊啊
500,pcr-135#1,yyds？我看你是yyrn，永远惹人烦。,永远的神？我看你是阴阳人，永远惹人烦。,否,yyds -> 永远的神；yyrn -> 阴阳人,是,yyds -> 永远的神；yyrn -> 阴阳人,yyds？我看你是yyrn，永远惹人烦。 -> 永远的神？我看你是阴阳人，永远惹人烦。,其他,缩写,yyds和yyrn均为拼音首字母缩写，发音上不直接代表原词，属于其他类中的缩写。,是,yyds -> yi yi de si；yyrn -> yi yi ri ne,yi yi de si -> 永远的神；yi yi ri ne -> 阴阳人
501,pcr-34#1,青梅竹马，别人是青竹，你是梅马,青梅竹马，别人是青竹，你是没妈,是,梅马 -> 没妈,否,你是梅马 -> 你是没妈,青梅竹马，别人是青竹，你是梅马 -> 青梅竹马，别人是青竹，你是没妈,拟音,非词汇同音词,“梅马”与“没妈”发音相近，且“梅马”并非有效词汇，属于非词汇同音词替换。,否,,你是梅马 -> 你是没妈
502,toxicloakcn_emoji_keyword_002359#1,这是黑砸的正常操作，如果有做好事的新闻才是不正常,这是黑子的正常操作，如果有做好事的新闻才是不正常,否,砸 -> 子,否,黑砸 -> 黑子,这是黑砸的正常操作，如果有做好事的新闻才是不正常 -> 这是黑子的正常操作，如果有做好事的新闻才是不正常,拟音,跨语言语音编码（含方言，可称非普通话音近）,“砸”与“子”声母相同，韵母差异可能模拟了某些方言中“子”的发音，属于方言语音替代。,否,,黑砸 -> 黑子
503,pcr-206#1,我不是草船，你的箭不要往我这里放,我不是草船，你的贱不要往我这里放,是,箭 -> 贱,否,你的箭 -> 你的贱,我不是草船，你的箭不要往我这里放 -> 我不是草船，你的贱不要往我这里放,拟音,歧义同音词,“箭”和“贱”同音，且“箭”是现有词汇，字面意思与预期含义不同，属于拟音大类中的歧义同音词。,否,,你的箭 -> 你的贱
504,pcr-11#1,互联网真好，有利有弊，我利了，哪里有弊,互联网真好，有利有弊，我立了，哪里有逼,否,利 -> 立；弊 -> 逼,否,我利了 -> 我立了；哪里有弊 -> 哪里有逼,互联网真好，有利有弊，我利了，哪里有弊 -> 互联网真好，有利有弊，我立了，哪里有逼,拟音,歧义同音词,变体「弊」替换为「逼」构成同音歧义，使「哪里有弊」字面意为「哪里有弊端」，实际解码为「哪里有逼」，属于歧义同音词。,否,,我利了 -> 我立了；哪里有弊 -> 哪里有逼
505,pcr-177#1,别给我放“烦动”烟雾弹，我偏不怕这把火,别给我放“反动”烟雾弹，我偏不怕这把火,是,烦 -> 反,否,烦动 -> 反动,别给我放“烦动”烟雾弹，我偏不怕这把火 -> 别给我放“反动”烟雾弹，我偏不怕这把火,拟音,非词汇同音词,“烦”与“反”同音（声调不同但常混用），替换后“烦动”不成词，需通过语音解码为“反动”，属于拟音中的非词汇同音词。,否,,烦动 -> 反动
506,pcr-345#1,鸡羽成周,机遇成舟,否,鸡羽成周 -> 机遇成舟,否,鸡羽 -> 机遇；周 -> 舟,鸡羽成周 -> 机遇成舟,拟音,歧义同音词,“鸡羽 -> 机遇”和“周 -> 舟”均为现有词汇的发音相近或相同，使得字面含义与预期含义因同音词而不同，属于拟音大类中的歧义同音词。,否,,鸡羽 -> 机遇；周 -> 舟
507,pcr-246#1,王维买红豆，相思！,王维买红豆，想死！,否,相思 -> 想死,否,相思 -> 想死,王维买红豆，相思！ -> 王维买红豆，想死！,拟音,歧义同音词,“相思”与“想死”发音相同，且“相思”为现有词汇，字面含义与预期含义因同音词而不同，符合歧义同音词定义。,否,,相思 -> 想死
508,pcr-192#1,看的出来你是第一次当银，没什么经验,看的出来你是第一次当人，没什么经验,是,银 -> 人,否,第一次当银 -> 第一次当人,看的出来你是第一次当银，没什么经验 -> 看的出来你是第一次当人，没什么经验,拟音,跨语言语音编码（含方言，可称非普通话音近）,用方言中“人”读作“银”的发音模拟，属于跨语言语音编码。,否,,第一次当银 -> 第一次当人
509,pcr-265#1,鸡不可湿,机不可失,是,鸡 -> 机；湿 -> 失,否,鸡不可湿 -> 机不可失,鸡不可湿 -> 机不可失,拟音,非词汇同音词,变体“鸡不可湿”通过同音字“鸡”代替“机”、“湿”代替“失”编码成语“机不可失”，表面不构成有效词汇表达，需语音解码。,否,,鸡不可湿 -> 机不可失
510,pcr-220#1,顽梗痘肌疤玩不明白,玩梗都鸡巴玩不明白,否,顽 -> 玩；痘肌疤 -> 都鸡巴,否,顽梗 -> 玩梗；痘肌疤 -> 都鸡巴,顽梗痘肌疤玩不明白 -> 玩梗都鸡巴玩不明白,拟音,非词汇同音词,变体通过同音字替换，表面形式（顽梗、痘肌疤）非有效词汇，需语音解码为“玩梗”和“都鸡巴”，符合非词汇同音词定义。,否,,顽梗 -> 玩梗；痘肌疤 -> 都鸡巴
511,pcr-357#1,扁桃体永不发言,扁桃体永不发炎,是,发言 -> 发炎,否,发言 -> 发炎,扁桃体永不发言 -> 扁桃体永不发炎,拟音,歧义同音词,“发言”与“发炎”同音，且“发言”为有效词汇，属于歧义同音词替换。,否,,发言 -> 发炎
512,pcr-225#1,比亚迪再这样给你玛莎拉,逼痒的再这样给你妈杀了,否,比亚迪 -> 逼痒的；玛莎拉 -> 妈杀了,否,比亚迪 -> 逼痒的；玛莎拉 -> 妈杀了,比亚迪再这样给你玛莎拉 -> 逼痒的再这样给你妈杀了,拟音,歧义同音词,变体利用现有词汇'比亚迪'和'玛莎拉'通过同音替换表达'逼痒的'和'妈杀了'，属于拟音中的歧义同音词。,否,,比亚迪 -> 逼痒的；玛莎拉 -> 妈杀了
513,pcr-285#1,你都如何回蚁窝，带着笑或是沉默,你都如何回忆我，带着笑或是沉默,是,蚁窝 -> 忆我,否,回蚁窝 -> 回忆我,你都如何回蚁窝，带着笑或是沉默 -> 你都如何回忆我，带着笑或是沉默,拟音,歧义同音词,“蚁窝”为现有词汇，与“忆我”发音相近，构成同音歧义替换。,否,,回蚁窝 -> 回忆我
514,pcr-217#1,王昌龄妈，敢刷劳资,我操你妈，敢耍老子,否,王昌龄 -> 我操你；刷劳资 -> 耍老子,否,王昌龄妈 -> 我操你妈；敢刷劳资 -> 敢耍老子,王昌龄妈，敢刷劳资 -> 我操你妈，敢耍老子,拟音,非词汇同音词,变体通过语音近似，用“王昌龄”代“我操你”，用“刷劳资”代“耍老子”，表面词汇不构成有效表达，属于拟音中的非词汇同音词。,否,,王昌龄妈 -> 我操你妈；敢刷劳资 -> 敢耍老子
515,pcr-33#1,没嘛总得认一个,没妈总得认一个,是,嘛 -> 妈,否,没嘛 -> 没妈,没嘛总得认一个 -> 没妈总得认一个,拟音,歧义同音词,“嘛”与“妈”同音，且“嘛”本身是有效词汇，替换后形成另一种含义，属于歧义同音词。,否,,没嘛 -> 没妈
516,pcr-465#1,能不能给我cancanneed,能不能给我看看你的,是,cancanneed -> 看看你的,是,can can need -> 看看你的,能不能给我cancanneed -> 能不能给我看看你的,拟音,语音符号替代,使用英文单词“can”和“need”的发音近似模拟中文“看看你的”，属于拟音类中的语音符号替代。,,,can can need -> 看看你的
517,pcr-319#1,祝你一鹿顺丰，福到家门,祝你一路顺风，福到家门,是,鹿 -> 路；丰 -> 风,否,一鹿顺丰 -> 一路顺风,祝你一鹿顺丰，福到家门 -> 祝你一路顺风，福到家门,拟音,歧义同音词,变体“鹿”和“丰”为现有词汇，通过同音替换“路”和“风”传递预期含义，符合歧义同音词定义。,否,,一鹿顺丰 -> 一路顺风
518,pcr-410#1,大兄dei你好呀,大兄弟你好呀,是,dei -> 弟,是,大兄dei -> 大兄弟,大兄dei你好呀 -> 大兄弟你好呀,拟音,语音符号替代,使用拼音“dei”代替汉字“弟”，属于语音符号替代。,,,大兄dei -> 大兄弟
519,pcr-343#1,雪儿不厌，学业长进,学而不厌，学业长进,是,雪儿 -> 学而,否,雪儿不厌 -> 学而不厌,雪儿不厌，学业长进 -> 学而不厌，学业长进,拟音,歧义同音词,“雪儿”与“学而”发音相近，且“雪儿”是有效词汇，用于替代“学而”构成同音词歧义，符合歧义同音词定义。,否,,雪儿不厌 -> 学而不厌
520,pcr-25#1,你这个春竹。,你这个蠢猪。,是,春竹 -> 蠢猪,否,春竹 -> 蠢猪,你这个春竹。 -> 你这个蠢猪。,拟音,歧义同音词,“春竹”为现有词汇，其发音与“蠢猪”相近，通过同音词替换传达新含义，符合歧义同音词定义。,否,,春竹 -> 蠢猪
521,pcr-389#1,想吃猕hotel,想吃猕猴桃,是,hotel -> 猴桃,是,猕hotel -> 猕猴桃,想吃猕hotel -> 想吃猕猴桃,拟音,跨语言语音编码（含方言，可称非普通话音近）,使用英语单词 hotel 的发音近似模拟“猴桃”的读音，属于跨语言语音编码。,,,猕hotel -> 猕猴桃
522,pcr-250#1,这人真2 B 5，自以为了不起,这人真二百五，自以为了不起,否,2 B 5 -> 二百五,是,2 B 5 -> 二百五,这人真2 B 5，自以为了不起 -> 这人真二百五，自以为了不起,拟音,语音符号替代,使用数字和字母“2 B 5”根据发音代替汉字“二百五”，属于语音符号替代。,是,,2 B 5 -> 二百五
523,pcr-374#1,木凳口袋,目瞪口呆,否,木凳 -> 目瞪；袋 -> 呆,否,木凳口袋 -> 目瞪口呆,木凳口袋 -> 目瞪口呆,拟音,歧义同音词,变体由同音字替代构成，表面为有效词汇“木凳”和“口袋”，但实际编码“目瞪口呆”，属于歧义同音词。,否,,木凳口袋 -> 目瞪口呆
524,pcr-15#1,你的qq农场响了，菜4了,你的qq农场响了，菜死了,是,4 -> 死,否,菜4了 -> 菜死了,你的qq农场响了，菜4了 -> 你的qq农场响了，菜死了,拟音,语音符号替代,数字“4”发音与“死”相近，用数字替代汉字，属于语音符号替代。,否,,菜4了 -> 菜死了
525,pcr-361#1,你是不是吃堡了,你是不是吃饱了,是,堡 -> 饱,否,吃堡了 -> 吃饱了,你是不是吃堡了 -> 你是不是吃饱了,拟音,歧义同音词,“堡”与“饱”同音，且“吃堡”字面可理解为“吃汉堡”，但实际意图为“吃饱”，属于有效表面的同音替换。,否,,吃堡了 -> 吃饱了
526,pcr-308#1,天鸡不可泄露,天机不可泄露,是,鸡 -> 机,否,天鸡 -> 天机,天鸡不可泄露 -> 天机不可泄露,拟音,非词汇同音词,用同音字“鸡”替换“机”，表面上“天鸡”不是有效词汇，但通过同音可解码为成语“天机不可泄露”，属于非词汇同音词。,否,,天鸡 -> 天机
527,pcr-146#1,做事情tony带水,做事情拖泥带水,是,tony -> 拖泥,是,tony带水 -> 拖泥带水,做事情tony带水 -> 做事情拖泥带水,拟音,跨语言语音编码（含方言，可称非普通话音近）,使用英文名“tony”的发音近似中文“拖泥”，属于跨语言语音编码。,,,tony带水 -> 拖泥带水
528,pcr-122#1,看你那副得姓，真饿心。,看你那副德性，真恶心。,是,得姓 -> 德性；饿 -> 恶,否,得姓 -> 德性；饿心 -> 恶心,看你那副得姓，真饿心。 -> 看你那副德性，真恶心。,拟音,歧义同音词,变体“得姓”与“德性”同音，且“饿”与“恶”同音，表面形式均为有效词汇，但预期含义不同，属于同音词歧义替换。,否,,得姓 -> 德性；饿心 -> 恶心
529,pcr-266#1,轻鹅易举,轻而易举,是,鹅 -> 而,否,轻鹅易举 -> 轻而易举,轻鹅易举 -> 轻而易举,拟音,非词汇同音词,变体“鹅”与“而”发音相近，通过谐音替换，表面非有效词汇，但可解码为成语“轻而易举”。,否,,轻鹅易举 -> 轻而易举
530,pcr-68#1,煤负沐,没父母,否,煤负沐 -> 没父母,否,煤负沐 -> 没父母,煤负沐 -> 没父母,拟音,非词汇同音词,“煤负沐”与“没父母”发音相同，但表面不构成有效词汇，属于非词汇同音词。,否,,煤负沐 -> 没父母
531,pcr-191#1,别逼我珊你，XX,别逼我删你，傻逼,否,珊 -> 删；XX -> 傻逼,是,珊你 -> 删你；XX -> 傻逼,别逼我珊你，XX -> 别逼我删你，傻逼,其他,缩写,映射‘XX’替代‘傻逼’属于使用罗马字母的缩写，发音无关，归类为其他-缩写；同时‘珊’替代‘删’为同音词，但整体以缩写策略为主。,是,XX -> xi xi,珊你 -> 删你；xi xi -> 傻逼
532,pcr-231#1,窝日尼m,我日你妈,是,窝 -> 我；尼m -> 你妈,是,窝日尼m -> 我日你妈,窝日尼m -> 我日你妈,拟音,语音符号替代,“窝”为“我”的方言拟音，“尼m”使用汉字拟音加拼音首字母“m”代替“妈”，属于使用拼音符号的语音替代，因此整体归为语音符号替代。,是,m -> mo,窝日尼mo -> 我日你妈
533,pcr-367#1,仙走一步了,先走一步了,是,仙 -> 先,否,仙走一步 -> 先走一步,仙走一步了 -> 先走一步了,拟音,歧义同音词,“仙”与“先”同音（xian1），表面“仙走一步”可理解为仙人走一步，但实际意指“先走一步”，构成同音歧义。,否,,仙走一步 -> 先走一步
534,pcr-398#1,辣好吧，就这样吧,那好吧，就这样吧,否,辣 -> 那,否,辣好吧 -> 那好吧,辣好吧，就这样吧 -> 那好吧，就这样吧,拟音,非词汇同音词,“辣”（la4）与“那”（na4）发音相近，替换后“辣好吧”无法构成有效词汇表达，需通过语音解码为“那好吧”，符合非词汇同音词定义。,否,,辣好吧 -> 那好吧
535,pcr-219#1,我是种地的你这个咋种,我是种地的，你这个杂种,否,咋 -> 杂,否,你这个咋种 -> 你这个杂种,我是种地的你这个咋种 -> 我是种地的，你这个杂种,拟音,非词汇同音词,“咋”与“杂”发音相近，使用同音字替换形成非词汇表达“咋种”，解码为“杂种”，属于非词汇同音词。,否,,你这个咋种 -> 你这个杂种
536,pcr-27#1,你是亚里士多德的妹妹，珍妮玛士多吗？,你是亚里士多德的妹妹，真你妈事多吗？,否,珍妮玛士 -> 真你妈事,否,珍妮玛士多 -> 真你妈事多,你是亚里士多德的妹妹，珍妮玛士多吗？ -> 你是亚里士多德的妹妹，真你妈事多吗？,拟音,歧义同音词,变体“珍妮玛士”是一个表面有效的人名，通过同音字映射到脏话短语“真你妈事”，属于歧义同音词。,否,,珍妮玛士多 -> 真你妈事多
537,pcr-187#1,woc！老资有钱，别在评论区粑粑,我操！老子有钱，别在评论区叭叭,否,woc -> 我操,是,wo c -> 我操,woc！老资有钱，别在评论区粑粑 -> 我操！老子有钱，别在评论区叭叭,拟音,语音符号替代,woc是拼音字母缩写，根据发音代替标准汉字“我操”。,是,c -> ci,wo ci -> 我操
538,pcr-399#1,没有买卖就没有上海,没有买卖就没有伤害,是,上海 -> 伤害,否,上海 -> 伤害,没有买卖就没有上海 -> 没有买卖就没有伤害,拟音,歧义同音词,“上海”表面为地名，但音近“伤害”，符合歧义同音词定义。,否,,上海 -> 伤害
539,pcr-105#1,别再zhuang了，都知道你那副德行。,别再装了，都知道你那副德行。,是,zhuang -> 装,是,zhuang了 -> 装了,别再zhuang了，都知道你那副德行。 -> 别再装了，都知道你那副德行。,拟音,语音符号替代,用拼音“zhuang”代替汉字“装”，属于语音符号替代。,,,zhuang了 -> 装了
540,pcr-149#1,菜b别玩了,菜逼别玩了,是,b -> 逼,是,菜b -> 菜逼,菜b别玩了 -> 菜逼别玩了,其他,缩写,b是'逼'的拼音首字母缩写，发音上不近似，属于其他类别中的缩写。,是,b -> bo,菜bo -> 菜逼
541,pcr-1#1,希望你在学校好好吃饭不要勾史,希望你在学校好好吃饭不要狗屎,是,勾史 -> 狗屎,否,勾史 -> 狗屎,希望你在学校好好吃饭不要勾史 -> 希望你在学校好好吃饭不要狗屎,拟音,非词汇同音词,变体“勾史”本身不是有效词汇，通过语音近似解码为“狗屎”，发音相近，属于拟音大类中的非词汇同音词。,否,,勾史 -> 狗屎
542,pcr-216#1,你比李时珍见啊,你比李时珍贱啊,是,见 -> 贱,否,你比李时珍见啊 -> 你比李时珍贱啊,你比李时珍见啊 -> 你比李时珍贱啊,拟音,非词汇同音词,“见”与“贱”同音，但替换后字面“你比李时珍见啊”不构成有效表达，需通过语音解码，属于非词汇同音词。,否,,你比李时珍见啊 -> 你比李时珍贱啊
543,pcr-489#1,我们之间的gone she，是可以进一步了吗,我们之间的关系，是可以进一步了吗,是,gone she -> 关系,是,gone she -> 关系,我们之间的gone she，是可以进一步了吗 -> 我们之间的关系，是可以进一步了吗,拟音,跨语言语音编码（含方言，可称非普通话音近）,变体“gone she”通过英语单词的发音近似中文“关系”，属于跨语言语音编码。,,,gone she -> 关系
544,pcr-80#1,你真是嬴政回皇宫，皇到家了,你真是嬴政回皇宫，黄到家了,是,皇 -> 黄,否,皇到家了 -> 黄到家了,你真是嬴政回皇宫，皇到家了 -> 你真是嬴政回皇宫，黄到家了,拟音,歧义同音词,利用“皇”与“黄”同音，将“黄到家了”替换为“皇到家了”，表面意为皇帝到家，实际暗示色情含义，属于歧义同音词。,否,,皇到家了 -> 黄到家了
545,pcr-127#1,你这ch真是一言难尽,你这蠢货真是一言难尽,是,ch -> 蠢货,是,ch -> 蠢货,你这ch真是一言难尽 -> 你这蠢货真是一言难尽,其他,缩写,使用拼音首字母“ch”代替“蠢货”，属于发音无关的缩写。,是,ch -> chi,chi -> 蠢货
546,pcr-394#1,大家都不要椒虑,大家都不要焦虑,是,椒 -> 焦,否,椒虑 -> 焦虑,大家都不要椒虑 -> 大家都不要焦虑,拟音,非词汇同音词,“椒”与“焦”同音，而“椒虑”并非有效词汇，需通过语音解码为“焦虑”，符合非词汇同音词定义。,否,,椒虑 -> 焦虑
547,pcr-21#1,你真是64.5克的黄金，全价4万了。,你真是64.5克的黄金，全家死完了。,是,价4万 -> 家死完,否,全价4万 -> 全家死完,你真是64.5克的黄金，全价4万了。 -> 你真是64.5克的黄金，全家死完了。,拟音,语音符号替代,通过数字“4”和近音汉字“价”“万”模拟“家死完”的发音，属于语音符号替代。,否,,全价4万 -> 全家死完
548,pcr-405#1,懂王在政治和金钱中选择了政钱,懂王在政治和金钱中选择了挣钱,否,政 -> 挣,否,政钱 -> 挣钱,懂王在政治和金钱中选择了政钱 -> 懂王在政治和金钱中选择了挣钱,拟音,非词汇同音词,“政”与“挣”同音，替换后“政钱”不能构成有效词汇，但通过语音可解码为“挣钱”，属于非词汇同音词。,否,,政钱 -> 挣钱
549,pcr-354#1,郑在过年,正在过年,是,郑 -> 正,否,郑在 -> 正在,郑在过年 -> 正在过年,拟音,歧义同音词,变体'郑在'表面为姓氏+在，但通过同音替换为'正在'，形成有效表达而产生歧义。,否,,郑在 -> 正在
550,pcr-427#1,考试时不要6神无主,考试时不要六神无主,是,6 -> 六,否,6神无主 -> 六神无主,考试时不要6神无主 -> 考试时不要六神无主,拟音,语音符号替代,数字“6”替代汉字“六”，发音相同，属于语音符号替代。,否,,6神无主 -> 六神无主
551,pcr-461#1,已经太婉了,已经太晚了,是,婉 -> 晚,否,太婉了 -> 太晚了,已经太婉了 -> 已经太晚了,拟音,歧义同音词,“婉”与“晚”发音相同，且“婉”本身是有效词汇，通过同音替换表达“晚”的含义，属于歧义同音词。,否,,太婉了 -> 太晚了
552,pcr-469#1,评论区已经满屏2333,评论区已经满屏哈哈哈,是,2333 -> 哈哈哈,否,满屏2333 -> 满屏哈哈哈,评论区已经满屏2333 -> 评论区已经满屏哈哈哈,其他,缩写,2333是数字符号，表达笑声，发音与'哈哈哈'无关，属于数字缩写约定。,否,,满屏2333 -> 满屏哈哈哈
553,pcr-137#1,你真太6了，6到爆炸,你真太6了，6到爆炸,否,6 -> 6,否,6 -> 6,你真太6了，6到爆炸 -> 你真太6了，6到爆炸,拟音,语音符号替代,数字6常作为语音符号替代，读音与“溜”相近，但本句还原答案未变，仍按语音符号替代归类。,否,,6 -> 6
554,pcr-256#1,你的螂来了,你的郎来了,否,螂 -> 郎,否,你的螂来了 -> 你的郎来了,你的螂来了 -> 你的郎来了,拟音,歧义同音词,变体“螂”与“郎”同音，字面含义为蟑螂，实际指情郎，属于歧义同音词。,否,,你的螂来了 -> 你的郎来了
555,pcr-355#1,过乔米线,过桥米线,是,乔 -> 桥,否,过乔米线 -> 过桥米线,过乔米线 -> 过桥米线,拟音,非词汇同音词,变体“过乔米线”中的“乔”与“桥”同音，通过同音字替换形成非现有词汇表达，需经语音解码为“过桥米线”，属于非词汇同音词。,否,,过乔米线 -> 过桥米线
556,pcr-411#1,这属于美国独有的zzzq,这属于美国独有的政治正确,是,zzzq -> 政治正确,是,zzzq -> 政治正确,这属于美国独有的zzzq -> 这属于美国独有的政治正确,其他,缩写,zzzq 是“政治正确”的拼音首字母缩写，发音上不直接对应，属于缩写。,是,zzzq -> zi zi zi qi,zi zi zi qi -> 政治正确
557,pcr-111#1,你浮木真失败，养出你zh么个祸h。,你父母真失败，养出你这么个祸害。,是,浮木 -> 父母,否,浮木 -> 父母,你浮木真失败，养出你zh么个祸h。 -> 你父母真失败，养出你这么个祸害。,拟音,歧义同音词,“浮木”与“父母”普通话发音相近，且“浮木”是现有词汇，通过同音替换表达“父母”，符合歧义同音词定义。,否,,浮木 -> 父母
558,pcr-391#1,现在有点脚头烂额了,现在有点焦头烂额了,是,脚 -> 焦,否,脚头烂额 -> 焦头烂额,现在有点脚头烂额了 -> 现在有点焦头烂额了,拟音,非词汇同音词,变体“脚”与“焦”发音相近，组合“脚头烂额”并非有效词汇，需通过语音解码为成语“焦头烂额”，符合非词汇同音词定义。,否,,脚头烂额 -> 焦头烂额
559,pcr-422#1,这个就业率，看的我蕉绿,这个就业率，看的我焦虑,是,蕉绿 -> 焦虑,否,看的我蕉绿 -> 看的我焦虑,这个就业率，看的我蕉绿 -> 这个就业率，看的我焦虑,拟音,非词汇同音词,“蕉绿”与“焦虑”发音相近，且“蕉绿”不是有效词汇，属于非词汇同音词。,否,,看的我蕉绿 -> 看的我焦虑
560,pcr-139#1,待批，纯是个待批,呆逼，纯是个呆逼,否,待批 -> 呆逼,否,待批 -> 呆逼,待批，纯是个待批 -> 呆逼，纯是个呆逼,拟音,歧义同音词,待批（dài pī）与呆逼（dāi bī）发音相近，且待批为有效词汇，通过谐音表达骂人含义，符合歧义同音词定义。,否,,待批 -> 呆逼
561,pcr-116#1,你真是一坨10，不值一提。,你真是一坨屎，不值一提。,是,10 -> 屎,否,一坨10 -> 一坨屎,你真是一坨10，不值一提。 -> 你真是一坨屎，不值一提。,拟音,语音符号替代,用数字“10”代替汉字“屎”，两者发音相近，属于利用数字符号的语音替代。,否,,一坨10 -> 一坨屎
562,pcr-350#1,我想和你1314在一起,我想和你一生一世在一起,是,1314 -> 一生一世,否,1314 -> 一生一世,我想和你1314在一起 -> 我想和你一生一世在一起,拟音,语音符号替代,使用数字1314谐音“一生一世”，属于语音符号替代。,否,,1314 -> 一生一世
563,pcr-309#1,大家信教吗？我是“回笼教”的，我们的主要任务是睡觉。,大家信教吗？我是“回笼觉”的，我们的主要任务是睡觉。,否,教 -> 觉,否,回笼教 -> 回笼觉,大家信教吗？我是“回笼教”的，我们的主要任务是睡觉。 -> 大家信教吗？我是“回笼觉”的，我们的主要任务是睡觉。,拟音,歧义同音词,使用同音字“教”替换“觉”，形成幽默的双关，表面是教派，实指睡觉，属于歧义同音词。,否,,回笼教 -> 回笼觉
564,pcr-351#1,你汁倒的太多了,你知道的太多了,否,汁倒 -> 知道,否,汁倒 -> 知道,你汁倒的太多了 -> 你知道的太多了,拟音,非词汇同音词,“汁倒”与“知道”发音相近，但“汁倒”不构成有效词汇，属于非词汇同音词。,否,,汁倒 -> 知道
565,pcr-205#1,烙铁有点想让你噶,老铁有点想让你嘎,是,烙 -> 老；噶 -> 嘎,否,烙铁 -> 老铁；噶 -> 嘎,烙铁有点想让你噶 -> 老铁有点想让你嘎,拟音,歧义同音词,“烙铁”表面是有效词汇，同音映射为“老铁”；“噶”也是有效汉字，同音映射为“嘎”，均属歧义同音词。,否,,烙铁 -> 老铁；噶 -> 嘎
566,pcr-30#1,我叫上官南北，你叫司马东西？,我叫上官南北，你叫死妈东西？,否,司马 -> 死妈,否,司马 -> 死妈,我叫上官南北，你叫司马东西？ -> 我叫上官南北，你叫死妈东西？,拟音,歧义同音词,“司马”为有效词汇，通过同音近音替换“死妈”实现编码，表面字面义与预期义不同。,否,,司马 -> 死妈
567,pcr-83#1,你铁定是风了,你铁定是疯了,是,风 -> 疯,否,风了 -> 疯了,你铁定是风了 -> 你铁定是疯了,拟音,非词汇同音词,用同音字“风”替换“疯”，表面“风了”不成有效词汇，通过语音解码为“疯了”。,否,,风了 -> 疯了
568,pcr-488#1,笑死了！4S点的car fee不免费,笑死了！4S店的咖啡不免费,是,点 -> 店；car fee -> 咖啡,是,4S点 -> 4S店；car fee -> 咖啡,笑死了！4S点的car fee不免费 -> 笑死了！4S店的咖啡不免费,拟音,跨语言语音编码（含方言，可称非普通话音近）,“car fee”为英语发音模拟“咖啡”，属于跨语言语音编码；同时“点”替换“店”为同音词，整体以跨语言语音编码为主。,,,4S点 -> 4S店；car fee -> 咖啡
569,pcr-467#1,9494，应该就这样,就是就是，应该就这样,是,9494 -> 就是就是,否,9494 -> 就是就是,9494，应该就这样 -> 就是就是，应该就这样,拟音,语音符号替代,数字符号“9494”通过发音替代标准汉字“就是就是”，属于语音符号替代。,否,,9494 -> 就是就是
570,pcr-482#1,我心里都是慌空,我心里都是惶恐,否,慌空 -> 惶恐,否,慌空 -> 惶恐,我心里都是慌空 -> 我心里都是惶恐,拟音,非词汇同音词,变体“慌空”与还原“惶恐”发音完全相同，且“慌空”并非有效词汇，符合非词汇同音词定义。,否,,慌空 -> 惶恐
571,pcr-214#1,密码的，脑袋进水了,你妈的，脑袋进水了,否,密码 -> 你妈,否,密码的 -> 你妈的,密码的，脑袋进水了 -> 你妈的，脑袋进水了,其他,缩写,“密码”并非对“你妈”的拟音，而是源自拼音首字母的误触（n→m）导致输入法联想出“密码”，属于拼音编码变体，发音不相关，归入缩写类。,否,,密码的 -> 你妈的
572,pcr-162#1,这篇分享写的笱霹不通,这篇分享写的狗屁不通,是,笱霹 -> 狗屁,否,笱霹不通 -> 狗屁不通,这篇分享写的笱霹不通 -> 这篇分享写的狗屁不通,拟音,非词汇同音词,变体“笱霹”与还原词“狗屁”发音相近（gǒu pī ≈ gǒu pì），且“笱霹”本身无有效词汇意义，属于非词汇同音替换。,否,,笱霹不通 -> 狗屁不通
573,pcr-424#1,深夜福莉,深夜福利,是,莉 -> 利,否,福莉 -> 福利,深夜福莉 -> 深夜福利,拟音,非词汇同音词,用同音字“莉”替换“利”，形成非词汇“福莉”，但可通过语音解码为“福利”。,否,,福莉 -> 福利
574,pcr-306#1,好酒不见,好久不见,是,酒 -> 久,否,好酒不见 -> 好久不见,好酒不见 -> 好久不见,拟音,歧义同音词,“酒”与“久”同音，且“好酒不见”表面构成有效短语，实为“好久不见”的谐音替换，属于歧义同音词。,否,,好酒不见 -> 好久不见
575,pcr-320#1,法海永远都当不了rapper，因为他不会饶蛇,法海永远都当不了rapper，因为他不会饶舌,是,饶蛇 -> 饶舌,否,饶蛇 -> 饶舌,法海永远都当不了rapper，因为他不会饶蛇 -> 法海永远都当不了rapper，因为他不会饶舌,拟音,非词汇同音词,“蛇”与“舌”同音，替换后“饶蛇”不是有效词汇，通过发音可解码为“饶舌”，属于非词汇同音词。,否,,饶蛇 -> 饶舌
576,pcr-181#1,美国B-2上演的那场‘二比走位’，到底是在炫技还是秀肌肉？,美国B-2上演的那场‘二逼走位’，到底是在炫技还是秀肌肉？,是,比 -> 逼,否,二比 -> 二逼,美国B-2上演的那场‘二比走位’，到底是在炫技还是秀肌肉？ -> 美国B-2上演的那场‘二逼走位’，到底是在炫技还是秀肌肉？,拟音,非词汇同音词,‘比’与‘逼’音近，变体‘二比’表面无有效词汇意义，通过同音解码为‘二逼’，属于非词汇同音词。,否,,二比 -> 二逼
577,pcr-166#1,哪来的傻杯,哪来的傻逼,是,杯 -> 逼,否,傻杯 -> 傻逼,哪来的傻杯 -> 哪来的傻逼,拟音,非词汇同音词,用近音字“杯”替代“逼”，表面形式“傻杯”并非有效词汇，通过语音解码为约定俗成的短语“傻逼”，符合非词汇同音词的定义。,否,,傻杯 -> 傻逼
578,pcr-490#1,大海别上想吃sea guava,大海边上想吃西瓜,否,别->边；sea guava->西瓜,是,别上 -> 边上；sea guava -> 西瓜,大海别上想吃sea guava -> 大海边上想吃西瓜,拟音,跨语言语音编码（含方言，可称非普通话音近）,主要变体通过英文单词'sea guava'模拟中文'西瓜'读音，属于跨语言语音编码；同时'别'同音替换'边'，但整体以跨语言谐音为核心特征。,,,别上 -> 边上；sea guava -> 西瓜
579,pcr-229#1,你就是八个压路,你就是八嘎呀路,是,个压 -> 嘎呀,否,八个压路 -> 八嘎呀路,你就是八个压路 -> 你就是八嘎呀路,拟音,非词汇同音词,变体'个压'通过发音近似替代'嘎呀'，表面形式不构成有效词汇，属于拟音大类中的非词汇同音词。,否,,八个压路 -> 八嘎呀路
580,pcr-254#1,亡牌飞行员申请出战,王牌飞行员申请出战,是,亡 -> 王,否,亡牌 -> 王牌,亡牌飞行员申请出战 -> 王牌飞行员申请出战,拟音,非词汇同音词,“亡”与“王”在普通话中同音，表面“亡牌”不是有效词汇，通过语音解码为“王牌”，符合非词汇同音词定义。,否,,亡牌 -> 王牌
581,pcr-390#1,你拔我罐罪,你把我灌醉,否,拔 -> 把；罐罪 -> 灌醉,否,你拔我罐罪 -> 你把我灌醉,你拔我罐罪 -> 你把我灌醉,拟音,非词汇同音词,整个句子无法从字面理解，是通过同音字替换（拔/把、罐罪/灌醉）来编码原句，属于非词汇同音词。,否,,你拔我罐罪 -> 你把我灌醉
582,pcr-499#1,如果风X过高，建议投资者会转向避险资产,如果风险过高，建议投资者会转向避险资产,是,X -> 险,是,风X -> 风险,如果风X过高，建议投资者会转向避险资产 -> 如果风险过高，建议投资者会转向避险资产,其他,缩写,使用拼音首字母X替代汉字'险'，发音不相关，属于缩写。,是,X -> xi,风xi -> 风险
583,pcr-474#1,我的厨艺一定要煎墙起来,我的厨艺一定要坚强起来,是,煎墙 -> 坚强,否,煎墙 -> 坚强,我的厨艺一定要煎墙起来 -> 我的厨艺一定要坚强起来,拟音,非词汇同音词,“煎墙”与“坚强”同音，且“煎墙”字面不构成有效词汇表达，是通过语音解码的约定俗成短语，属于非词汇同音词。,否,,煎墙 -> 坚强
584,pcr-436#1,这个创意真是心弦,这个创意真是新鲜,是,心弦 -> 新鲜,否,心弦 -> 新鲜,这个创意真是心弦 -> 这个创意真是新鲜,拟音,歧义同音词,“心弦”与“新鲜”发音相近，且“心弦”本身是一个有效词汇，通过同音替换表达不同含义，符合歧义同音词定义。,否,,心弦 -> 新鲜
585,pcr-498#1,留字们的成本又变高了，因为通货P胀，欧洲生活成本上涨明显,留子们的成本又变高了，因为通货膨胀，欧洲生活成本上涨明显,否,字 -> 子；P -> 膨,是,留字们 -> 留子们；通货P胀 -> 通货膨胀,留字们的成本又变高了，因为通货P胀，欧洲生活成本上涨明显 -> 留子们的成本又变高了，因为通货膨胀，欧洲生活成本上涨明显,拟音,语音符号替代,变体包含同音别字“字”替换“子”和拼音首字母“P”替换“膨”，均属拟音，其中“P”为典型语音符号替代，故分类为此。,是,P -> po,留字们 -> 留子们；通货po胀 -> 通货膨胀
586,pcr-426#1,烹友之间要互相帮助,朋友之间要互相帮助,是,烹 -> 朋,否,烹友 -> 朋友,烹友之间要互相帮助 -> 朋友之间要互相帮助,拟音,歧义同音词,“烹”与“朋”声韵相同仅声调不同，构成音近谐音，且“烹友”字面义为烹饪朋友，实指朋友，有歧义。,否,,烹友 -> 朋友
587,pcr-360#1,已经太碗了,已经太晚了,是,碗 -> 晚,否,太碗了 -> 太晚了,已经太碗了 -> 已经太晚了,拟音,非词汇同音词,变体“碗”与“晚”同音，但替换后“太碗了”不是有效词汇表达，需通过语音解码为“太晚了”，属于非词汇同音词。,否,,太碗了 -> 太晚了
588,pcr-185#1,有些人遇事就去 S,有些人遇事就去死,是, S -> 死,是,去 S -> 去死,有些人遇事就去 S -> 有些人遇事就去死,拟音,语音符号替代,字母 S 的发音与汉字'死'相近，利用同音进行替代，属于拟音中的语音符号替代。,是,S -> si,去 si -> 去死
589,pcr-431#1,萧何财路煎煎饺,小荷才露尖尖角,否,萧何财路煎煎饺 -> 小荷才露尖尖角,否,萧何财路煎煎饺 -> 小荷才露尖尖角,萧何财路煎煎饺 -> 小荷才露尖尖角,拟音,歧义同音词,原句每个字都通过同音字替换，表面构成有效词语，但实际含义是古诗'小荷才露尖尖角'，属于歧义同音词。,否,,萧何财路煎煎饺 -> 小荷才露尖尖角
590,pcr-58#1,说什么G8呢,说什么鸡巴呢,否,G8 -> 鸡巴,是,G8 -> 鸡巴,说什么G8呢 -> 说什么鸡巴呢,拟音,语音符号替代,字母G和数字8分别模拟“鸡”和“巴”的发音，构成语音替代。,是，英文字母发音,,G8 -> 鸡巴
591,pcr-24#1,你这个二笔。,你这个二逼。,是,笔 -> 逼,否,二笔 -> 二逼,你这个二笔。 -> 你这个二逼。,拟音,非词汇同音词,变体“笔”与还原“逼”发音相近，且“二笔”非有效词汇，通过语音解码为“二逼”，属于非词汇同音词。,否,,二笔 -> 二逼
592,pcr-152#1,低能er一边凉快吧,低能儿一边凉快吧,是,er -> 儿,是,低能er -> 低能儿,低能er一边凉快吧 -> 低能儿一边凉快吧,拟音,语音符号替代,使用拼音“er”代替汉字“儿”，属于语音符号替代。,,,低能er -> 低能儿
593,pcr-419#1,大家加期鱼块,大家假期愉快,是,加 -> 假；鱼块 -> 愉快,否,加期 -> 假期；鱼块 -> 愉快,大家加期鱼块 -> 大家假期愉快,拟音,歧义同音词,“加”与“假”、“鱼块”与“愉快”均为同音词，表面形式有效但含义不同，属于拟音大类下的歧义同音词。,否,,加期 -> 假期；鱼块 -> 愉快
594,pcr-402#1,宁波打的电话已关机,您拨打的电话已关机,否,宁波 -> 您拨,否,宁波打的 -> 您拨打的,宁波打的电话已关机 -> 您拨打的电话已关机,拟音,歧义同音词,使用同音词“宁波”代替“您拨”，利用发音相近进行编码，且“宁波”为现有词汇，符合歧义同音词定义。,否,,宁波打的 -> 您拨打的
595,pcr-296#1,莫非这就是传说中的扒拉拉能亮,莫非这就是传说中的巴啦啦能量,是,扒拉拉 -> 巴啦啦；亮 -> 量,否,扒拉拉能亮 -> 巴啦啦能量,莫非这就是传说中的扒拉拉能亮 -> 莫非这就是传说中的巴啦啦能量,拟音,非词汇同音词,扒拉拉和亮分别通过同音字替换巴啦啦和量，构成非词汇组合，通过语音解码为固定短语巴啦啦能量。,否,,扒拉拉能亮 -> 巴啦啦能量
596,pcr-208#1,玼世鸭梨,吃屎呀你,否,玼世鸭梨 -> 吃屎呀你,否,玼世鸭梨 -> 吃屎呀你,玼世鸭梨 -> 吃屎呀你,拟音,非词汇同音词,变体'玼世鸭梨'与还原'吃屎呀你'发音相近，但表面不能构成有效词汇表达，属于非词汇同音词。,否,,玼世鸭梨 -> 吃屎呀你
597,pcr-193#1,说话这么难听，吃完shi没擦嘴吗,说话这么难听，吃完屎没擦嘴吗,是,shi -> 屎,是,吃完shi -> 吃完屎,说话这么难听，吃完shi没擦嘴吗 -> 说话这么难听，吃完屎没擦嘴吗,拟音,语音符号替代,使用拼音‘shi’根据发音代替标准汉字‘屎’，属于拟音大类中的语音符号替代。,,,吃完shi -> 吃完屎
598,pcr-421#1,莓道理的！这件事没有可争论的点,没道理的！这件事没有可争论的点,是,莓 -> 没,否,莓道理 -> 没道理,莓道理的！这件事没有可争论的点 -> 没道理的！这件事没有可争论的点,拟音,非词汇同音词,“莓”与“没”同音，且“莓道理”表面无意义，通过语音解码为“没道理”，属于非词汇同音词。,否,,莓道理 -> 没道理
599,pcr-333#1,长安识别图中二维码,常按识别图中二维码,否,长安 -> 常按,否,长安 -> 常按,长安识别图中二维码 -> 常按识别图中二维码,拟音,歧义同音词,“长安”是现有词汇，通过同音替换表达“常按”的含义，属于拟音中的歧义同音词。,否,,长安 -> 常按
600,pcr-458#1,笱男人，再也不要相信了,狗男人，再也不要相信了,是,笱 -> 狗,否,笱男人 -> 狗男人,笱男人，再也不要相信了 -> 狗男人，再也不要相信了,拟音,非词汇同音词,“笱”与“狗”同音，但“笱男人”并非一个有效词汇或常见搭配，是通过语音解码为“狗男人”，符合非词汇同音词定义。,否,,笱男人 -> 狗男人
601,pcr-425#1,这个芝士很有用。,这个知识很有用。,是,芝士 -> 知识,否,芝士 -> 知识,这个芝士很有用。 -> 这个知识很有用。,拟音,歧义同音词,变体“芝士”与标准词“知识”发音相同，且“芝士”本身为有效词汇，通过同音词替换达到编码目的，属于歧义同音词。,否,,芝士 -> 知识
602,pcr-448#1,滴至伍哲，省钱又实惠，快点点击购物车,低至五折，省钱又实惠，快点点击购物车,否,滴->低；伍哲->五折,否,滴至伍哲 -> 低至五折,滴至伍哲，省钱又实惠，快点点击购物车 -> 低至五折，省钱又实惠，快点点击购物车,拟音,非词汇同音词,滴与低同音，伍哲与五折同音，整体短语'滴至伍哲'并非有效词汇，通过语音解码为'低至五折'。,否,,滴至伍哲 -> 低至五折
603,pcr-161#1,你是什么肺5,你是什么废物,是,肺5 -> 废物,否,肺5 -> 废物,你是什么肺5 -> 你是什么废物,拟音,语音符号替代,数字“5”发“wu”音，替代“废物”的“物”，利用语音相似形成同音变体，归为语音符号替代。,否,,肺5 -> 废物
604,pcr-335#1,我还不信了44944,我还不信了试试就试试,是,44944 -> 试试就试试,否,44944 -> 试试就试试,我还不信了44944 -> 我还不信了试试就试试,拟音,语音符号替代,使用数字44944的发音（si4 si4 jiu4 si4 si4）近似“试试就试试”（shi4 shi4 jiu4 shi4 shi4），属于语音符号替代。,否,,44944 -> 试试就试试
605,pcr-303#1,锁乙呢？,所以呢？,否,锁乙 -> 所以,否,锁乙呢？ -> 所以呢？,锁乙呢？ -> 所以呢？,拟音,非词汇同音词,“锁乙”与“所以”发音相同，但“锁乙”表面不能构成有效词汇表达，属于拟音下的非词汇同音词替换。,否,,锁乙呢？ -> 所以呢？
606,pcr-387#1,我今天中午要次黄焖jimmy饭,我今天中午要吃黄焖鸡米饭,是,次 -> 吃；jimmy -> 鸡米,是,次 -> 吃；jimmy饭 -> 鸡米饭,我今天中午要次黄焖jimmy饭 -> 我今天中午要吃黄焖鸡米饭,拟音,跨语言语音编码（含方言，可称非普通话音近）,文本中'jimmy'为英语单词音译谐音'鸡米'，属于跨语言语音编码；'次'谐音'吃'为非词汇同音词，整体属拟音大类，以跨语言语音编码为主要特征。,,,次 -> 吃；jimmy饭 -> 鸡米饭
607,pcr-230#1,真是邻居门口看撒椒，麻了隔壁,真是邻居门口看傻屌，妈了个逼,否,撒椒 -> 傻屌；麻 -> 妈；隔壁 -> 个逼,否,撒椒 -> 傻屌；麻了隔壁 -> 妈了个逼,真是邻居门口看撒椒，麻了隔壁 -> 真是邻居门口看傻屌，妈了个逼,拟音,歧义同音词,原文使用现有词汇“撒椒”和“麻了隔壁”，通过同音或近音替代脏话“傻屌”和“妈了个逼”，字面意义与预期含义不同，符合歧义同音词定义。,否,,撒椒 -> 傻屌；麻了隔壁 -> 妈了个逼
608,pcr-18#1,这大厦避风了。,这大傻逼疯了。,否,厦避风 -> 傻逼疯,否,大厦避风 -> 大傻逼疯,这大厦避风了。 -> 这大傻逼疯了。,拟音,非词汇同音词,“厦避风”本身不是有效词汇，而是通过语音近似编码“傻逼疯”，属于拟音中的非词汇同音词。,否,,大厦避风 -> 大傻逼疯
609,pcr-215#1,网吧的溜子太极拔恶薪了,网吧的溜子太鸡巴恶心了,是,极拔 -> 鸡巴；恶薪 -> 恶心,否,极拔 -> 鸡巴；恶薪 -> 恶心,网吧的溜子太极拔恶薪了 -> 网吧的溜子太鸡巴恶心了,拟音,非词汇同音词,变体'极拔'（jí bá）和'恶薪'（è xīn）分别通过近音字替换为'鸡巴'和'恶心'，表面均无有效词汇表达，仅凭语音关联解码，属于非词汇同音词。,否,,极拔 -> 鸡巴；恶薪 -> 恶心
610,pcr-14#1,后面荷塘十朵莲花就剩一朵了，采九朵莲啊。,后面荷塘十朵莲花就剩一朵了，菜就多练啊。,否,采九朵莲 -> 菜就多练,否,采九朵莲 -> 菜就多练,后面荷塘十朵莲花就剩一朵了，采九朵莲啊。 -> 后面荷塘十朵莲花就剩一朵了，菜就多练啊。,拟音,歧义同音词,“采九朵莲”是一个表面有效的短语，但其预期含义“菜就多练”因发音相近而不同，符合歧义同音词定义。,否,,采九朵莲 -> 菜就多练
611,pcr-370#1,能不能给我1个鸡会,能不能给我1个机会,是,鸡 -> 机,否,鸡会 -> 机会,能不能给我1个鸡会 -> 能不能给我1个机会,拟音,非词汇同音词,“鸡”与“机”同音，“鸡会”不是一个有效词汇，但可通过语音解码为“机会”，属于非词汇同音词。,否,,鸡会 -> 机会
612,pcr-445#1,这事儿你没4，就别多管闲事,这事儿你没事，就别多管闲事,是,4 -> 事,否,你没4 -> 你没事,这事儿你没4，就别多管闲事 -> 这事儿你没事，就别多管闲事,拟音,语音符号替代,数字“4”的发音与“事”相近，用数字符号代替汉字，属于语音符号替代。,否,,你没4 -> 你没事
613,pcr-39#1,你家住敦煌吗，壁画这么多,你家住敦煌吗，逼话这么多,否,壁画 -> 逼话,否,壁画 -> 逼话,你家住敦煌吗，壁画这么多 -> 你家住敦煌吗，逼话这么多,拟音,歧义同音词,“壁画”为现有词汇，字面意为墙壁上的画，此处通过同音（近音）替代“逼话”，发音相近，属于歧义同音词。,否,,壁画 -> 逼话
614,pcr-352#1,自bee中,自闭中,否,bee -> 闭,是,自bee中 -> 自闭中,自bee中 -> 自闭中,拟音,跨语言语音编码（含方言，可称非普通话音近）,bee是英文单词，发音近似中文“闭”，属于跨语言语音编码。,,,自bee中 -> 自闭中
615,pcr-176#1,你这沙笔政客，连基本常识都没刷到脸上,你这傻逼政客，连基本常识都没刷到脸上,是,沙笔 -> 傻逼,否,沙笔 -> 傻逼,你这沙笔政客，连基本常识都没刷到脸上 -> 你这傻逼政客，连基本常识都没刷到脸上,拟音,非词汇同音词,变体“沙笔”与“傻逼”发音相近，且“沙笔”并非有效词汇，需通过语音解码为约定俗成的短语，符合非词汇同音词定义。,否,,沙笔 -> 傻逼
616,pcr-113#1,像你这粽人也配发言？可肖。,像你这种人也配发言？可笑。,是,粽 -> 种；肖 -> 笑,否,这粽人 -> 这种人；可肖 -> 可笑,像你这粽人也配发言？可肖。 -> 像你这种人也配发言？可笑。,拟音,跨语言语音编码（含方言，可称非普通话音近）,“粽”与“种”在方言中发音相近（平翘舌不分），“肖”与“笑”同音，均通过语音相似性编码意义，且“粽”的替换依赖非普通话发音，整体属于跨语言语音编码。,否,,这粽人 -> 这种人；可肖 -> 可笑
617,pcr-189#1,中输神经发力了,中枢神经发力了,是,输 -> 枢,否,中输 -> 中枢,中输神经发力了 -> 中枢神经发力了,拟音,非词汇同音词,变体“中输”并非有效常用词汇，通过同音字“输”替代“枢”形成，可通过语音解码为“中枢”。,否,,中输 -> 中枢
618,pcr-93#1,肏你麻,操你妈,是,肏 -> 操；麻 -> 妈,否,肏你麻 -> 操你妈,肏你麻 -> 操你妈,拟音,非词汇同音词,变体'肏'与'操'同音，'麻'与'妈'音近，整体不具有有效词汇含义，通过语音解码为'操你妈'，属于非词汇同音词。,否,,肏你麻 -> 操你妈
619,pcr-282#1,柿柿如意，苹苹安安,事事如意，平平安安,是,柿柿 -> 事事；苹苹 -> 平平,否,柿柿如意 -> 事事如意；苹苹安安 -> 平平安安,柿柿如意，苹苹安安 -> 事事如意，平平安安,拟音,非词汇同音词,变体“柿柿”和“苹苹”不是有效词汇，通过同音字谐音“事事”和“平平”，解码为约定俗成的祝福语，属于非词汇同音词。,否,,柿柿如意 -> 事事如意；苹苹安安 -> 平平安安
620,pcr-234#1,真的是法克油啊,真的是 fuck you 啊,否,法克油 -> fuck you,是,法克油 -> fuck you,真的是法克油啊 -> 真的是 fuck you 啊,拟音,跨语言语音编码（含方言，可称非普通话音近）,变体“法克油”是英文“fuck you”的音译，属于拟音中的跨语言语音编码。,,,法克油 -> fuck you
621,pcr-227#1,去你m的,去你妈的,是,m -> 妈,是,去你m的 -> 去你妈的,去你m的 -> 去你妈的,拟音,语音符号替代,使用拼音字母“m”代替汉字“妈”，属于语音符号替代。,是,m -> mo,去你mo的 -> 去你妈的
622,pcr-158#1,你这是自取其ru,你这是自取其辱,是,ru -> 辱,是,自取其ru -> 自取其辱,你这是自取其ru -> 你这是自取其辱,拟音,语音符号替代,使用拼音“ru”代替汉字“辱”，根据发音相同，属于语音符号替代。,,,自取其ru -> 自取其辱
623,pcr-291#1,秃然,突然,是,秃 -> 突,否,秃然 -> 突然,秃然 -> 突然,拟音,非词汇同音词,秃与突同音，但“秃然”字面不是有效词汇，通过语音解码为“突然”，属于非词汇同音词。,否,,秃然 -> 突然
624,pcr-480#1,面试官一句话，就把我踩4了,面试官一句话，就把我踩死了,是,4 -> 死,否,踩4了 -> 踩死了,面试官一句话，就把我踩4了 -> 面试官一句话，就把我踩死了,拟音,语音符号替代,变体使用数字“4”谐音替代“死”，属于拟音大类中的语音符号替代子类。,否,,踩4了 -> 踩死了
625,pcr-336#1,秦始皇吃花椒，嬴麻了,秦始皇吃花椒，赢麻了,是,嬴 -> 赢,否,嬴麻了 -> 赢麻了,秦始皇吃花椒，嬴麻了 -> 秦始皇吃花椒，赢麻了,拟音,歧义同音词,“嬴”与“赢”同音，字面使用秦始皇姓氏形成歧义，实际表达“赢”的意思，属于歧义同音词。,否,,嬴麻了 -> 赢麻了
626,pcr-136#1,天天emo完还来cue别人，nb呢你？,天天emo完还来cue别人，牛逼呢你？,是,nb -> 牛逼,是,nb -> 牛逼,天天emo完还来cue别人，nb呢你？ -> 天天emo完还来cue别人，牛逼呢你？,其他,缩写,nb是拼音首字母缩写，发音与牛逼不相似，属于其他大类中的缩写子类。,是,nb -> ne bo,ne bo -> 牛逼
627,pcr-313#1,泰裤辣,太酷啦,是,泰裤辣 -> 太酷啦,否,泰裤辣 -> 太酷啦,泰裤辣 -> 太酷啦,拟音,歧义同音词,变体“泰裤辣”与还原词“太酷啦”发音完全相同，且表面构成有效词汇短语，利用同音词替换表达预期含义，属于歧义同音词。,否,,泰裤辣 -> 太酷啦
628,pcr-125#1,别庄了，好额心哦。,别装了，好恶心哦。,是,庄 -> 装；额 -> 恶,否,别庄了 -> 别装了；好额心 -> 好恶心,别庄了，好额心哦。 -> 别装了，好恶心哦。,拟音,歧义同音词,“庄”和“装”同音，“额”和“恶”近音，替换后表面形式仍为有效汉字但语义不通，符合歧义同音词定义。,否,,别庄了 -> 别装了；好额心 -> 好恶心
629,pcr-210#1,我是鲨鱼，你是鲨臂,我是鲨鱼，你是傻逼,是,鲨臂 -> 傻逼,否,鲨臂 -> 傻逼,我是鲨鱼，你是鲨臂 -> 我是鲨鱼，你是傻逼,拟音,非词汇同音词,“鲨臂”非有效词汇，通过同音（忽略声调）替换为“傻逼”，符合非词汇同音词定义。,否,,鲨臂 -> 傻逼
630,pcr-170#1,放霹别放霹，扰我清寝,放屁别放屁，扰我清静,否,霹 -> 屁；寝 -> 静,否,放霹 -> 放屁；清寝 -> 清静,放霹别放霹，扰我清寝 -> 放屁别放屁，扰我清静,拟音,非词汇同音词,变体“霹”和“寝”通过语音近似模拟原词“屁”和“静”，表面形式无法构成有效词汇，属于拟音大类下的非词汇同音词。,否,,放霹 -> 放屁；清寝 -> 清静
631,pcr-49#1,你跟出省有啥区别？,你跟畜生有啥区别？,否,出省 -> 畜生,否,出省 -> 畜生,你跟出省有啥区别？ -> 你跟畜生有啥区别？,拟音,歧义同音词,“出省”与“畜生”发音相近，且“出省”为既有词汇，字面含义与预期含义不同，属于歧义同音词。,否,,出省 -> 畜生
632,pcr-301#1,我对你一见粽情,我对你一见钟情,是,粽 -> 钟,否,一见粽情 -> 一见钟情,我对你一见粽情 -> 我对你一见钟情,拟音,歧义同音词,“粽”与“钟”同音，构成谐音成语“一见粽情”，表面有效但实际表达“一见钟情”，属于歧义同音词。,否,,一见粽情 -> 一见钟情
633,pcr-126#1,exs了，看见你就想吐。,恶心死了，看见你就想吐。,是,exs -> 恶心死,是,exs了 -> 恶心死了,exs了，看见你就想吐。 -> 恶心死了，看见你就想吐。,其他,缩写,exs是“恶心死”的拼音首字母缩写，不符合拟音，属于其他类缩写。,是,exs -> e xi si,e xi si了 -> 恶心死了
634,pcr-104#1,你就是那种最exing的小人，谁都看不起你。,你就是那种最恶心的小人，谁都看不起你。,是,exing -> 恶心,是,e xing -> 恶心,你就是那种最exing的小人，谁都看不起你。 -> 你就是那种最恶心的小人，谁都看不起你。,拟音,语音符号替代,使用拉丁字母“exing”模拟“恶心”的发音，属于语音符号替代。,是，e中文,,e xing -> 恶心
635,pcr-117#1,2h别在这chou了，谁要看你y戏？,二货别在这抽了，谁要看你演戏？,是,2h -> 二货,是,2h -> 二货,2h别在这chou了，谁要看你y戏？ -> 二货别在这抽了，谁要看你演戏？,其他,缩写,数字“2”谐音“二”，字母“h”是“货”的拼音首字母，整体并非直接拟音，属于缩写。,是,h -> he,2he -> 二货
636,pcr-71#1,邮寄吧咋地了,又鸡巴咋地了,否,邮寄吧 -> 又鸡巴,否,邮寄吧 -> 又鸡巴,邮寄吧咋地了 -> 又鸡巴咋地了,拟音,歧义同音词,“邮寄吧”是有效词汇短语，通过同音词映射为“又鸡巴”，符合歧义同音词定义。,否,,邮寄吧 -> 又鸡巴
637,pcr-353#1,好事会花生,好事会发生,是,花 -> 发,否,花生 -> 发生,好事会花生 -> 好事会发生,拟音,歧义同音词,“花生”与“发生”发音相近，表面为有效词汇，但预期含义与字面含义因同音词而不同，符合歧义同音词定义。,否,,花生 -> 发生
638,pcr-496#1,市场份额已超过0售银行,市场份额已超过零售银行,是,0 -> 零,否,0售 -> 零售,市场份额已超过0售银行 -> 市场份额已超过零售银行,拟音,语音符号替代,变体“0”发音与“零”相同，用数字符号替代汉字表示同音词，属于拟音大类中的语音符号替代。,否,,0售 -> 零售
639,pcr-112#1,棍回你那颇地儿去吧，别在这碍演了。,滚回你那破地儿去吧，别在这碍眼了。,是,棍 -> 滚；颇 -> 破；演 -> 眼,否,棍回 -> 滚回；颇地儿 -> 破地儿；碍演 -> 碍眼,棍回你那颇地儿去吧，别在这碍演了。 -> 滚回你那破地儿去吧，别在这碍眼了。,拟音,歧义同音词,变体利用有效词汇“棍”、“颇”、“演”分别同音/近音替换“滚”、“破”、“眼”，属于歧义同音词。,否,,棍回 -> 滚回；颇地儿 -> 破地儿；碍演 -> 碍眼
640,pcr-475#1,魔性西脑,魔性洗脑,是,西 -> 洗,否,西脑 -> 洗脑,魔性西脑 -> 魔性洗脑,拟音,非词汇同音词,“西”与“洗”声韵相同，声调不同，属于同音替代，且“西脑”不是有效词汇，通过语音可解码为“洗脑”，符合非词汇同音词定义。,否,,西脑 -> 洗脑
641,pcr-413#1,桥豆麻袋！这是啥？,等一下！这是啥？,否,桥豆麻袋 -> 等一下,否,桥豆麻袋 -> ちょっと待って,桥豆麻袋！这是啥？ -> 等一下！这是啥？,拟音,跨语言语音编码（含方言，可称非普通话音近）,“桥豆麻袋”是日语“ちょっと待って”的中文音译，通过跨语言语音相似来编码“等一下”的含义，属于拟音大类下的跨语言语音编码。,否,,桥豆麻袋 -> ちょっと待って
642,pcr-22#1,我是股神，这是投注，不仅没跌，还直涨。,我是股神，这是头猪，不仅没爹，还智障。,否,投注 -> 头猪；跌 -> 爹；直涨 -> 智障,否,是投注 ->是头猪；跌 -> 爹；直涨 -> 智障,我是股神，这是投注，不仅没跌，还直涨。 -> 我是股神，这是头猪，不仅没爹，还智障。,拟音,歧义同音词,变体使用同音词替换，如“投注”音近“头猪”，“跌”同音“爹”，“直涨”音近“智障”，字面为有效词汇但实际含义不同，属于歧义同音词。,否,,是投注 ->是头猪；跌 -> 爹；直涨 -> 智障
643,pcr-430#1,3克oil！你can的！,三克油！你能的！,否,3->三；oil->油；can->能,是,三克油->thank you；你can的 -> 你能的,3克oil！你can的！ -> 三克油！你能的！,拟音+语义,语音符号替代,使用数字“3”和英文单词“oil”、“can”的发音分别代替汉字“三”、“油”、“能”，属于语音符号替代。,是,,三克油->thank you；你can的 -> 你能的
644,pcr-140#1,你真是sales我了,你真是笑死我了,是,sales -> 笑死,是,sales -> 笑死,你真是sales我了 -> 你真是笑死我了,拟音,跨语言语音编码（含方言，可称非普通话音近）,使用英文单词'sales'的发音近似中文'笑死'，属于跨语言语音近似编码。,,,sales -> 笑死
645,pcr-349#1,88，下次见,拜拜，下次见,是,88 -> 拜拜,否,88 -> 拜拜,88，下次见 -> 拜拜，下次见,拟音,语音符号替代,数字“88”发音近似“拜拜”，利用数字符号模拟发音替代汉字，属于语音符号替代。,否,,88 -> 拜拜
646,pcr-43#1,我有夜盲症，害怕老闭灯,我有夜盲症，害怕老逼登。,否,闭灯 -> 逼登,否,老闭灯 -> 老逼登,我有夜盲症，害怕老闭灯 -> 我有夜盲症，害怕老逼登。,拟音,歧义同音词,使用同音词“闭灯”替换“逼登”，表面形式“老闭灯”可解读为关灯，实际谐音表示“老逼登”。,否,,老闭灯 -> 老逼登
647,pcr-238#1,真的dior丝,真的屌丝,是,dior -> 屌,是,dior丝 -> 屌丝,真的dior丝 -> 真的屌丝,拟音,跨语言语音编码（含方言，可称非普通话音近）,使用英文品牌名“dior”的发音近似中文“屌”，属于跨语言语音编码以替代粗话。,,,dior丝 -> 屌丝
648,pcr-55#1,我是化学家，你烷基八氮了,我是化学家，你完鸡巴蛋了,否,烷基八氮 -> 完鸡巴蛋,否,烷基八氮 -> 完鸡巴蛋,我是化学家，你烷基八氮了 -> 我是化学家，你完鸡巴蛋了,拟音,歧义同音词,变体“烷基八氮”与“完鸡巴蛋”完全同音，且表面构成有效化学术语，属于歧义同音词。,否,,烷基八氮 -> 完鸡巴蛋
649,human-1#1,想跟你一起do i,想跟你一起做爱,否,do i -> 做爱,是,一起do i -> 一起做爱,想跟你一起do i -> 想跟你一起做爱,拟音,跨语言语音编码（含方言，可称非普通话音近）,通过英文单词“do”和“i”的发音近似中文“做爱”，属于跨语言语音编码。,,,一起do i -> 一起做爱
650,pcr-108#1,3子真多，你排第几个？,傻子真多，你排第几个？,否,3 -> 傻,否,3子 -> 傻子,3子真多，你排第几个？ -> 傻子真多，你排第几个？,拟音,语音符号替代,使用数字“3”的发音（san1）近似代替“傻”（sha3），属于利用数字发音进行语音替代。,否,,3子 -> 傻子
651,human-3#1,delay no more,屌你老母,是,delay no more -> 屌你老母,是,delay no more -> 屌你老母,delay no more -> 屌你老母,拟音,跨语言语音编码（含方言，可称非普通话音近）,delay no more 是英语短语，通过粤语发音近似表达“屌你老母”，属于跨语言语音编码。,,,delay no more -> 屌你老母
652,pcr-326#1,有荔有bee，但荔大于bee,有利有弊，但利大于弊,否,荔 -> 利；bee -> 弊,是,有荔有bee -> 有利有弊；荔大于bee -> 利大于弊,有荔有bee，但荔大于bee -> 有利有弊，但利大于弊,拟音,语音符号替代,变种中'荔'为同音字替换，'bee'为英文字母根据发音替代'弊'，整体属于语音符号替代。,,,有荔有bee -> 有利有弊；荔大于bee -> 利大于弊
653,pcr-7#1,确定不是在开英帕吗,确定不是在开淫趴吗,否,英帕 -> 淫趴,否,开英帕 -> 开淫趴,确定不是在开英帕吗 -> 确定不是在开淫趴吗,拟音,非词汇同音词,变体“英帕”不是一个有效词汇，通过语音近似解码为“淫趴”，属于非词汇同音词。,否,,开英帕 -> 开淫趴
654,human-2#1,想跟你一起作 i,想跟你一起做爱,是,作 i -> 做爱,是,作 i -> 做爱,想跟你一起作 i -> 想跟你一起做爱,拟音,语音符号替代,用字母'i'的发音近似'爱'，属于拟音中的语音符号替代。,,,作 i -> 做爱
655,human-4#1,wash today,我操你爹,否,wash today -> 我操你爹,是,wash today -> 我操你爹,wash today -> 我操你爹,拟音,跨语言语音编码（含方言，可称非普通话音近）,变体使用英语单词读音模拟中文发音，属于跨语言语音编码。,,,wash today -> 我操你爹
656,pcr-300#1,旺旺雪饼觉得热了会变成旺旺掀被。,旺旺雪饼觉得热了会变成旺旺仙贝。,是,掀被 -> 仙贝,否,旺旺掀被 -> 旺旺仙贝,旺旺雪饼觉得热了会变成旺旺掀被。 -> 旺旺雪饼觉得热了会变成旺旺仙贝。,拟音,歧义同音词,“掀被”与“仙贝”完全同音，且“掀被”字面为有效词汇，但实际意指“仙贝”，属于同音词替换造成的歧义。,否,,旺旺掀被 -> 旺旺仙贝
657,biz_0106#1,中中中就是这种淡淡的养胃感，然后那个手指动的哈哈哈,中中中就是这种淡淡的阳痿感，然后那个手指动的哈哈哈,否,养胃 -> 阳痿,否,养胃感 -> 阳痿感,中中中就是这种淡淡的养胃感，然后那个手指动的哈哈哈 -> 中中中就是这种淡淡的阳痿感，然后那个手指动的哈哈哈,拟音,歧义同音词,养胃与阳痿发音相近，且养胃为有效词汇，字面含义为养护胃部，预期含义为阳痿，属于歧义同音词。,否,,养胃感 -> 阳痿感
658,human-5#1,浙大毕业太美了,这大逼也太美了,否,浙大毕业太美了 -> 这大逼也太美了,否,浙大毕业太美了 -> 这大逼也太美了,浙大毕业太美了 -> 这大逼也太美了,拟音,歧义同音词,变体“浙大毕业太美了”可按“浙江大学毕业太美了”理解为正常表述，但在该语境中整句通过近音指向“这大逼也太美了”，属于歧义同音词。,否,,浙大毕业太美了 -> 这大逼也太美了
