fragment_id,source_dataset,review_id,variant_fragment_raw,variant_fragment_normalized,phonetic_text,pinyin_reading,canonical_fragment,canonical_phonetic_text,canonical_pinyin_reading,ipa,ipa_candidate,canonical_ipa,canonical_ipa_candidate,needs_manual_review,manual_review_reasons,extraction_method,category,review_categories,official_code_pinyin,official_decode_pinyin,official_code_ipa,official_decode_ipa,original_review,decode_review
codedlang:8:01,Crowd-AI-Lab/CodedLang,8,乚,乚,乚,yin3,好,好,hao3,in˨˩˦,in˨˩˦,xɑʊ˨˩˦,xɑʊ˨˩˦,否,[],official_dictionary_casefold,语音替代,phonetic,hao2,hao3,i˧˩˧n,xau̯˧˩˧,乚,好
codedlang:12:01,Crowd-AI-Lab/CodedLang,12,惹,惹,惹,re3,了,了,le,ɻɤ˨˩˦,ɻɤ˨˩˦,lɤ,lɤ,否,[],official_dictionary_casefold,歧义同音词,ambiguous_homophone,re3,le,ɻɤ˧˩˧,lɤ,一不小心 還是買惹 vitamin & nuts 0305y14,一不小心 還是買了 vitamin & nuts 0305y14
codedlang:15:01,Crowd-AI-Lab/CodedLang,15,6,6,六,liu4,厉害,厉害,li4 hai4,liou˥˩,liou˥˩,li˥˩ xai˥˩,li˥˩ xai˥˩,否,[],official_dictionary_casefold,歧义同音词,ambiguous_homophone,liu4,li4 hai4,ljou̯˥˩,li˥˩ xai̯˥˩,6到爆炸！！超级好吃的烤鱼！！烤鱼届的翘楚！！老板人很好，还送了一份小菜～ Very delicious！It totally deserve five stars！,厉害到爆炸！！超级好吃的烤鱼！！烤鱼届的翘楚！！老板人很好，还送了一份小菜～ Very delicious！It totally deserve five stars！
codedlang:17:01,Crowd-AI-Lab/CodedLang,17,蔡,蔡,蔡,cai4,菜,菜,cai4,tsʰai˥˩,tsʰai˥˩,tsʰai˥˩,tsʰai˥˩,否,[],official_dictionary_casefold,歧义同音词,ambiguous_homophone,cai4,cai4,tsʰai̯˥˩,tsʰai̯˥˩,蔡好,菜好
codedlang:20:01,Crowd-AI-Lab/CodedLang,20,金厚呷,金厚呷,金厚呷,jin1 hou4 ga1,真好吃,真好吃,zhen1 hao3 chi1,tɕin˥ xoʊ˥˩ ka˥,tɕin˥ xoʊ˥˩ ka˥,ʈʂən˥ xɑʊ˨˩˦ ʈʂʰɻ̩˥,ʈʂən˥ xɑʊ˨˩˦ ʈʂʰɻ̩˥,否,[],official_dictionary_casefold,非词汇同音词,non_lexical_homophone,jin1 hou4 xia2,zhen1 hao3 chi1,tɕi˥n xou̯˥˩ ɕja˧˥,ʈʂə˥n xau̯˧˩˧ ʈʂʰɻ̩˥,金厚呷....,真好吃....
codedlang:26:01,Crowd-AI-Lab/CodedLang,26,jb,jb,jb,jb,鸡巴,鸡巴,ji1 ba1,dʒˌeɪbˈiː,dʒˌeɪbˈiː,tɕi˥ pa˥,tɕi˥ pa˥,否,[],official_dictionary_casefold,语音替代,phonetic,jb,ji1 ba1,ˈdʒeɪ pi˥,tɕi˥ pa˥,真的不要住这个jb地方。That’s all what I can say.,真的不要住这个鸡巴地方。That’s all what I can say.
codedlang:28:01,Crowd-AI-Lab/CodedLang,28,Jb,Jb,Jb,Jb,鸡巴,鸡巴,ji1 ba1,dʒˌeɪbˈiː,dʒˌeɪbˈiː,tɕi˥ pa˥,tɕi˥ pa˥,否,[],official_dictionary_casefold,语音替代,phonetic,jb,ji1 ba1,ˈdʒeɪ pi˥,tɕi˥ pa˥,什么Jb东西 番薯冰的要死 外卖态度及其恶劣 bk很多选择 千万别点这家  terrible sweet potato fries cold and bad never order again next time !,什么鸡巴东西 番薯冰的要死 外卖态度及其恶劣 逼k很多选择 千万别点这家  terri逼le sweet potato fries cold and 逼ad never order again next time !
codedlang:34:01,Crowd-AI-Lab/CodedLang,34,D野,D野,D野,D ye3,,,,dˈiː jɛ˨˩˦,dˈiː jɛ˨˩˦,,,是,"[{""type"": ""missing_dictionary_decode""}]",not_in_official_dictionary,语音替代,phonetic,,,,,D野好平,啲野好平
codedlang:39:01,Crowd-AI-Lab/CodedLang,39,灰常,灰常,灰常,hui1 chang2,非常,非常,fei1 chang2,xuei˥ ʈʂʰɑŋ˧˥,xuei˥ ʈʂʰɑŋ˧˥,fei˥ ʈʂʰɑŋ˧˥,fei˥ ʈʂʰɑŋ˧˥,否,[],official_dictionary_casefold,非词汇同音词,non_lexical_homophone,hui1 chang2,fei1 chang2,xwei̯˥ ʈʂʰa˧˥ŋ,fei̯˥ ʈʂʰa˧˥ŋ,灰常不错的餐厅，点original+bun的，有点像花卷加肉团，酱也特别好吃，适合亚洲人…还有catfish也不错，不过只有rice的，我今天喉咙痛没有点neighborhood，有点遗憾……据说是最热门的…,非常不错的餐厅，点original+逼un的，有点像花卷加肉团，酱也特别好吃，适合亚洲人…还有catfish也不错，不过只有rice的，我今天喉咙痛没有点neigh逼orhood，有点遗憾……据说是最热门的…
codedlang:40:01,Crowd-AI-Lab/CodedLang,40,菇凉,菇凉,菇凉,gu1 liang2,姑娘,姑娘,gu1 niang2,ku˥ liɑŋ˧˥,ku˥ liɑŋ˧˥,ku˥ niɑŋ˧˥,ku˥ niɑŋ˧˥,否,[],official_dictionary_casefold,非词汇同音词,non_lexical_homophone,gu1 liang2,gu1 niang2,ku˥ lja˧˥ŋ,ku˥ nja˧˥ŋ,气死宝宝了.小菇凉把我电话接来放旁边 .给别人点餐.接别人电话.让我10分钟在打过来说这会忙.还说是已事同人.我一大把年纪了被气坏了😭😭😭,气死宝宝了.小姑娘把我电话接来放旁边 .给别人点餐.接别人电话.让我10分钟在打过来说这会忙.还说是已事同人.我一大把年纪了被气坏了😭😭😭
codedlang:41:01,Crowd-AI-Lab/CodedLang,41,ㄔ,ㄔ,ㄔ,ㄔ,吃,吃,chi1,,,ʈʂʰɻ̩˥,ʈʂʰɻ̩˥,是,"[{""type"": ""source_unresolved_symbol_or_digit""}]",official_dictionary_casefold,语音替代,phonetic,ch,chi1,tʂʰ,ʈʂʰɻ̩˥,好ㄔ,好吃
codedlang:42:01,Crowd-AI-Lab/CodedLang,42,好ㄘ,好ㄘ,好ㄘ,hao3 ㄘ,好吃,好吃,hao3 chi1,,xɑʊ˨˩˦,xɑʊ˨˩˦ ʈʂʰɻ̩˥,xɑʊ˨˩˦ ʈʂʰɻ̩˥,是,"[{""type"": ""source_unresolved_symbol_or_digit""}]",official_dictionary_casefold,语音替代,phonetic,hao3 c,hao3 chi1,xau̯˧˩˧ tsʰ,xau̯˧˩˧ ʈʂʰɻ̩˥,好ㄘ,好吃
codedlang:43:01,Crowd-AI-Lab/CodedLang,43,好ㄘ,好ㄘ,好ㄘ,hao3 ㄘ,好吃,好吃,hao3 chi1,,xɑʊ˨˩˦,xɑʊ˨˩˦ ʈʂʰɻ̩˥,xɑʊ˨˩˦ ʈʂʰɻ̩˥,是,"[{""type"": ""source_unresolved_symbol_or_digit""}]",official_dictionary_casefold,语音替代,phonetic,hao3 c,hao3 chi1,xau̯˧˩˧ tsʰ,xau̯˧˩˧ ʈʂʰɻ̩˥,不好ㄘ,不好吃
codedlang:44:01,Crowd-AI-Lab/CodedLang,44,特么,特么,特么,te4 me,他妈,他妈,ta1 ma1,tʰɤ˥˩ mɤ,tʰɤ˥˩ mɤ,tʰa˥ ma˥,tʰa˥ ma˥,否,[],official_dictionary_casefold,非词汇同音词,non_lexical_homophone,te4 me,ta1 ma1,tʰɤ˥˩ mɤ,tʰa˥ ma˥,一进门就推销酒，说了不喝还没完没了。完后水跟鱼塘里盛出来的似的，一股鱼腥味，鸡肉干的跟木头似的，连鸡腿都跟特么跟树枝似的，整顿饭最好吃的是餐前上的香蕉干儿，给得还挺多，就是吃到一半的时候，服务员给拿走了，不知道是不是给下一桌了。服务员也是chǒu绝了，估计是老板从进的猪肉里挑的，胖就算了，还丑，丑就算了，还化一个更丑的妆，这也就算了，还一个劲儿地往上凑，吓唬谁呢。最后还强加18%的服务费，最后还有add tips一栏，也是醉了。在迈阿密吃的最烂的一顿饭。知道你们美国跟古巴有仇，也不至于这么糟践人家吧。,一进门就推销酒，说了不喝还没完没了。完后水跟鱼塘里盛出来的似的，一股鱼腥味，鸡肉干的跟木头似的，连鸡腿都跟他妈跟树枝似的，整顿饭最好吃的是餐前上的香蕉干儿，给得还挺多，就是吃到一半的时候，服务员给拿走了，不知道是不是给下一桌了。服务员也是丑绝了，估计是老板从进的猪肉里挑的，胖就算了，还丑，丑就算了，还化一个更丑的妆，这也就算了，还一个劲儿地往上凑，吓唬谁呢。最后还强加1不%的服务费，最后还有add tips一栏，也是醉了。在迈阿密吃的最烂的一顿饭。知道你们美国跟古巴有仇，也不至于这么糟践人家吧。
codedlang:44:02,Crowd-AI-Lab/CodedLang,44,chǒu,chǒu,chǒu,ch ǒ u,丑,丑,chou3,,sˌiːˈeɪtʃ u,ʈʂʰoʊ˨˩˦,ʈʂʰoʊ˨˩˦,是,"[{""type"": ""source_unresolved_symbol_or_digit""}]",official_dictionary_casefold,语音替代,non_lexical_homophone,chǒu,chou3,ʈ͡ʂʰòʊ̯,ʈ͡ʂʰòʊ̯,一进门就推销酒，说了不喝还没完没了。完后水跟鱼塘里盛出来的似的，一股鱼腥味，鸡肉干的跟木头似的，连鸡腿都跟特么跟树枝似的，整顿饭最好吃的是餐前上的香蕉干儿，给得还挺多，就是吃到一半的时候，服务员给拿走了，不知道是不是给下一桌了。服务员也是chǒu绝了，估计是老板从进的猪肉里挑的，胖就算了，还丑，丑就算了，还化一个更丑的妆，这也就算了，还一个劲儿地往上凑，吓唬谁呢。最后还强加18%的服务费，最后还有add tips一栏，也是醉了。在迈阿密吃的最烂的一顿饭。知道你们美国跟古巴有仇，也不至于这么糟践人家吧。,一进门就推销酒，说了不喝还没完没了。完后水跟鱼塘里盛出来的似的，一股鱼腥味，鸡肉干的跟木头似的，连鸡腿都跟他妈跟树枝似的，整顿饭最好吃的是餐前上的香蕉干儿，给得还挺多，就是吃到一半的时候，服务员给拿走了，不知道是不是给下一桌了。服务员也是丑绝了，估计是老板从进的猪肉里挑的，胖就算了，还丑，丑就算了，还化一个更丑的妆，这也就算了，还一个劲儿地往上凑，吓唬谁呢。最后还强加1不%的服务费，最后还有add tips一栏，也是醉了。在迈阿密吃的最烂的一顿饭。知道你们美国跟古巴有仇，也不至于这么糟践人家吧。
codedlang:45:01,Crowd-AI-Lab/CodedLang,45,桑心,桑心,桑心,sang1 xin1,伤心,伤心,shang1 xin1,sɑŋ˥ ɕin˥,sɑŋ˥ ɕin˥,ʂɑŋ˥ ɕin˥,ʂɑŋ˥ ɕin˥,否,[],official_dictionary_casefold,非词汇同音词,non_lexical_homophone,sang1 xin1,shang1 xin1,sa˥ŋ ɕi˥n,ʂa˥ŋ ɕi˥n,牛肉超级嫩 很好吃 就是有点太大块了 生鱼片很实惠16pc才24刀！！ 拉面汤底和溏心蛋很棒！！但是面条煮的太软了… 希望下回面条不会这么软！ cheesecake 没货了 桑心😭 一定！！还会再来！！,牛肉超级嫩 很好吃 就是有点太大块了 生鱼片很实惠1厉害pc才24刀！！ 拉面汤底和溏心蛋很棒！！但是面条煮的太软了… 希望下回面条不会这么软！ cheesecake 没货了 伤心😭 一定！！还会再来！！
codedlang:46:01,Crowd-AI-Lab/CodedLang,46,炒鸡,炒鸡,炒鸡,chao3 ji1,超级,超级,chao1 ji2,ʈʂʰɑʊ˨˩˦ tɕi˥,ʈʂʰɑʊ˨˩˦ tɕi˥,ʈʂʰɑʊ˥ tɕi˧˥,ʈʂʰɑʊ˥ tɕi˧˥,否,[],official_dictionary_casefold,歧义同音词,ambiguous_homophone,chao3 ji1,chao1 ji2,ʈʂʰau̯˧˩˧ tɕi˥,ʈʂʰau̯˥ tɕi˧˥,价格很实惠！！ 前台小姐姐态度很好！！！ 店里推荐的果汁儿也很好喝 不给你加冰满满一杯！！要冰块的话 店里有机子可以自己去拿！ New orleans donut 炒鸡好吃！！！！！强烈推荐！以后有机会还要来！！,价格很实惠！！ 前台小姐姐态度很好！！！ 店里推荐的果汁儿也很好喝 不给你加冰满满一杯！！要冰块的话 店里有机子可以自己去拿！ New orleans donut 超级好吃！！！！！强烈推荐！以后有机会还要来！！
codedlang:47:01,Crowd-AI-Lab/CodedLang,47,盆友,盆友,盆友,pen2 you3,朋友,朋友,peng2 you3,pʰən˧˥ joʊ˨˩˦,pʰən˧˥ joʊ˨˩˦,pʰɤŋ˧˥ joʊ˨˩˦,pʰɤŋ˧˥ joʊ˨˩˦,否,[],official_dictionary_casefold,非词汇同音词,non_lexical_homophone,pen2 you3,peng2 you3,pʰə˧˥n jou̯˧˩˧,pʰə˧˥ŋ jou̯˧˩˧,这家餐厅真的很不错 我和盆友点了必点的龙虾和雪蟹 很新鲜 超好吃.  龙虾做的真的很好！！！,这家餐厅真的很不错 我和朋友点了必点的龙虾和雪蟹 很新鲜 超好吃.  龙虾做的真的很好！！！
codedlang:48:01,Crowd-AI-Lab/CodedLang,48,辣鸡,辣鸡,辣鸡,la4 ji1,垃圾,垃圾,la1 ji1,la˥˩ tɕi˥,la˥˩ tɕi˥,la˥ tɕi˥,la˥ tɕi˥,否,[],official_dictionary_casefold,歧义同音词,ambiguous_homophone,la4 ji1,la1 ji1,la˥˩ tɕi˥,la˥ tɕi˥,辣鸡 设备坏了 也不给个明确的恢复时间 全在那等着,垃圾 设备坏了 也不给个明确的恢复时间 全在那等着
codedlang:49:01,Crowd-AI-Lab/CodedLang,49,炒鸡,炒鸡,炒鸡,chao3 ji1,超级,超级,chao1 ji2,ʈʂʰɑʊ˨˩˦ tɕi˥,ʈʂʰɑʊ˨˩˦ tɕi˥,ʈʂʰɑʊ˥ tɕi˧˥,ʈʂʰɑʊ˥ tɕi˧˥,否,[],official_dictionary_casefold,歧义同音词,ambiguous_homophone,chao3 ji1,chao1 ji2,ʈʂʰau̯˧˩˧ tɕi˥,ʈʂʰau̯˥ tɕi˧˥,如果是lunch special 的话吃生鱼片实惠很多 生鱼片是新鲜的 JB Roll 一整条鳗鱼在上面 炒鸡实在 味道和外观都好 有一道是韭菜苗炒鱿鱼也很推荐 miso eggplant 因人而异 炒饭没看上去那么好吃（无图） 有一个是草莓芒果卷 里面有薄荷 吃进去像是牙膏味儿…颜值适合用来拍照 并不好吃… 汤面很一般 并不推荐,如果是lunch special 的话吃生鱼片实惠很多 生鱼片是新鲜的 鸡巴 Roll 一整条鳗鱼在上面 超级实在 味道和外观都好 有一道是韭菜苗炒鱿鱼也很推荐 miso eggplant 因人而异 炒饭没看上去那么好吃（无图） 有一个是草莓芒果卷 里面有薄荷 吃进去像是牙膏味儿…颜值适合用来拍照 并不好吃… 汤面很一般 并不推荐
codedlang:50:01,Crowd-AI-Lab/CodedLang,50,尼玛,尼玛,尼玛,ni2 ma3,你妈,你妈,ni3 ma1,ni˧˥ ma˨˩˦,ni˧˥ ma˨˩˦,ni˨˩˦ ma˥,ni˨˩˦ ma˥,否,[],official_dictionary_casefold,非词汇同音词,non_lexical_homophone,ni2 ma3,ni3 ma1,ni˧˥ ma˧˩˧,ni˧˩˧ ma˥,我在这里住了四天。遇到了很多奇怪的事。比如厕所里面莫名其妙的出现一股臭味，迷漫着整个洗手间；做过卫生的房间里没有添一次性的水杯和装冰的塑料袋；被子上有一些长长的头发没有清理掉；最可恶的是第一天因为没有零钱，而且也是赶着出门没有放小费，结果晚上回来的时候微波炉就“坏”了！检查了一下才发现是微波炉的插座叫人给拔了。去询问前台，大堂经理把责任推给客房服务部，还说是因为要给微波炉加垫子保护家具所以拔了插座然后可能忘记插了。我其实是愿意相信大堂经理的，因为她的态度很好。但是，让我没法忍受的是出门的时候刚巧遇上客服服务人员在做卫生。那个推着大车的服务员看到我就一直盯着，在我经过她身边的时候忽然问我“你是不是XXX房间的？”我说是，她就问我“今天房间要不要清理？如果不要就在这里签字。”我还没说话，一张什么纸就伸到了我面前让我签。尼玛！我一看这不对啊！住过这么多次这家公司的宾馆也没遇到过这种“特别”照顾的呀！我说“不用，我房门上挂了牌子”没签，我转身走了。这些都是我的亲身经历。如果你不想因为这些琐事影响你的旅途，你知道该怎么做。对了。这家店大堂有个旅游介绍的窗口，那里有时候会给你一个很好的折扣，比如你要去迪士尼，环球影城，水上乐园，海洋世界。OK给你一个优惠！这个优惠就是你回去怎么算都觉得优惠的优惠！但是，重点来了。你的夫妻收入要达到7W以上。为什么呢？因为这个优惠不是白给你的，你要去参加一个小的“导购团”：）当然她不会告诉你是导购。她会告诉你是一个介绍的团，目的是让你喜欢这里，让你再来！好想不错是吧。告诉你：是导购卖度假村房子使用权的。大概价格是40W+1500/year的终身会员。在此基础上你一年可以在他们集团的度假村酒店住2周。是不是很好。但是注意，这里是没有时间限制的，你要不买就说不买，你不说就别想走。我耽误了3个小时。好了就是各种不好。你要是还想住那是你的事了。,我在这里住了四天。遇到了很多奇怪的事。比如厕所里面莫名其妙的出现一股臭味，迷漫着整个洗手间；做过卫生的房间里没有添一吃性的水杯和装冰的塑料袋；被子上有一些长长的头发没有清理掉；最可恶的是第一天因为没有零钱，而且也是赶着出门没有放小费，结果晚上回来的时候微波炉就“坏”了！检查了一下才发现是微波炉的插座叫人给拔了。去询问前台，大堂经理把责任推给客房服务部，还说是因为要给微波炉加垫子保护家具所以拔了插座然后可能忘记插了。我其实是愿意相信大堂经理的，因为她的态度很好。但是，让我没法忍受的是出门的时候刚巧遇上客服服务人员在做卫生。那个推着大车的服务员看到我就一直盯着，在我经过她身边的时候忽然问我“你是不是叉叉叉房间的？”我说是，她就问我“今天房间要不要清理？如果不要就在这里签字。”我还没说话，一张什么纸就伸到了我面前让我签。你妈！我一看这不对啊！住过这么多吃这家公司的宾馆也没遇到过这种“特别”照顾的呀！我说“不用，我房门上挂了牌子”没签，我转身走了。这些都是我的亲身经历。如果你不想因为这些琐事影响你的旅途，你知道该怎么做。对了。这家店大堂有个旅游介绍的窗口，那里有时候会给你一个很好的折扣，比如你要去迪士尼，环球影城，水上乐园，海洋世界。OK给你一个优惠！这个优惠就是你回去怎么算都觉得优惠的优惠！但是，重点来了。你的夫妻收入要达到7W以上。为什么呢？因为这个优惠不是白给你的，你要去参加一个小的“导购团”：）当然她不会告诉你是导购。她会告诉你是一个介绍的团，目的是让你喜欢这里，让你再来！好想不错是吧。告诉你：是导购卖度假村房子使用权的。大概价格是40W+1500/year的终身会员。在此基础上你一年可以在他们集团的度假村酒店住2周。是不是很好。但是注意，这里是没有时间限制的，你要不买就说不买，你不说就别想走。我耽误了3个小时。好了就是各种不好。你要是还想住那是你的事了。
codedlang:51:01,Crowd-AI-Lab/CodedLang,51,灰常,灰常,灰常,hui1 chang2,非常,非常,fei1 chang2,xuei˥ ʈʂʰɑŋ˧˥,xuei˥ ʈʂʰɑŋ˧˥,fei˥ ʈʂʰɑŋ˧˥,fei˥ ʈʂʰɑŋ˧˥,否,[],official_dictionary_casefold,非词汇同音词,non_lexical_homophone,hui1 chang2,fei1 chang2,xwei̯˥ ʈʂʰa˧˥ŋ,fei̯˥ ʈʂʰa˧˥ŋ,味道超好，sashimi 特别新鲜，猪肉拉面灰常正宗，天妇罗虾最好吃，酥脆口齿留香！羊腿非常入味，一点也不腥！miso 鳕鱼也很好吃，Q弹鲜美值得一试！奥兰多前五的日餐，已经来了十来次咯,味道超好，sa屎mi 特别新鲜，猪肉拉面非常正宗，天妇罗虾最好吃，酥脆口齿留香！羊腿非常入味，一点也不腥！miso 鳕鱼也很好吃，Q弹鲜美值得一试！奥兰多前五的日餐，已经来了十来吃咯
codedlang:52:01,Crowd-AI-Lab/CodedLang,52,炒鸡,炒鸡,炒鸡,chao3 ji1,超级,超级,chao1 ji2,ʈʂʰɑʊ˨˩˦ tɕi˥,ʈʂʰɑʊ˨˩˦ tɕi˥,ʈʂʰɑʊ˥ tɕi˧˥,ʈʂʰɑʊ˥ tɕi˧˥,否,[],official_dictionary_casefold,歧义同音词,ambiguous_homophone,chao3 ji1,chao1 ji2,ʈʂʰau̯˧˩˧ tɕi˥,ʈʂʰau̯˥ tɕi˧˥,强烈推荐！服务太好了，味道也好吃，价格不贵，还有ladym！！！！悄悄告诉你们，里面的拉面也炒鸡完美！,强烈推荐！服务太好了，味道也好吃，价格不贵，还有ladym！！！！悄悄告诉你们，里面的拉面也超级完美！
codedlang:53:01,Crowd-AI-Lab/CodedLang,53,墙裂,墙裂,墙裂,qiang2 lie4,强烈,强烈,qiang2 lie4,tɕʰiɑŋ˧˥ liɛ˥˩,tɕʰiɑŋ˧˥ liɛ˥˩,tɕʰiɑŋ˧˥ liɛ˥˩,tɕʰiɑŋ˧˥ liɛ˥˩,否,[],official_dictionary_casefold,歧义同音词,ambiguous_homophone,qiang2 lie4,qiang2 lie4,tɕʰja˧˥ŋ lje˥˩,tɕʰja˧˥ŋ lje˥˩,超级好吃！！！！！！墙裂推荐，还有lady  M的抹茶千层，芝加哥也还有一家 但是每次排队都要排很久，这家我们提前订了，直接去就吃了。,超级好吃！！！！！！强烈推荐，还有lady  M的抹茶千层，芝加哥也还有一家 但是每吃排队都要排很久，这家我们提前订了，直接去就吃了。
codedlang:54:01,Crowd-AI-Lab/CodedLang,54,尼玛,尼玛,尼玛,ni2 ma3,你妈,你妈,ni3 ma1,ni˧˥ ma˨˩˦,ni˧˥ ma˨˩˦,ni˨˩˦ ma˥,ni˨˩˦ ma˥,否,[],official_dictionary_casefold,非词汇同音词,non_lexical_homophone,ni2 ma3,ni3 ma1,ni˧˥ ma˧˩˧,ni˧˩˧ ma˥,尼玛都是装逼的，老子来写中文！东方超市就是好！！！操！！！,你妈都是装逼的，老子来写中文！东方超市就是好！！！操！！！
codedlang:55:01,Crowd-AI-Lab/CodedLang,55,特么,特么,特么,te4 me,他妈,他妈,ta1 ma1,tʰɤ˥˩ mɤ,tʰɤ˥˩ mɤ,tʰa˥ ma˥,tʰa˥ ma˥,否,[],official_dictionary_casefold,非词汇同音词,non_lexical_homophone,te4 me,ta1 ma1,tʰɤ˥˩ mɤ,tʰa˥ ma˥,太特么傻逼 谁特么来谁傻逼,太他妈傻逼 谁他妈来谁傻逼
codedlang:56:01,Crowd-AI-Lab/CodedLang,56,辣鸡,辣鸡,辣鸡,la4 ji1,垃圾,垃圾,la1 ji1,la˥˩ tɕi˥,la˥˩ tɕi˥,la˥ tɕi˥,la˥ tɕi˥,否,[],official_dictionary_casefold,歧义同音词,ambiguous_homophone,la4 ji1,la1 ji1,la˥˩ tɕi˥,la˥ tɕi˥,从中国到美国吃过最差的一家餐厅！气到一定要发差评！点菜的时候老板娘很奇怪非要我们点红烧肉，还说我们点的辣子鸡不好吃。上菜的时候极其慢！旁边有一桌一直在等一个菜，我们吃完了她们都没有等到。服务员态度也是爱搭不理。筷子都要自己取。菜更差！！水煮牛肉一股酸味，牛肉本身也不新鲜，麻婆豆腐也带酸味，味道与真正的川菜相差甚远，真的对不起招牌上的川字！账单里面自带15%小费，真的太不要碧莲了，配吗还十五的小费？菜价巨贵、管理巨差、服务气人、味道辣鸡！全都坑的是流水客！抱拳拱手愿诸位：千万别去！！！Read the reviews first and never go there！！,从中国到美国吃过最差的一家餐厅！气到一定要发差评！点菜的时候老板娘很奇怪非要我们点红烧肉，还说我们点的啦子鸡不好吃。上菜的时候极其慢！旁边有一桌一直在等一个菜，我们吃完了她们都没有等到。服务员态度也是爱搭不理。筷子都要自己取。菜更差！！水煮牛肉一股酸味，牛肉本身也不新鲜，麻婆豆腐也带酸味，味道与真正的川菜相差甚远，真的对不起招牌上的川字！账单里面自带15%小费，真的太不要碧莲了，配吗还十五的小费？菜价巨贵、管理巨差、服务气人、味道垃圾！全都坑的是流水客！抱拳拱手愿诸位：千万别去！！！Read the reviews first and never go there！！
codedlang:57:01,Crowd-AI-Lab/CodedLang,57,尼玛,尼玛,尼玛,ni2 ma3,你妈,你妈,ni3 ma1,ni˧˥ ma˨˩˦,ni˧˥ ma˨˩˦,ni˨˩˦ ma˥,ni˨˩˦ ma˥,否,[],official_dictionary_casefold,非词汇同音词,non_lexical_homophone,ni2 ma3,ni3 ma1,ni˧˥ ma˧˩˧,ni˧˩˧ ma˥,卡罗拉啤酒卖6.5！太尼玛黑了,卡罗拉啤酒卖厉害.5！太你妈黑了
codedlang:58:01,Crowd-AI-Lab/CodedLang,58,盆友,盆友,盆友,pen2 you3,朋友,朋友,peng2 you3,pʰən˧˥ joʊ˨˩˦,pʰən˧˥ joʊ˨˩˦,pʰɤŋ˧˥ joʊ˨˩˦,pʰɤŋ˧˥ joʊ˨˩˦,否,[],official_dictionary_casefold,非词汇同音词,non_lexical_homophone,pen2 you3,peng2 you3,pʰə˧˥n jou̯˧˩˧,pʰə˧˥ŋ jou̯˧˩˧,没啥可看的啊 只有海胆 还有几种小鱼  $55不值 不如带着小盆友去隔壁的old airport recreation area park 去Walmart 买上小桶crab 笼子 小鱼网 不亦乐乎,没啥可看的啊 只有海胆 还有几种小鱼  $55不值 不如带着小朋友去隔壁的old airport recreation area park 去Walmart 买上小桶cra逼 笼子 小鱼网 不亦乐乎
codedlang:59:01,Crowd-AI-Lab/CodedLang,59,炒鸡,炒鸡,炒鸡,chao3 ji1,超级,超级,chao1 ji2,ʈʂʰɑʊ˨˩˦ tɕi˥,ʈʂʰɑʊ˨˩˦ tɕi˥,ʈʂʰɑʊ˥ tɕi˧˥,ʈʂʰɑʊ˥ tɕi˧˥,否,[],official_dictionary_casefold,歧义同音词,ambiguous_homophone,chao3 ji1,chao1 ji2,ʈʂʰau̯˧˩˧ tɕi˥,ʈʂʰau̯˥ tɕi˧˥,Badddddd. 炒鸡垃圾。。。和本土不能比,Badddddd. 超级垃圾。。。和本土不能比
codedlang:60:01,Crowd-AI-Lab/CodedLang,60,tm,tm,tm,tm,他妈,他妈,ta1 ma1,tˌiːˈɛm,tˌiːˈɛm,tʰa˥ ma˥,tʰa˥ ma˥,否,[],official_dictionary_casefold,语音替代,"non_lexical_homophone, phonetic",tm,ta1 ma1,ˈti ˈɛm,tʰa˥ ma˥,Best Chinese food in Hawaii！  对于中国人来讲，吃，应该是人生中最重要的事情了！大家见面都喜欢问：吃了吗？与吃相关的词汇更是数不胜数：吃豆腐、吃官司、吃不了兜着走、吃一堑长一智、吃里扒外...不过这些与真正的吃都没啥联系。现在中国大江南北、长城内外，各大菜系的餐厅应该都开得琳琅满目，街边小吃也数不胜数。不过从美食小吃的品种、数量、味道及受欢迎程度上来看，还是以发源于南方的美食小吃占主导，特别是来自巴蜀大地的。八大菜系里也只有鲁菜是发源于北方的。其实这也是有原因的，个人愚见：首先南方的物产肯定是比北方要丰富，其次北方历史上不是天灾就是人祸的，民众能够填饱肚子都算不错了，哪儿有那么多闲情逸致向南方人那样研究吃的啊。  对于生活在海外的很多中国人来讲，吃，应该也算是最痛苦的事情了。除了洛杉矶那些遍地地道中餐的城市以及啃汉堡面包也能度日的亲。很多中国人到了国外，可能当地的语言没有学好，但是厨艺肯定突飞猛进了。还好我在国内时，厨艺还算过意得去，来夏威夷一切也就艰苦奋斗、自力更生了，唐人街能够买到酱油、醋、豆瓣酱及其它基本的香料和调料 ，除了花椒需要从成都带来夏威夷。之前夏威夷几乎难觅到好吃的中餐，多是菜做得都不咋正宗店面装修得破破烂烂的广东餐厅为主，这些餐厅都喜欢夹杂着卖点儿厨艺还不如我的川菜等其它菜系的菜，就不好好干自己的老本行，你说这东西能做的好吃吗。美国的很多所谓的中餐还是韩国人开的，有的炒菜的厨师还tmd墨西哥人，而很多日本拉面店啥的都是中国人开的。  上前年的时候，夏威夷才开了一间环境及菜品都还不错的小肥羊火锅店，也终算是有了一间拿得出手可以给中国人长点儿脸的中餐厅了。虽然很多国内来的客人都说小肥羊在中国不好吃也都快开不下去，不过夏威夷的小肥羊生意却异常的好，基本上都需要排队。这是为何？因为现在夏威夷生活的中国人及来旅游的中国人真不少，但是拿得出手的中餐真是寥寥无几。以前都不敢带日本妹纸吃Chinese Food，味道都是其次，多数餐厅的环境太tm吓人，怕给中国人丢脸。不管在国内还是国外，很多中餐厅给人的感觉就是脏乱破，都不知道经营者是咋想的，就舍不得把环境卫生弄好一点，再看看人家日本人韩国人的餐厅就要好很多，中餐油烟大不是理由。还有夏威夷有钱的中国人也真不少，也没见有人开间环境等方面好一些的超市，中国人开的破破烂烂的超市都在破破烂烂满街流浪汉的唐人街，而很多人是几乎不会涉足这片区域的。这就是中国人及其事物给外界的一面形象！  去年夏威夷是终于开了一间菜品味道及环境卫生都很好的川菜餐厅：滋味成都。该餐厅虽然面积不大，但是菜品还是比较丰富味道也非常的地道，实属难得。川菜在日本算是属于非常受欢迎的，不过做得都太TM日式，带日本妹纸吃滋味成都，她们都觉得是她们此生吃过的最好吃的Chinese Food。滋味成都在洛杉矶算是非常出名的，生意也非常的好。以前每次去洛杉矶，一下了飞机就直接开车去店门口拍长队(⊙﹏⊙)b，理解吃货的苦衷。所以滋味成都在夏威夷一开，我就几乎没有咋在家里做饭了。每个周都会造访几次，除了自己对麻辣鲜香的需求外，更多的是带客人去改善伙食，O(∩_∩)O~ 以前遇到有的客人对我的要求是：每天玩儿都是其次，每顿要求吃中餐! 以前还确实比较难办，不过现在这个问题已经解决，有的客人在夏威夷旅游几天，几乎每天都会到滋味成都吃饭。有的人可能会说，到国外就应该吃当地的食物，坚决不会吃中餐。其实也是可以理解的，像我这种虽然在国外生活了多年的人，到了像纽约洛杉矶费城等这些大城市，我做的第一件事情肯定也是找中餐厅，特别是川菜。老外的食物除了品种少外，很多东西真是第一口好吃第二口腻第三口就想吐了，对于可以天天顿顿啃面包度日的老外，吃一顿我们觉得特难吃的美式中餐他们都已经觉得够幸福了！所以很多人的心是米国心，胃永远是中国胃！,Best Chinese food in Hawaii！  对于中国人来讲，吃，应该是人生中最重要的事情了！大家见面都喜欢问：吃了吗？与吃相关的词汇更是数不胜数：吃豆腐、吃官司、吃不了兜着走、吃一堑长一智、吃里扒外...不过这些与真正的吃都没啥联系。现在中国大江南北、长城内外，各大菜系的餐厅应该都开得琳琅满目，街边小吃也数不胜数。不过从美食小吃的品种、数量、味道及受欢迎程度上来看，还是以发源于南方的美食小吃占主导，特别是来自巴蜀大地的。八大菜系里也只有鲁菜是发源于北方的。其实这也是有原因的，个人愚见：首先南方的物产肯定是比北方要丰富，其吃北方历史上不是天灾就是人祸的，民众能够填饱肚子都算不错了，哪儿有那么多闲情逸致向南方人那样研究吃的啊。  对于生活在海外的很多中国人来讲，吃，应该也算是最痛苦的事情了。除了洛杉矶那些遍地地道中餐的城市以及啃汉堡面包也能度日的亲。很多中国人到了国外，可能当地的语言没有学好，但是厨艺肯定突飞猛进了。还好我在国内时，厨艺还算过意得去，来夏威夷一切也就艰苦奋斗、自力更生了，唐人街能够买到酱油、醋、豆瓣酱及其它基本的香料和调料 ，除了花椒需要从成都带来夏威夷。之前夏威夷几乎难觅到好吃的中餐，多是菜做得都不咋正宗店面装修得破破烂烂的广东餐厅为主，这些餐厅都喜欢夹杂着卖点儿厨艺还不如我的川菜等其它菜系的菜，就不好好干自己的老本行，你说这东西能做的好吃吗。美国的很多所谓的中餐还是韩国人开的，有的炒菜的厨师还他妈的墨西哥人，而很多日本拉面店啥的都是中国人开的。  上前年的时候，夏威夷才开了一间环境及菜品都还不错的小肥羊火锅店，也终算是有了一间拿得出手可以给中国人长点儿脸的中餐厅了。虽然很多国内来的客人都说小肥羊在中国不好吃也都快开不下去，不过夏威夷的小肥羊生意却异常的好，基本上都需要排队。这是为何？因为现在夏威夷生活的中国人及来旅游的中国人真不少，但是拿得出手的中餐真是寥寥无几。以前都不敢带日本妹子吃Chinese Food，味道都是其吃，多数餐厅的环境太他妈吓人，怕给中国人丢脸。不管在国内还是国外，很多中餐厅给人的感觉就是脏乱破，都不知道经营者是咋想的，就舍不得把环境卫生弄好一点，再看看人家日本人韩国人的餐厅就要好很多，中餐油烟大不是理由。还有夏威夷有钱的中国人也真不少，也没见有人开间环境等方面好一些的超市，中国人开的破破烂烂的超市都在破破烂烂满街流浪汉的唐人街，而很多人是几乎不会涉足这片区域的。这就是中国人及其事物给外界的一面形象！  去年夏威夷是终于开了一间菜品味道及环境卫生都很好的川菜餐厅：滋味成都。该餐厅虽然面积不大，但是菜品还是比较丰富味道也非常的地道，实属难得。川菜在日本算是属于非常受欢迎的，不过做得都太他妈日式，带日本妹子吃滋味成都，她们都觉得是她们此生吃过的最好吃的Chinese Food。滋味成都在洛杉矶算是非常出名的，生意也非常的好。以前每吃去洛杉矶，一下了飞机就直接开车去店门口拍长队(⊙﹏⊙)逼，理解吃货的苦衷。所以滋味成都在夏威夷一开，我就几乎没有咋在家里做饭了。每个周都会造访几吃，除了自己对麻啦鲜香的需求外，更多的是带客人去改善伙食，O(∩_∩)O~ 以前遇到有的客人对我的要求是：每天玩儿都是其吃，每顿要求吃中餐! 以前还确实比较难办，不过现在这个问题已经解决，有的客人在夏威夷旅游几天，几乎每天都会到滋味成都吃饭。有的人可能会说，到国外就应该吃当地的食物，坚决不会吃中餐。其实也是可以理解的，像我这种虽然在国外生活了多年的人，到了像纽约洛杉矶费城等这些大城市，我做的第一件事情肯定也是找中餐厅，特别是川菜。老外的食物除了品种少外，很多东西真是第一口好吃第二口腻第三口就想吐了，对于可以天天顿顿啃面包度日的老外，吃一顿我们觉得特难吃的美式中餐他们都已经觉得够幸福了！所以很多人的心是美国心，胃永远是中国胃！
codedlang:60:02,Crowd-AI-Lab/CodedLang,60,tmd,tmd,tmd,tmd,他妈的,他妈的,ta1 ma1 de,tˌiːˌɛmdˈiː,tˌiːˌɛmdˈiː,tʰa˥ ma˥ tɤ,tʰa˥ ma˥ tɤ,否,[],official_dictionary_casefold,语音替代,"non_lexical_homophone, phonetic",tmd,ta1 ma1 de,ˈti ˈɛm ti,tʰa˥ ma˥ tɤ,Best Chinese food in Hawaii！  对于中国人来讲，吃，应该是人生中最重要的事情了！大家见面都喜欢问：吃了吗？与吃相关的词汇更是数不胜数：吃豆腐、吃官司、吃不了兜着走、吃一堑长一智、吃里扒外...不过这些与真正的吃都没啥联系。现在中国大江南北、长城内外，各大菜系的餐厅应该都开得琳琅满目，街边小吃也数不胜数。不过从美食小吃的品种、数量、味道及受欢迎程度上来看，还是以发源于南方的美食小吃占主导，特别是来自巴蜀大地的。八大菜系里也只有鲁菜是发源于北方的。其实这也是有原因的，个人愚见：首先南方的物产肯定是比北方要丰富，其次北方历史上不是天灾就是人祸的，民众能够填饱肚子都算不错了，哪儿有那么多闲情逸致向南方人那样研究吃的啊。  对于生活在海外的很多中国人来讲，吃，应该也算是最痛苦的事情了。除了洛杉矶那些遍地地道中餐的城市以及啃汉堡面包也能度日的亲。很多中国人到了国外，可能当地的语言没有学好，但是厨艺肯定突飞猛进了。还好我在国内时，厨艺还算过意得去，来夏威夷一切也就艰苦奋斗、自力更生了，唐人街能够买到酱油、醋、豆瓣酱及其它基本的香料和调料 ，除了花椒需要从成都带来夏威夷。之前夏威夷几乎难觅到好吃的中餐，多是菜做得都不咋正宗店面装修得破破烂烂的广东餐厅为主，这些餐厅都喜欢夹杂着卖点儿厨艺还不如我的川菜等其它菜系的菜，就不好好干自己的老本行，你说这东西能做的好吃吗。美国的很多所谓的中餐还是韩国人开的，有的炒菜的厨师还tmd墨西哥人，而很多日本拉面店啥的都是中国人开的。  上前年的时候，夏威夷才开了一间环境及菜品都还不错的小肥羊火锅店，也终算是有了一间拿得出手可以给中国人长点儿脸的中餐厅了。虽然很多国内来的客人都说小肥羊在中国不好吃也都快开不下去，不过夏威夷的小肥羊生意却异常的好，基本上都需要排队。这是为何？因为现在夏威夷生活的中国人及来旅游的中国人真不少，但是拿得出手的中餐真是寥寥无几。以前都不敢带日本妹纸吃Chinese Food，味道都是其次，多数餐厅的环境太tm吓人，怕给中国人丢脸。不管在国内还是国外，很多中餐厅给人的感觉就是脏乱破，都不知道经营者是咋想的，就舍不得把环境卫生弄好一点，再看看人家日本人韩国人的餐厅就要好很多，中餐油烟大不是理由。还有夏威夷有钱的中国人也真不少，也没见有人开间环境等方面好一些的超市，中国人开的破破烂烂的超市都在破破烂烂满街流浪汉的唐人街，而很多人是几乎不会涉足这片区域的。这就是中国人及其事物给外界的一面形象！  去年夏威夷是终于开了一间菜品味道及环境卫生都很好的川菜餐厅：滋味成都。该餐厅虽然面积不大，但是菜品还是比较丰富味道也非常的地道，实属难得。川菜在日本算是属于非常受欢迎的，不过做得都太TM日式，带日本妹纸吃滋味成都，她们都觉得是她们此生吃过的最好吃的Chinese Food。滋味成都在洛杉矶算是非常出名的，生意也非常的好。以前每次去洛杉矶，一下了飞机就直接开车去店门口拍长队(⊙﹏⊙)b，理解吃货的苦衷。所以滋味成都在夏威夷一开，我就几乎没有咋在家里做饭了。每个周都会造访几次，除了自己对麻辣鲜香的需求外，更多的是带客人去改善伙食，O(∩_∩)O~ 以前遇到有的客人对我的要求是：每天玩儿都是其次，每顿要求吃中餐! 以前还确实比较难办，不过现在这个问题已经解决，有的客人在夏威夷旅游几天，几乎每天都会到滋味成都吃饭。有的人可能会说，到国外就应该吃当地的食物，坚决不会吃中餐。其实也是可以理解的，像我这种虽然在国外生活了多年的人，到了像纽约洛杉矶费城等这些大城市，我做的第一件事情肯定也是找中餐厅，特别是川菜。老外的食物除了品种少外，很多东西真是第一口好吃第二口腻第三口就想吐了，对于可以天天顿顿啃面包度日的老外，吃一顿我们觉得特难吃的美式中餐他们都已经觉得够幸福了！所以很多人的心是米国心，胃永远是中国胃！,Best Chinese food in Hawaii！  对于中国人来讲，吃，应该是人生中最重要的事情了！大家见面都喜欢问：吃了吗？与吃相关的词汇更是数不胜数：吃豆腐、吃官司、吃不了兜着走、吃一堑长一智、吃里扒外...不过这些与真正的吃都没啥联系。现在中国大江南北、长城内外，各大菜系的餐厅应该都开得琳琅满目，街边小吃也数不胜数。不过从美食小吃的品种、数量、味道及受欢迎程度上来看，还是以发源于南方的美食小吃占主导，特别是来自巴蜀大地的。八大菜系里也只有鲁菜是发源于北方的。其实这也是有原因的，个人愚见：首先南方的物产肯定是比北方要丰富，其吃北方历史上不是天灾就是人祸的，民众能够填饱肚子都算不错了，哪儿有那么多闲情逸致向南方人那样研究吃的啊。  对于生活在海外的很多中国人来讲，吃，应该也算是最痛苦的事情了。除了洛杉矶那些遍地地道中餐的城市以及啃汉堡面包也能度日的亲。很多中国人到了国外，可能当地的语言没有学好，但是厨艺肯定突飞猛进了。还好我在国内时，厨艺还算过意得去，来夏威夷一切也就艰苦奋斗、自力更生了，唐人街能够买到酱油、醋、豆瓣酱及其它基本的香料和调料 ，除了花椒需要从成都带来夏威夷。之前夏威夷几乎难觅到好吃的中餐，多是菜做得都不咋正宗店面装修得破破烂烂的广东餐厅为主，这些餐厅都喜欢夹杂着卖点儿厨艺还不如我的川菜等其它菜系的菜，就不好好干自己的老本行，你说这东西能做的好吃吗。美国的很多所谓的中餐还是韩国人开的，有的炒菜的厨师还他妈的墨西哥人，而很多日本拉面店啥的都是中国人开的。  上前年的时候，夏威夷才开了一间环境及菜品都还不错的小肥羊火锅店，也终算是有了一间拿得出手可以给中国人长点儿脸的中餐厅了。虽然很多国内来的客人都说小肥羊在中国不好吃也都快开不下去，不过夏威夷的小肥羊生意却异常的好，基本上都需要排队。这是为何？因为现在夏威夷生活的中国人及来旅游的中国人真不少，但是拿得出手的中餐真是寥寥无几。以前都不敢带日本妹子吃Chinese Food，味道都是其吃，多数餐厅的环境太他妈吓人，怕给中国人丢脸。不管在国内还是国外，很多中餐厅给人的感觉就是脏乱破，都不知道经营者是咋想的，就舍不得把环境卫生弄好一点，再看看人家日本人韩国人的餐厅就要好很多，中餐油烟大不是理由。还有夏威夷有钱的中国人也真不少，也没见有人开间环境等方面好一些的超市，中国人开的破破烂烂的超市都在破破烂烂满街流浪汉的唐人街，而很多人是几乎不会涉足这片区域的。这就是中国人及其事物给外界的一面形象！  去年夏威夷是终于开了一间菜品味道及环境卫生都很好的川菜餐厅：滋味成都。该餐厅虽然面积不大，但是菜品还是比较丰富味道也非常的地道，实属难得。川菜在日本算是属于非常受欢迎的，不过做得都太他妈日式，带日本妹子吃滋味成都，她们都觉得是她们此生吃过的最好吃的Chinese Food。滋味成都在洛杉矶算是非常出名的，生意也非常的好。以前每吃去洛杉矶，一下了飞机就直接开车去店门口拍长队(⊙﹏⊙)逼，理解吃货的苦衷。所以滋味成都在夏威夷一开，我就几乎没有咋在家里做饭了。每个周都会造访几吃，除了自己对麻啦鲜香的需求外，更多的是带客人去改善伙食，O(∩_∩)O~ 以前遇到有的客人对我的要求是：每天玩儿都是其吃，每顿要求吃中餐! 以前还确实比较难办，不过现在这个问题已经解决，有的客人在夏威夷旅游几天，几乎每天都会到滋味成都吃饭。有的人可能会说，到国外就应该吃当地的食物，坚决不会吃中餐。其实也是可以理解的，像我这种虽然在国外生活了多年的人，到了像纽约洛杉矶费城等这些大城市，我做的第一件事情肯定也是找中餐厅，特别是川菜。老外的食物除了品种少外，很多东西真是第一口好吃第二口腻第三口就想吐了，对于可以天天顿顿啃面包度日的老外，吃一顿我们觉得特难吃的美式中餐他们都已经觉得够幸福了！所以很多人的心是美国心，胃永远是中国胃！
codedlang:60:03,Crowd-AI-Lab/CodedLang,60,米国,米国,米国,mi3 guo2,美国,美国,mei3 guo2,mi˨˩˦ kuɔ˧˥,mi˨˩˦ kuɔ˧˥,mei˨˩˦ kuɔ˧˥,mei˨˩˦ kuɔ˧˥,否,[],official_dictionary_casefold,非词汇同音词,"non_lexical_homophone, phonetic",mi3 guo2,mei3 guo2,mi˧˩˧ kwo˧˥,mei̯˧˩˧ kwo˧˥,Best Chinese food in Hawaii！  对于中国人来讲，吃，应该是人生中最重要的事情了！大家见面都喜欢问：吃了吗？与吃相关的词汇更是数不胜数：吃豆腐、吃官司、吃不了兜着走、吃一堑长一智、吃里扒外...不过这些与真正的吃都没啥联系。现在中国大江南北、长城内外，各大菜系的餐厅应该都开得琳琅满目，街边小吃也数不胜数。不过从美食小吃的品种、数量、味道及受欢迎程度上来看，还是以发源于南方的美食小吃占主导，特别是来自巴蜀大地的。八大菜系里也只有鲁菜是发源于北方的。其实这也是有原因的，个人愚见：首先南方的物产肯定是比北方要丰富，其次北方历史上不是天灾就是人祸的，民众能够填饱肚子都算不错了，哪儿有那么多闲情逸致向南方人那样研究吃的啊。  对于生活在海外的很多中国人来讲，吃，应该也算是最痛苦的事情了。除了洛杉矶那些遍地地道中餐的城市以及啃汉堡面包也能度日的亲。很多中国人到了国外，可能当地的语言没有学好，但是厨艺肯定突飞猛进了。还好我在国内时，厨艺还算过意得去，来夏威夷一切也就艰苦奋斗、自力更生了，唐人街能够买到酱油、醋、豆瓣酱及其它基本的香料和调料 ，除了花椒需要从成都带来夏威夷。之前夏威夷几乎难觅到好吃的中餐，多是菜做得都不咋正宗店面装修得破破烂烂的广东餐厅为主，这些餐厅都喜欢夹杂着卖点儿厨艺还不如我的川菜等其它菜系的菜，就不好好干自己的老本行，你说这东西能做的好吃吗。美国的很多所谓的中餐还是韩国人开的，有的炒菜的厨师还tmd墨西哥人，而很多日本拉面店啥的都是中国人开的。  上前年的时候，夏威夷才开了一间环境及菜品都还不错的小肥羊火锅店，也终算是有了一间拿得出手可以给中国人长点儿脸的中餐厅了。虽然很多国内来的客人都说小肥羊在中国不好吃也都快开不下去，不过夏威夷的小肥羊生意却异常的好，基本上都需要排队。这是为何？因为现在夏威夷生活的中国人及来旅游的中国人真不少，但是拿得出手的中餐真是寥寥无几。以前都不敢带日本妹纸吃Chinese Food，味道都是其次，多数餐厅的环境太tm吓人，怕给中国人丢脸。不管在国内还是国外，很多中餐厅给人的感觉就是脏乱破，都不知道经营者是咋想的，就舍不得把环境卫生弄好一点，再看看人家日本人韩国人的餐厅就要好很多，中餐油烟大不是理由。还有夏威夷有钱的中国人也真不少，也没见有人开间环境等方面好一些的超市，中国人开的破破烂烂的超市都在破破烂烂满街流浪汉的唐人街，而很多人是几乎不会涉足这片区域的。这就是中国人及其事物给外界的一面形象！  去年夏威夷是终于开了一间菜品味道及环境卫生都很好的川菜餐厅：滋味成都。该餐厅虽然面积不大，但是菜品还是比较丰富味道也非常的地道，实属难得。川菜在日本算是属于非常受欢迎的，不过做得都太TM日式，带日本妹纸吃滋味成都，她们都觉得是她们此生吃过的最好吃的Chinese Food。滋味成都在洛杉矶算是非常出名的，生意也非常的好。以前每次去洛杉矶，一下了飞机就直接开车去店门口拍长队(⊙﹏⊙)b，理解吃货的苦衷。所以滋味成都在夏威夷一开，我就几乎没有咋在家里做饭了。每个周都会造访几次，除了自己对麻辣鲜香的需求外，更多的是带客人去改善伙食，O(∩_∩)O~ 以前遇到有的客人对我的要求是：每天玩儿都是其次，每顿要求吃中餐! 以前还确实比较难办，不过现在这个问题已经解决，有的客人在夏威夷旅游几天，几乎每天都会到滋味成都吃饭。有的人可能会说，到国外就应该吃当地的食物，坚决不会吃中餐。其实也是可以理解的，像我这种虽然在国外生活了多年的人，到了像纽约洛杉矶费城等这些大城市，我做的第一件事情肯定也是找中餐厅，特别是川菜。老外的食物除了品种少外，很多东西真是第一口好吃第二口腻第三口就想吐了，对于可以天天顿顿啃面包度日的老外，吃一顿我们觉得特难吃的美式中餐他们都已经觉得够幸福了！所以很多人的心是米国心，胃永远是中国胃！,Best Chinese food in Hawaii！  对于中国人来讲，吃，应该是人生中最重要的事情了！大家见面都喜欢问：吃了吗？与吃相关的词汇更是数不胜数：吃豆腐、吃官司、吃不了兜着走、吃一堑长一智、吃里扒外...不过这些与真正的吃都没啥联系。现在中国大江南北、长城内外，各大菜系的餐厅应该都开得琳琅满目，街边小吃也数不胜数。不过从美食小吃的品种、数量、味道及受欢迎程度上来看，还是以发源于南方的美食小吃占主导，特别是来自巴蜀大地的。八大菜系里也只有鲁菜是发源于北方的。其实这也是有原因的，个人愚见：首先南方的物产肯定是比北方要丰富，其吃北方历史上不是天灾就是人祸的，民众能够填饱肚子都算不错了，哪儿有那么多闲情逸致向南方人那样研究吃的啊。  对于生活在海外的很多中国人来讲，吃，应该也算是最痛苦的事情了。除了洛杉矶那些遍地地道中餐的城市以及啃汉堡面包也能度日的亲。很多中国人到了国外，可能当地的语言没有学好，但是厨艺肯定突飞猛进了。还好我在国内时，厨艺还算过意得去，来夏威夷一切也就艰苦奋斗、自力更生了，唐人街能够买到酱油、醋、豆瓣酱及其它基本的香料和调料 ，除了花椒需要从成都带来夏威夷。之前夏威夷几乎难觅到好吃的中餐，多是菜做得都不咋正宗店面装修得破破烂烂的广东餐厅为主，这些餐厅都喜欢夹杂着卖点儿厨艺还不如我的川菜等其它菜系的菜，就不好好干自己的老本行，你说这东西能做的好吃吗。美国的很多所谓的中餐还是韩国人开的，有的炒菜的厨师还他妈的墨西哥人，而很多日本拉面店啥的都是中国人开的。  上前年的时候，夏威夷才开了一间环境及菜品都还不错的小肥羊火锅店，也终算是有了一间拿得出手可以给中国人长点儿脸的中餐厅了。虽然很多国内来的客人都说小肥羊在中国不好吃也都快开不下去，不过夏威夷的小肥羊生意却异常的好，基本上都需要排队。这是为何？因为现在夏威夷生活的中国人及来旅游的中国人真不少，但是拿得出手的中餐真是寥寥无几。以前都不敢带日本妹子吃Chinese Food，味道都是其吃，多数餐厅的环境太他妈吓人，怕给中国人丢脸。不管在国内还是国外，很多中餐厅给人的感觉就是脏乱破，都不知道经营者是咋想的，就舍不得把环境卫生弄好一点，再看看人家日本人韩国人的餐厅就要好很多，中餐油烟大不是理由。还有夏威夷有钱的中国人也真不少，也没见有人开间环境等方面好一些的超市，中国人开的破破烂烂的超市都在破破烂烂满街流浪汉的唐人街，而很多人是几乎不会涉足这片区域的。这就是中国人及其事物给外界的一面形象！  去年夏威夷是终于开了一间菜品味道及环境卫生都很好的川菜餐厅：滋味成都。该餐厅虽然面积不大，但是菜品还是比较丰富味道也非常的地道，实属难得。川菜在日本算是属于非常受欢迎的，不过做得都太他妈日式，带日本妹子吃滋味成都，她们都觉得是她们此生吃过的最好吃的Chinese Food。滋味成都在洛杉矶算是非常出名的，生意也非常的好。以前每吃去洛杉矶，一下了飞机就直接开车去店门口拍长队(⊙﹏⊙)逼，理解吃货的苦衷。所以滋味成都在夏威夷一开，我就几乎没有咋在家里做饭了。每个周都会造访几吃，除了自己对麻啦鲜香的需求外，更多的是带客人去改善伙食，O(∩_∩)O~ 以前遇到有的客人对我的要求是：每天玩儿都是其吃，每顿要求吃中餐! 以前还确实比较难办，不过现在这个问题已经解决，有的客人在夏威夷旅游几天，几乎每天都会到滋味成都吃饭。有的人可能会说，到国外就应该吃当地的食物，坚决不会吃中餐。其实也是可以理解的，像我这种虽然在国外生活了多年的人，到了像纽约洛杉矶费城等这些大城市，我做的第一件事情肯定也是找中餐厅，特别是川菜。老外的食物除了品种少外，很多东西真是第一口好吃第二口腻第三口就想吐了，对于可以天天顿顿啃面包度日的老外，吃一顿我们觉得特难吃的美式中餐他们都已经觉得够幸福了！所以很多人的心是美国心，胃永远是中国胃！
codedlang:60:04,Crowd-AI-Lab/CodedLang,60,妹纸,妹纸,妹纸,mei4 zhi3,妹子,妹子,mei4 zi,mei˥˩ ʈʂɻ̩˨˩˦,mei˥˩ ʈʂɻ̩˨˩˦,mei˥˩ tsɹ̩,mei˥˩ tsɹ̩,否,[],official_dictionary_casefold,非词汇同音词,"non_lexical_homophone, phonetic",mei4 zhi3,mei4 zi,mei̯˥˩ ʈʂɻ̩˧˩˧,mei̯˥˩ tsɹ̩,Best Chinese food in Hawaii！  对于中国人来讲，吃，应该是人生中最重要的事情了！大家见面都喜欢问：吃了吗？与吃相关的词汇更是数不胜数：吃豆腐、吃官司、吃不了兜着走、吃一堑长一智、吃里扒外...不过这些与真正的吃都没啥联系。现在中国大江南北、长城内外，各大菜系的餐厅应该都开得琳琅满目，街边小吃也数不胜数。不过从美食小吃的品种、数量、味道及受欢迎程度上来看，还是以发源于南方的美食小吃占主导，特别是来自巴蜀大地的。八大菜系里也只有鲁菜是发源于北方的。其实这也是有原因的，个人愚见：首先南方的物产肯定是比北方要丰富，其次北方历史上不是天灾就是人祸的，民众能够填饱肚子都算不错了，哪儿有那么多闲情逸致向南方人那样研究吃的啊。  对于生活在海外的很多中国人来讲，吃，应该也算是最痛苦的事情了。除了洛杉矶那些遍地地道中餐的城市以及啃汉堡面包也能度日的亲。很多中国人到了国外，可能当地的语言没有学好，但是厨艺肯定突飞猛进了。还好我在国内时，厨艺还算过意得去，来夏威夷一切也就艰苦奋斗、自力更生了，唐人街能够买到酱油、醋、豆瓣酱及其它基本的香料和调料 ，除了花椒需要从成都带来夏威夷。之前夏威夷几乎难觅到好吃的中餐，多是菜做得都不咋正宗店面装修得破破烂烂的广东餐厅为主，这些餐厅都喜欢夹杂着卖点儿厨艺还不如我的川菜等其它菜系的菜，就不好好干自己的老本行，你说这东西能做的好吃吗。美国的很多所谓的中餐还是韩国人开的，有的炒菜的厨师还tmd墨西哥人，而很多日本拉面店啥的都是中国人开的。  上前年的时候，夏威夷才开了一间环境及菜品都还不错的小肥羊火锅店，也终算是有了一间拿得出手可以给中国人长点儿脸的中餐厅了。虽然很多国内来的客人都说小肥羊在中国不好吃也都快开不下去，不过夏威夷的小肥羊生意却异常的好，基本上都需要排队。这是为何？因为现在夏威夷生活的中国人及来旅游的中国人真不少，但是拿得出手的中餐真是寥寥无几。以前都不敢带日本妹纸吃Chinese Food，味道都是其次，多数餐厅的环境太tm吓人，怕给中国人丢脸。不管在国内还是国外，很多中餐厅给人的感觉就是脏乱破，都不知道经营者是咋想的，就舍不得把环境卫生弄好一点，再看看人家日本人韩国人的餐厅就要好很多，中餐油烟大不是理由。还有夏威夷有钱的中国人也真不少，也没见有人开间环境等方面好一些的超市，中国人开的破破烂烂的超市都在破破烂烂满街流浪汉的唐人街，而很多人是几乎不会涉足这片区域的。这就是中国人及其事物给外界的一面形象！  去年夏威夷是终于开了一间菜品味道及环境卫生都很好的川菜餐厅：滋味成都。该餐厅虽然面积不大，但是菜品还是比较丰富味道也非常的地道，实属难得。川菜在日本算是属于非常受欢迎的，不过做得都太TM日式，带日本妹纸吃滋味成都，她们都觉得是她们此生吃过的最好吃的Chinese Food。滋味成都在洛杉矶算是非常出名的，生意也非常的好。以前每次去洛杉矶，一下了飞机就直接开车去店门口拍长队(⊙﹏⊙)b，理解吃货的苦衷。所以滋味成都在夏威夷一开，我就几乎没有咋在家里做饭了。每个周都会造访几次，除了自己对麻辣鲜香的需求外，更多的是带客人去改善伙食，O(∩_∩)O~ 以前遇到有的客人对我的要求是：每天玩儿都是其次，每顿要求吃中餐! 以前还确实比较难办，不过现在这个问题已经解决，有的客人在夏威夷旅游几天，几乎每天都会到滋味成都吃饭。有的人可能会说，到国外就应该吃当地的食物，坚决不会吃中餐。其实也是可以理解的，像我这种虽然在国外生活了多年的人，到了像纽约洛杉矶费城等这些大城市，我做的第一件事情肯定也是找中餐厅，特别是川菜。老外的食物除了品种少外，很多东西真是第一口好吃第二口腻第三口就想吐了，对于可以天天顿顿啃面包度日的老外，吃一顿我们觉得特难吃的美式中餐他们都已经觉得够幸福了！所以很多人的心是米国心，胃永远是中国胃！,Best Chinese food in Hawaii！  对于中国人来讲，吃，应该是人生中最重要的事情了！大家见面都喜欢问：吃了吗？与吃相关的词汇更是数不胜数：吃豆腐、吃官司、吃不了兜着走、吃一堑长一智、吃里扒外...不过这些与真正的吃都没啥联系。现在中国大江南北、长城内外，各大菜系的餐厅应该都开得琳琅满目，街边小吃也数不胜数。不过从美食小吃的品种、数量、味道及受欢迎程度上来看，还是以发源于南方的美食小吃占主导，特别是来自巴蜀大地的。八大菜系里也只有鲁菜是发源于北方的。其实这也是有原因的，个人愚见：首先南方的物产肯定是比北方要丰富，其吃北方历史上不是天灾就是人祸的，民众能够填饱肚子都算不错了，哪儿有那么多闲情逸致向南方人那样研究吃的啊。  对于生活在海外的很多中国人来讲，吃，应该也算是最痛苦的事情了。除了洛杉矶那些遍地地道中餐的城市以及啃汉堡面包也能度日的亲。很多中国人到了国外，可能当地的语言没有学好，但是厨艺肯定突飞猛进了。还好我在国内时，厨艺还算过意得去，来夏威夷一切也就艰苦奋斗、自力更生了，唐人街能够买到酱油、醋、豆瓣酱及其它基本的香料和调料 ，除了花椒需要从成都带来夏威夷。之前夏威夷几乎难觅到好吃的中餐，多是菜做得都不咋正宗店面装修得破破烂烂的广东餐厅为主，这些餐厅都喜欢夹杂着卖点儿厨艺还不如我的川菜等其它菜系的菜，就不好好干自己的老本行，你说这东西能做的好吃吗。美国的很多所谓的中餐还是韩国人开的，有的炒菜的厨师还他妈的墨西哥人，而很多日本拉面店啥的都是中国人开的。  上前年的时候，夏威夷才开了一间环境及菜品都还不错的小肥羊火锅店，也终算是有了一间拿得出手可以给中国人长点儿脸的中餐厅了。虽然很多国内来的客人都说小肥羊在中国不好吃也都快开不下去，不过夏威夷的小肥羊生意却异常的好，基本上都需要排队。这是为何？因为现在夏威夷生活的中国人及来旅游的中国人真不少，但是拿得出手的中餐真是寥寥无几。以前都不敢带日本妹子吃Chinese Food，味道都是其吃，多数餐厅的环境太他妈吓人，怕给中国人丢脸。不管在国内还是国外，很多中餐厅给人的感觉就是脏乱破，都不知道经营者是咋想的，就舍不得把环境卫生弄好一点，再看看人家日本人韩国人的餐厅就要好很多，中餐油烟大不是理由。还有夏威夷有钱的中国人也真不少，也没见有人开间环境等方面好一些的超市，中国人开的破破烂烂的超市都在破破烂烂满街流浪汉的唐人街，而很多人是几乎不会涉足这片区域的。这就是中国人及其事物给外界的一面形象！  去年夏威夷是终于开了一间菜品味道及环境卫生都很好的川菜餐厅：滋味成都。该餐厅虽然面积不大，但是菜品还是比较丰富味道也非常的地道，实属难得。川菜在日本算是属于非常受欢迎的，不过做得都太他妈日式，带日本妹子吃滋味成都，她们都觉得是她们此生吃过的最好吃的Chinese Food。滋味成都在洛杉矶算是非常出名的，生意也非常的好。以前每吃去洛杉矶，一下了飞机就直接开车去店门口拍长队(⊙﹏⊙)逼，理解吃货的苦衷。所以滋味成都在夏威夷一开，我就几乎没有咋在家里做饭了。每个周都会造访几吃，除了自己对麻啦鲜香的需求外，更多的是带客人去改善伙食，O(∩_∩)O~ 以前遇到有的客人对我的要求是：每天玩儿都是其吃，每顿要求吃中餐! 以前还确实比较难办，不过现在这个问题已经解决，有的客人在夏威夷旅游几天，几乎每天都会到滋味成都吃饭。有的人可能会说，到国外就应该吃当地的食物，坚决不会吃中餐。其实也是可以理解的，像我这种虽然在国外生活了多年的人，到了像纽约洛杉矶费城等这些大城市，我做的第一件事情肯定也是找中餐厅，特别是川菜。老外的食物除了品种少外，很多东西真是第一口好吃第二口腻第三口就想吐了，对于可以天天顿顿啃面包度日的老外，吃一顿我们觉得特难吃的美式中餐他们都已经觉得够幸福了！所以很多人的心是美国心，胃永远是中国胃！
codedlang:61:01,Crowd-AI-Lab/CodedLang,61,炒鸡,炒鸡,炒鸡,chao3 ji1,超级,超级,chao1 ji2,ʈʂʰɑʊ˨˩˦ tɕi˥,ʈʂʰɑʊ˨˩˦ tɕi˥,ʈʂʰɑʊ˥ tɕi˧˥,ʈʂʰɑʊ˥ tɕi˧˥,否,[],official_dictionary_casefold,歧义同音词,ambiguous_homophone,chao3 ji1,chao1 ji2,ʈʂʰau̯˧˩˧ tɕi˥,ʈʂʰau̯˥ tɕi˧˥,真的是炒鸡好吃呀！来了3天吃了3次。可以的哟。有个叫Masala Chai的饮料一定要喝，不喝这一辈子后悔哟。,真的是超级好吃呀！来了3天吃了3吃。可以的哟。有个叫Masala Chai的饮料一定要喝，不喝这一辈子后悔哟。
codedlang:62:01,Crowd-AI-Lab/CodedLang,62,涨姿势,涨姿势,涨姿势,zhang3 zi1 shi4,涨知识,涨知识,zhang3 zhi1 shi2,ʈʂɑŋ˨˩˦ tsɹ̩˥ ʂɻ̩˥˩,ʈʂɑŋ˨˩˦ tsɹ̩˥ ʂɻ̩˥˩,ʈʂɑŋ˨˩˦ ʈʂɻ̩˥ ʂɻ̩˧˥,ʈʂɑŋ˨˩˦ ʈʂɻ̩˥ ʂɻ̩˧˥,否,[],official_dictionary_casefold,非词汇同音词,non_lexical_homophone,zhang3 zi1 shi4,zhang3 zhi1 shi2,ʈʂa˧˩˧ŋ tsɹ̩˥ ʂɻ̩˥˩,ʈʂa˧˩˧ŋ ʈʂɻ̩˥ ʂɻ̩˧˥,"多乐种植园（Dole Plantation）位于欧胡岛中部的瓦希阿瓦（Wahiawa),算是前店后厂和农家乐的代表😄。我想很多人应该还是知道多乐（Dole）这家公司，它家出售的果汁、水果我们都应该比较熟悉。多乐（Dole）公司1851年成立于夏威夷，现在已经是世界上最大的、品质最好的新鲜水果、蔬菜的生产、销售跨国集团之一。菠萝在夏威夷的经济史有浓墨重彩的一笔，时至今日菠萝对夏威夷的经济还是有影响力。这里除了可以坐小火车进入种植园参观菠萝和其它农作物外，还有很大一间购物店，出售各种与菠萝相关的商品，琳琅满目。如果你不怕酸的话，店里的菠萝冰淇淋可以值得尝一下。旁边还有一个世界上最大的迷宫，有约2.5公里长，由14000多颗植物构成。购物店旁边也有一小片菠萝地，种植了五颜六色各种品种的菠萝供游客欣赏。还有别错过了池塘里的锦鲤和旁边漂亮的彩虹桉树。带孩子亲子游的千万不要错过了多乐种植园，我想小朋友们一定会喜欢这里的。大人也顺便涨涨姿势吧，菠萝可不是长在树上的。","多乐种植园（啲ole Plantation）位于欧胡岛中部的瓦希阿瓦（Wahiawa),算是前店后厂和农家乐的代表😄。我想很多人应该还是知道多乐（啲ole）这家公司，它家出售的果汁、水果我们都应该比较熟悉。多乐（啲ole）公司1不51年成立于夏威夷，现在已经是世界上最大的、品质最好的新鲜水果、蔬菜的生产、销售跨国集团之一。菠萝在夏威夷的经济史有浓墨重彩的一笔，时至今日菠萝对夏威夷的经济还是有影响力。这里除了可以坐小火车进入种植园参观菠萝和其它农作物外，还有很大一间购物店，出售各种与菠萝相关的商品，琳琅满目。如果你不怕酸的话，店里的菠萝冰淇淋可以值得尝一下。旁边还有一个世界上最大的迷宫，有约2.5公里长，由14000多颗植物构成。购物店旁边也有一小片菠萝地，种植了五颜六色各种品种的菠萝供游客欣赏。还有别错过了池塘里的锦鲤和旁边漂亮的彩虹桉树。带孩子亲子游的千万不要错过了多乐种植园，我想小朋友们一定会喜欢这里的。大人也顺便涨涨知识吧，菠萝可不是长在树上的。"
codedlang:63:01,Crowd-AI-Lab/CodedLang,63,盆友,盆友,盆友,pen2 you3,朋友,朋友,peng2 you3,pʰən˧˥ joʊ˨˩˦,pʰən˧˥ joʊ˨˩˦,pʰɤŋ˧˥ joʊ˨˩˦,pʰɤŋ˧˥ joʊ˨˩˦,否,[],official_dictionary_casefold,非词汇同音词,non_lexical_homophone,pen2 you3,peng2 you3,pʰə˧˥n jou̯˧˩˧,pʰə˧˥ŋ jou̯˧˩˧,不错 👍 等小盆友5岁了 可以带着来玩 很棒的体验 For those who are not the hotel guests - directions after parking your car in the parking lot 1. 找到酒店大堂 2. 走过高高的大楼梯 3. 左拐 走过人工瀑布 4. 继续往前 看见在游泳的海豚 5. 继续往前 走到大海边 看见2个石狮子  check in,不错 👍 等小朋友5岁了 可以带着来玩 很棒的体验 For those who are not the hotel guests - directions after parking your car in the parking lot 1. 找到酒店大堂 2. 走过高高的大楼梯 3. 左拐 走过人工瀑布 4. 继续往前 看见在游泳的海豚 5. 继续往前 走到大海边 看见2个石狮子  check in
codedlang:64:01,Crowd-AI-Lab/CodedLang,64,木有,木有,木有,mu4 you3,没有,没有,mei2 you3,mu˥˩ joʊ˨˩˦,mu˥˩ joʊ˨˩˦,mei˧˥ joʊ˨˩˦,mei˧˥ joʊ˨˩˦,否,[],official_dictionary_casefold,非词汇同音词,non_lexical_homophone,mu4 you3,mei2 you3,mu˥˩ jou̯˧˩˧,mei̯˧˥ jou̯˧˩˧,吃完擦擦手抹抹嘴，我来汇报啦。Bubba Gump Shrimp 阿甘虾餐厅，第一次听说是在“晓松说”，第一次长草是在做攻略的时候，算得上是慕名而去。环境那是没话说，墙上的装饰、菜单上经典台词和乒乓板式样的酒单，分分钟钟让你回忆起经典电影《阿甘正传》Forrest Gump 。再说说服务员，都是年轻的美女帅哥，为我们服务的高大帅哥非常帅气和有趣，还帮我们安排在最好的靠窗位置。最后也是最重要的当然是食物——5夏威夷沙拉，桃子草莓鸡肉的组合再加上各种坚果和蔬菜，相当可口清爽。6虾的天堂，用薯条做底➕各种不同的炸虾，配三种口味的酱料，最好吃的外面有椰丝的那种。7手抓蒜味虾，应该是店里的照片，越吃越好吃，根本停不下来（曲调请自行脑补[呲牙]）清蒸螃蟹和各种贝类，一个字鲜，不仅里面的内容全部吃完，而且配着饭就着面包把桶底的汤汁也全部吃掉了[偷笑][偷笑]都说美国木有好吃的，我们咋就不觉得呢[憨笑][憨笑][憨笑],吃完擦擦手抹抹嘴，我来汇报啦。Bu逼逼a Gump Shrimp 阿甘虾餐厅，第一吃听说是在“晓松说”，第一吃长草是在做攻略的时候，算得上是慕名而去。环境那是没话说，墙上的装饰、菜单上经典台词和乒乓板式样的酒单，分分钟钟让你回忆起经典电影《阿甘正传》Forrest Gump 。再说说服务员，都是年轻的美女帅哥，为我们服务的高大帅哥非常帅气和有趣，还帮我们安排在最好的靠窗位置。最后也是最重要的当然是食物——5夏威夷沙拉，桃子草莓鸡肉的组合再加上各种坚果和蔬菜，相当可口清爽。厉害虾的天堂，用薯条做底➕各种不同的炸虾，配三种口味的酱料，最好吃的外面有椰丝的那种。7手抓蒜味虾，应该是店里的照片，越吃越好吃，根本停不下来（曲调请自行脑补[呲牙]）清蒸螃蟹和各种贝类，一个字鲜，不仅里面的内容全部吃完，而且配着饭就着面包把桶底的汤汁也全部吃掉了[偷笑][偷笑]都说美国没有好吃的，我们咋就不觉得呢[憨笑][憨笑][憨笑]
codedlang:65:01,Crowd-AI-Lab/CodedLang,65,特么,特么,特么,te4 me,他妈,他妈,ta1 ma1,tʰɤ˥˩ mɤ,tʰɤ˥˩ mɤ,tʰa˥ ma˥,tʰa˥ ma˥,否,[],official_dictionary_casefold,非词汇同音词,non_lexical_homophone,te4 me,ta1 ma1,tʰɤ˥˩ mɤ,tʰa˥ ma˥,服务奇差，怎么喊店员他都在那玩手机，直到我发怒他才一脸不情愿慢慢悠悠过来点菜……这中餐馆的老板和店员特么不会中文你能信？果然这菜……也不能说难吃吧，就是很不正宗，怪怪的，气味刺鼻，感觉像是忽悠外国人的店子，总之强烈建议大家不要来送钱！而且价格也不便宜！比歪鸡鸡海滩那家麒麟没得便宜，同样的价格我为啥要在这种垃圾店面吃？,服务奇差，怎么喊店员他都在那玩手机，直到我发怒他才一脸不情愿慢慢悠悠过来点菜……这中餐馆的老板和店员他妈不会中文你能信？果然这菜……也不能说难吃吧，就是很不正宗，怪怪的，气味刺鼻，感觉像是忽悠外国人的店子，总之强烈建议大家不要来送钱！而且价格也不便宜！比歪鸡鸡海滩那家麒麟没得便宜，同样的价格我为啥要在这种垃圾店面吃？
codedlang:66:01,Crowd-AI-Lab/CodedLang,66,盆友,盆友,盆友,pen2 you3,朋友,朋友,peng2 you3,pʰən˧˥ joʊ˨˩˦,pʰən˧˥ joʊ˨˩˦,pʰɤŋ˧˥ joʊ˨˩˦,pʰɤŋ˧˥ joʊ˨˩˦,否,[],official_dictionary_casefold,非词汇同音词,non_lexical_homophone,pen2 you3,peng2 you3,pʰə˧˥n jou̯˧˩˧,pʰə˧˥ŋ jou̯˧˩˧,See sea turtles here but not the other park with turtles in the park name. 這也是一個被海膽 sea urchins 占领的地方 也有海参 sea cucumbers 还有寄居蟹 和 小鱼 适合带小盆友来感受大自然的魅力,See sea turtles here 逼ut not the other park with turtles in the park name. 這也是一個被海膽 sea urchins 占领的地方 也有海参 sea cucum逼ers 还有寄居蟹 和 小鱼 适合带小朋友来感受大自然的魅力
codedlang:67:01,Crowd-AI-Lab/CodedLang,67,涨姿势,涨姿势,涨姿势,zhang3 zi1 shi4,涨知识,涨知识,zhang3 zhi1 shi2,ʈʂɑŋ˨˩˦ tsɹ̩˥ ʂɻ̩˥˩,ʈʂɑŋ˨˩˦ tsɹ̩˥ ʂɻ̩˥˩,ʈʂɑŋ˨˩˦ ʈʂɻ̩˥ ʂɻ̩˧˥,ʈʂɑŋ˨˩˦ ʈʂɻ̩˥ ʂɻ̩˧˥,否,[],official_dictionary_casefold,非词汇同音词,non_lexical_homophone,zhang3 zi1 shi4,zhang3 zhi1 shi2,ʈʂa˧˩˧ŋ tsɹ̩˥ ʂɻ̩˥˩,ʈʂa˧˩˧ŋ ʈʂɻ̩˥ ʂɻ̩˧˥,威基基水族馆就在威基基海边 目前是夏威夷大学的产业 同时也是全美国历史第二悠久的对公众开放的水族馆 离威基基区域的大部分酒店都不是太远 可沿着海滩或者Kalakua Ave散步至此 适合带小朋友来玩儿 大人也可以认识到不少海洋生物 涨涨姿势 如果想要更深入的了解那些海洋生物 现场可以租一个中文语音导览器  3岁及以下儿童免费 4到12岁儿童（必须有成人陪同）$5/人  13到64岁的成人$12/人 65岁以上的老年人或残疾人士$5/人 夏威夷州13到64岁的居民$8/人 可以提前在其官网预定门票 也可以到现场使用现金或银行卡购票 水族馆还提供免费的WIFI 禁止吸烟及携带宠物 by Youli Zhao,威基基水族馆就在威基基海边 目前是夏威夷大学的产业 同时也是全美国历史第二悠久的对公众开放的水族馆 离威基基区域的大部分酒店都不是太远 可沿着海滩或者Kalakua Ave散步至此 适合带小朋友来玩儿 大人也可以认识到不少海洋生物 涨涨知识 如果想要更深入的了解那些海洋生物 现场可以租一个中文语音导览器  3岁及以下儿童免费 4到12岁儿童（必须有成人陪同）$5/人  13到厉害4岁的成人$12/人 厉害5岁以上的老年人或残疾人士$5/人 夏威夷州13到厉害4岁的居民$不/人 可以提前在其官网预定门票 也可以到现场使用现金或银行卡购票 水族馆还提供免费的WIFI 禁止吸烟及携带宠物 逼y Youli Zhao
codedlang:68:01,Crowd-AI-Lab/CodedLang,68,特么,特么,特么,te4 me,他妈,他妈,ta1 ma1,tʰɤ˥˩ mɤ,tʰɤ˥˩ mɤ,tʰa˥ ma˥,tʰa˥ ma˥,否,[],official_dictionary_casefold,非词汇同音词,non_lexical_homophone,te4 me,ta1 ma1,tʰɤ˥˩ mɤ,tʰa˥ ma˥,最多两星，没法更多了。下面的一大串好评全特么估计是刷的。完全不值这个票价，完全不值自己开半小时车到这个角落里来......  0，从进园开始到出来基本上没有任何值得拍的。海滩什么的夏威夷有比这好看得多的海滩。  1，人很多，到处都是人，似乎有很多旅游团来的人，什么活动都要排队。买个酒要排队，弄个什么小活动要排队...... 2，演出很乏味，基本上就是一个人讲讲段子表演个什么徒手掰椰子，一个人爬个树洒洒花，几个汉子跳个舞，几个妹子跳个舞，几个汉子和妹子跳个舞。again，人太多，要么呢围着看表演都被挡着要么呢坐在一个大的看台上看...整个演出没有任何突出的地方。最后居然还可以演示一下晚饭......无力吐槽 3，说到晚饭，难吃！我厂食堂都比这高个一百倍。晚饭没有任何夏威夷风味，随便找个日料buffet 或者中餐buffet要比这个高上一百倍，一点诚意都没有，唯一和夏威夷有关的就是最后的菠萝了， 4，大部分人买的票是基础的（在这个上面还有两个档次，可以理解为屌丝版，加强版和土豪版）似乎加强版和屌丝版是一样的自助餐，就是加强版可以先去排队打饭。。。。屌丝版就坐在那里等着哦！ 5，五点进入园区以后，七点开饭以前，没有任何食物，只有一点水，你可以花钱买酒或者饮料 。,最多两星，没法更多了。下面的一大串好评全他妈估计是刷的。完全不值这个票价，完全不值自己开半小时车到这个角落里来......  0，从进园开始到出来基本上没有任何值得拍的。海滩什么的夏威夷有比这好看得多的海滩。  1，人很多，到处都是人，似乎有很多旅游团来的人，什么活动都要排队。买个酒要排队，弄个什么小活动要排队...... 2，演出很乏味，基本上就是一个人讲讲段子表演个什么徒手掰椰子，一个人爬个树洒洒花，几个汉子跳个舞，几个妹子跳个舞，几个汉子和妹子跳个舞。again，人太多，要么呢围着看表演都被挡着要么呢坐在一个大的看台上看...整个演出没有任何突出的地方。最后居然还可以演示一下晚饭......无力吐槽 3，说到晚饭，难吃！我厂食堂都比这高个一百倍。晚饭没有任何夏威夷风味，随便找个日料逼uffet 或者中餐逼uffet要比这个高上一百倍，一点诚意都没有，唯一和夏威夷有关的就是最后的菠萝了， 4，大部分人买的票是基础的（在这个上面还有两个档吃，可以理解为屌丝版，加强版和土豪版）似乎加强版和屌丝版是一样的自助餐，就是加强版可以先去排队打饭。。。。屌丝版就坐在那里等着哦！ 5，五点进入园区以后，七点开饭以前，没有任何食物，只有一点水，你可以花钱买酒或者饮料 。
codedlang:69:01,Crowd-AI-Lab/CodedLang,69,尼玛,尼玛,尼玛,ni2 ma3,你妈,你妈,ni3 ma1,ni˧˥ ma˨˩˦,ni˧˥ ma˨˩˦,ni˨˩˦ ma˥,ni˨˩˦ ma˥,否,[],official_dictionary_casefold,非词汇同音词,non_lexical_homophone,ni2 ma3,ni3 ma1,ni˧˥ ma˧˩˧,ni˧˩˧ ma˥,真尼玛了个逼慢 FK,真你妈了个逼慢 FK
codedlang:70:01,Crowd-AI-Lab/CodedLang,70,歪果仁,歪果仁,歪果仁,wai1 guo3 ren2,外国人,外国人,wai4 guo2 ren2,wai˥ kuɔ˨˩˦ ɻən˧˥,wai˥ kuɔ˨˩˦ ɻən˧˥,wai˥˩ kuɔ˧˥ ɻən˧˥,wai˥˩ kuɔ˧˥ ɻən˧˥,否,[],official_dictionary_casefold,非词汇同音词,non_lexical_homophone,wai1 guo3 ren2,wai4 guo2 ren2,wai̯˥ kwo˧˩˧ ɻə˧˥n,wai̯˥˩ kwo˧˥ ɻə˧˥n,歪果仁就是看不懂这里是成都小吃哈哈哈哈哈哈哈,外国人就是看不懂这里是成都小吃哈哈哈哈哈哈哈
codedlang:71:01,Crowd-AI-Lab/CodedLang,71,辣鸡,辣鸡,辣鸡,la4 ji1,垃圾,垃圾,la1 ji1,la˥˩ tɕi˥,la˥˩ tɕi˥,la˥ tɕi˥,la˥ tɕi˥,否,[],official_dictionary_casefold,歧义同音词,ambiguous_homophone,la4 ji1,la1 ji1,la˥˩ tɕi˥,la˥ tɕi˥,辣鸡 这是人住的吗,垃圾 这是人住的吗
codedlang:72:01,Crowd-AI-Lab/CodedLang,72,开森,开森,开森,kai1 sen1,开心,开心,kai1 xin1,kʰai˥ sən˥,kʰai˥ sən˥,kʰai˥ ɕin˥,kʰai˥ ɕin˥,否,[],official_dictionary_casefold,非词汇同音词,non_lexical_homophone,kai1 sen1,kai1 xin1,kʰai̯˥ sə˥n,kʰai̯˥ ɕi˥n,开森,开心
codedlang:73:01,Crowd-AI-Lab/CodedLang,73,墙裂,墙裂,墙裂,qiang2 lie4,强烈,强烈,qiang2 lie4,tɕʰiɑŋ˧˥ liɛ˥˩,tɕʰiɑŋ˧˥ liɛ˥˩,tɕʰiɑŋ˧˥ liɛ˥˩,tɕʰiɑŋ˧˥ liɛ˥˩,否,[],official_dictionary_casefold,歧义同音词,ambiguous_homophone,qiang2 lie4,qiang2 lie4,tɕʰja˧˥ŋ lje˥˩,tɕʰja˧˥ŋ lje˥˩,两年没吃这么好的中餐了 墙裂推荐 本人口味较重非常喜欢这家的调味. 没想到静水城也有这么好的餐厅！惊喜～The sesame chicken is particularly delicious 😋,两年没吃这么好的中餐了 强烈推荐 本人口味较重非常喜欢这家的调味. 没想到静水城也有这么好的餐厅！惊喜～The sesame chicken is particularly delicious 😋
codedlang:74:01,Crowd-AI-Lab/CodedLang,74,针不戳,针不戳,针不戳,zhen1 bu4 chuo1,真不错,真不错,zhen1 bu4 cuo4,ʈʂən˥ pu˥˩ ʈʂʰuɔ˥,ʈʂən˥ pu˥˩ ʈʂʰuɔ˥,ʈʂən˥ pu˥˩ tsʰuɔ˥˩,ʈʂən˥ pu˥˩ tsʰuɔ˥˩,否,[],official_dictionary_casefold,非词汇同音词,non_lexical_homophone,zhen1 bu4 chuo1,zhen1 bu4 cuo4,ʈʂə˥n pu˥˩ ʈʂʰwo˥,ʈʂə˥n pu˥˩ tsʰwo˥˩,针不戳,真不错
codedlang:75:01,Crowd-AI-Lab/CodedLang,75,知本家,知本家,知本家,zhi1 ben3 jia1,资本家,资本家,zi1 ben3 jia1,ʈʂɻ̩˥ pən˨˩˦ tɕia˥,ʈʂɻ̩˥ pən˨˩˦ tɕia˥,tsɹ̩˥ pən˨˩˦ tɕia˥,tsɹ̩˥ pən˨˩˦ tɕia˥,否,[],official_dictionary_casefold,非词汇同音词,non_lexical_homophone,zhi1 ben3 jia1,zi1 ben3 jia1,ʈʂɻ̩˥ pə˧˩˧n tɕja˥,tsɹ̩˥ pə˧˩˧n tɕja˥,牛逼 fuyao 让美国老看到什么是真正的知本家.,牛逼 fuyao 让美国老看到什么是真正的资本家.
codedlang:76:01,Crowd-AI-Lab/CodedLang,76,特么,特么,特么,te4 me,他妈,他妈,ta1 ma1,tʰɤ˥˩ mɤ,tʰɤ˥˩ mɤ,tʰa˥ ma˥,tʰa˥ ma˥,否,[],official_dictionary_casefold,非词汇同音词,non_lexical_homophone,te4 me,ta1 ma1,tʰɤ˥˩ mɤ,tʰa˥ ma˥,哥伦布目前比较正常的中餐馆了。但特么里面搞那么黑干嘛,哥伦布目前比较正常的中餐馆了。但他妈里面搞那么黑干嘛
codedlang:77:01,Crowd-AI-Lab/CodedLang,77,敲击,敲击,敲击,qiao1 ji1,超级,超级,chao1 ji2,tɕʰiɑʊ˥ tɕi˥,tɕʰiɑʊ˥ tɕi˥,ʈʂʰɑʊ˥ tɕi˧˥,ʈʂʰɑʊ˥ tɕi˧˥,否,[],official_dictionary_casefold,歧义同音词,ambiguous_homophone,qiao1 ji1,chao1 ji2,tɕʰjau̯˥ tɕi˥,ʈʂʰau̯˥ tɕi˧˥,很温馨的小店，味道不错而且价格很便宜～～ 敲击亲民 ：） 好可惜快走了才发现～,很温馨的小店，味道不错而且价格很便宜～～ 超级亲民 ：） 好可惜快走了才发现～
codedlang:78:01,Crowd-AI-Lab/CodedLang,78,辣鸡,辣鸡,辣鸡,la4 ji1,垃圾,垃圾,la1 ji1,la˥˩ tɕi˥,la˥˩ tɕi˥,la˥ tɕi˥,la˥ tɕi˥,否,[],official_dictionary_casefold,歧义同音词,ambiguous_homophone,la4 ji1,la1 ji1,la˥˩ tɕi˥,la˥ tɕi˥,辣鸡 克扣 坑中国人,垃圾 克扣 坑中国人
codedlang:79:01,Crowd-AI-Lab/CodedLang,79,男票,男票,男票,nan2 piao4,男朋友,男朋友,nan2 peng2 you3,nan˧˥ pʰiɑʊ˥˩,nan˧˥ pʰiɑʊ˥˩,nan˧˥ pʰɤŋ˧˥ joʊ˨˩˦,nan˧˥ pʰɤŋ˧˥ joʊ˨˩˦,否,[],official_dictionary_casefold,非词汇同音词,non_lexical_homophone,nan2 piao4,nan2 peng2 you3,na˧˥n pʰjau̯˥˩,na˧˥n pʰə˧˥ŋ jou̯˧˩˧,我男票在他家买的炒饭，买了5次，大概有4次饭是生的。为啥坚持买了5次是因为离得近。给了5次机会。后来吃瓜发现老板娘mandylin和员工ak这么牛逼，厉害厉害，社会社会，祝可可grill早日倒闭哈哈哈哈哈，再你妈的见,我男朋友在他家买的炒饭，买了5吃，大概有4吃饭是生的。为啥坚持买了5吃是因为离得近。给了5吃机会。后来吃瓜发现老板娘mandylin和员工ak这么牛逼，厉害厉害，社会社会，祝可可grill早日倒闭哈哈哈哈哈，再你妈的见
codedlang:80:01,Crowd-AI-Lab/CodedLang,80,盆友,盆友,盆友,pen2 you3,朋友,朋友,peng2 you3,pʰən˧˥ joʊ˨˩˦,pʰən˧˥ joʊ˨˩˦,pʰɤŋ˧˥ joʊ˨˩˦,pʰɤŋ˧˥ joʊ˨˩˦,否,[],official_dictionary_casefold,非词汇同音词,non_lexical_homophone,pen2 you3,peng2 you3,pʰə˧˥n jou̯˧˩˧,pʰə˧˥ŋ jou̯˧˩˧,还是写中文吧～帮我和盆友做奶茶的小哥哥人很nice 推荐的奶茶黑糯米（不确定是不是这么叫的）和草莓皇后都很好喝 不腻～以后会想去尝试别的(* ॑꒳ ॑* )⋆,还是写中文吧～帮我和朋友做奶茶的小哥哥人很nice 推荐的奶茶黑糯米（不确定是不是这么叫的）和草莓皇后都很好喝 不腻～以后会想去尝试别的(* ॑꒳ ॑* )⋆
codedlang:81:01,Crowd-AI-Lab/CodedLang,81,敲击,敲击,敲击,qiao1 ji1,超级,超级,chao1 ji2,tɕʰiɑʊ˥ tɕi˥,tɕʰiɑʊ˥ tɕi˥,ʈʂʰɑʊ˥ tɕi˧˥,ʈʂʰɑʊ˥ tɕi˧˥,否,[],official_dictionary_casefold,歧义同音词,ambiguous_homophone,qiao1 ji1,chao1 ji2,tɕʰjau̯˥ tɕi˥,ʈʂʰau̯˥ tɕi˧˥,My Favorite breakfast in US!!!! Sooooooo goood!!!!!! 敲击喜欢！,My Favorite 逼reakfast in US!!!! Sooooooo goood!!!!!! 超级喜欢！
codedlang:82:01,Crowd-AI-Lab/CodedLang,82,墨迹,墨迹,墨迹,mo4 ji4,磨叽,磨叽,mo2 ji1,muɔ˥˩ tɕi˥˩,muɔ˥˩ tɕi˥˩,muɔ˧˥ tɕi˥,muɔ˧˥ tɕi˥,否,[],official_dictionary_casefold,歧义同音词,ambiguous_homophone,mo4 ji4,mo2 ji1,mwo˥˩ tɕi˥˩,mwo˧˥ tɕi˥,卸货快、给卸货给卸货单太墨迹了.等2小时,卸货快、给卸货给卸货单太磨叽了.等2小时
codedlang:84:01,Crowd-AI-Lab/CodedLang,84,墙裂,墙裂,墙裂,qiang2 lie4,强烈,强烈,qiang2 lie4,tɕʰiɑŋ˧˥ liɛ˥˩,tɕʰiɑŋ˧˥ liɛ˥˩,tɕʰiɑŋ˧˥ liɛ˥˩,tɕʰiɑŋ˧˥ liɛ˥˩,否,[],official_dictionary_casefold,歧义同音词,ambiguous_homophone,qiang2 lie4,qiang2 lie4,tɕʰja˧˥ŋ lje˥˩,tɕʰja˧˥ŋ lje˥˩,超好的电子维修店！老板是一个热情小哥，维修又快又好，而且价格直逼国内淘宝价😏在这里修了苹果笔记本，老板直接从苹果公司订的正品配件哦～墙裂推荐！！！😄😄 ps: 店内还有手机壳和苹果充电线卖哩！,超好的电子维修店！老板是一个热情小哥，维修又快又好，而且价格直逼国内淘宝价😏在这里修了苹果笔记本，老板直接从苹果公司订的正品配件哦～强烈推荐！！！😄😄 ps: 店内还有手机壳和苹果充电线卖哩！
codedlang:85:01,Crowd-AI-Lab/CodedLang,85,特么,特么,特么,te4 me,他妈,他妈,ta1 ma1,tʰɤ˥˩ mɤ,tʰɤ˥˩ mɤ,tʰa˥ ma˥,tʰa˥ ma˥,否,[],official_dictionary_casefold,非词汇同音词,non_lexical_homophone,te4 me,ta1 ma1,tʰɤ˥˩ mɤ,tʰa˥ ma˥,十点钟的预约，九点钟到的，等装货等了俩个小时，十二点多开始装货，搞了一个半小时装好货，又在等电话拿货单，这工作效率真是特么的低的不行,十点钟的预约，九点钟到的，等装货等了俩个小时，十二点多开始装货，搞了一个半小时装好货，又在等电话拿货单，这工作效率真是他妈的低的不行
codedlang:86:01,Crowd-AI-Lab/CodedLang,86,特么,特么,特么,te4 me,他妈,他妈,ta1 ma1,tʰɤ˥˩ mɤ,tʰɤ˥˩ mɤ,tʰa˥ ma˥,tʰa˥ ma˥,否,[],official_dictionary_casefold,非词汇同音词,non_lexical_homophone,te4 me,ta1 ma1,tʰɤ˥˩ mɤ,tʰa˥ ma˥,我靠！！！就特么这种菜还特么强制消费？？？？？下次再来这家店我特么真是吃翔！！！！！！！🤬🤬🤬,我靠！！！就他妈这种菜还他妈强制消费？？？？？下吃再来这家店我他妈真是吃翔！！！！！！！🤬🤬🤬
codedlang:87:01,Crowd-AI-Lab/CodedLang,87,阔以,阔以,阔以,kuo4 yi3,可以,可以,ke3 yi3,kʰuɔ˥˩ i˨˩˦,kʰuɔ˥˩ i˨˩˦,kʰɤ˨˩˦ i˨˩˦,kʰɤ˨˩˦ i˨˩˦,否,[],official_dictionary_casefold,非词汇同音词,non_lexical_homophone,kuo4 yi3,ke3 yi3,kʰwo˥˩ i˧˩˧,kʰɤ˧˩˧ i˧˩˧,感觉生活又阔以了...在nj也能吃鲜芋仙了！,感觉生活又可以了...在nj也能吃鲜芋仙了！
codedlang:88:01,Crowd-AI-Lab/CodedLang,88,特么,特么,特么,te4 me,他妈,他妈,ta1 ma1,tʰɤ˥˩ mɤ,tʰɤ˥˩ mɤ,tʰa˥ ma˥,tʰa˥ ma˥,否,[],official_dictionary_casefold,非词汇同音词,non_lexical_homophone,te4 me,ta1 ma1,tʰɤ˥˩ mɤ,tʰa˥ ma˥,巨特么舒服啊,巨他妈舒服啊
codedlang:89:01,Crowd-AI-Lab/CodedLang,89,炒鸡,炒鸡,炒鸡,chao3 ji1,超级,超级,chao1 ji2,ʈʂʰɑʊ˨˩˦ tɕi˥,ʈʂʰɑʊ˨˩˦ tɕi˥,ʈʂʰɑʊ˥ tɕi˧˥,ʈʂʰɑʊ˥ tɕi˧˥,否,[],official_dictionary_casefold,歧义同音词,ambiguous_homophone,chao3 ji1,chao1 ji2,ʈʂʰau̯˧˩˧ tɕi˥,ʈʂʰau̯˥ tɕi˧˥,终于开到nj啦😭 炒鸡推荐，底料味道特别香。推荐他们家 鸭血 麻辣牛肉和乡村滑肉，每次去必点❤️,终于开到nj啦😭 超级推荐，底料味道特别香。推荐他们家 鸭血 麻啦牛肉和乡村滑肉，每吃去必点❤️
codedlang:90:01,Crowd-AI-Lab/CodedLang,90,卧槽,卧槽,卧槽,wo4 cao2,我操,我操,wo3 cao1,wɔ˥˩ tsʰɑʊ˧˥,wɔ˥˩ tsʰɑʊ˧˥,wɔ˨˩˦ tsʰɑʊ˥,wɔ˨˩˦ tsʰɑʊ˥,否,[],official_dictionary_casefold,非词汇同音词,ambiguous_homophone,wo4 cao2,wo3 cao1,wo˥˩ tsʰau̯˧˥,wo˧˩˧ tsʰau̯˥,订过几次外卖，三个菜只给一份餐具。我去餐厅吃饭还提醒过他们记得给齐餐具。结果，今天我帮同事订餐，送过来依旧只有一个餐具，更有意思的是还少个菜，而且没有配米饭。 跟店里打电话，一个东北大妈接的，跟我说我没点这菜。？？？说要再确认一下订单。ok，fine。等了五分钟，没信儿了。我打过去，跟我说确实点了，她没看见。哈哈哈，有意思。跟我说一会儿叫快递员送，ok，fine。一会儿来电话说联系不上快递员，让我下次去店里补上。我帮同事订的，我跟他这么说他能同意？我说不行，她说那就让老板一会儿送过来。OK，fine。最有意思的来了，二十分钟后来电话，说老板出门买锅去了，没法给我送😂😂😂我服了卧槽。 整个要餐过程一波三折，不断给我惊喜。感觉他们是在过家家，不是在做生意，哈哈哈。各位看官看完吸取教训😂,订过几吃外卖，三个菜只给一份餐具。我去餐厅吃饭还提醒过他们记得给齐餐具。结果，今天我帮同事订餐，送过来依旧只有一个餐具，更有意思的是还少个菜，而且没有配米饭。 跟店里打电话，一个东北大妈接的，跟我说我没点这菜。？？？说要再确认一下订单。ok，fine。等了五分钟，没信儿了。我打过去，跟我说确实点了，她没看见。哈哈哈，有意思。跟我说一会儿叫快递员送，ok，fine。一会儿来电话说联系不上快递员，让我下吃去店里补上。我帮同事订的，我跟他这么说他能同意？我说不行，她说那就让老板一会儿送过来。OK，fine。最有意思的来了，二十分钟后来电话，说老板出门买锅去了，没法给我送😂😂😂我服了我操。 整个要餐过程一波三折，不断给我惊喜。感觉他们是在过家家，不是在做生意，哈哈哈。各位看官看完吸取教训😂
codedlang:91:01,Crowd-AI-Lab/CodedLang,91,辣鸡,辣鸡,辣鸡,la4 ji1,垃圾,垃圾,la1 ji1,la˥˩ tɕi˥,la˥˩ tɕi˥,la˥ tɕi˥,la˥ tɕi˥,否,[],official_dictionary_casefold,歧义同音词,ambiguous_homophone,la4 ji1,la1 ji1,la˥˩ tɕi˥,la˥ tɕi˥,辣鸡的要死。超烂的服务。,垃圾的要死。超烂的服务。
codedlang:92:01,Crowd-AI-Lab/CodedLang,92,特么,特么,特么,te4 me,他妈,他妈,ta1 ma1,tʰɤ˥˩ mɤ,tʰɤ˥˩ mɤ,tʰa˥ ma˥,tʰa˥ ma˥,否,[],official_dictionary_casefold,非词汇同音词,non_lexical_homophone,te4 me,ta1 ma1,tʰɤ˥˩ mɤ,tʰa˥ ma˥,特么逼 每年都在涨 过桥费,他妈逼 每年都在涨 过桥费
codedlang:93:01,Crowd-AI-Lab/CodedLang,93,墙裂,墙裂,墙裂,qiang2 lie4,强烈,强烈,qiang2 lie4,tɕʰiɑŋ˧˥ liɛ˥˩,tɕʰiɑŋ˧˥ liɛ˥˩,tɕʰiɑŋ˧˥ liɛ˥˩,tɕʰiɑŋ˧˥ liɛ˥˩,否,[],official_dictionary_casefold,歧义同音词,ambiguous_homophone,qiang2 lie4,qiang2 lie4,tɕʰja˧˥ŋ lje˥˩,tɕʰja˧˥ŋ lje˥˩,一家味道超级正宗的烤鱼店，墙裂推荐！一直以为只有回国才可以吃到这样的味道，没想到在Edison得以实现！,一家味道超级正宗的烤鱼店，强烈推荐！一直以为只有回国才可以吃到这样的味道，没想到在Edison得以实现！
codedlang:94:01,Crowd-AI-Lab/CodedLang,94,针不戳,针不戳,针不戳,zhen1 bu4 chuo1,真不错,真不错,zhen1 bu4 cuo4,ʈʂən˥ pu˥˩ ʈʂʰuɔ˥,ʈʂən˥ pu˥˩ ʈʂʰuɔ˥,ʈʂən˥ pu˥˩ tsʰuɔ˥˩,ʈʂən˥ pu˥˩ tsʰuɔ˥˩,否,[],official_dictionary_casefold,非词汇同音词,non_lexical_homophone,zhen1 bu4 chuo1,zhen1 bu4 cuo4,ʈʂə˥n pu˥˩ ʈʂʰwo˥,ʈʂə˥n pu˥˩ tsʰwo˥˩,芝麻鸡真的超好吃，虽然是美式中餐，但是真的请尝尝看，地三鲜堂吃也非常好吃，之前点外卖的口感有点软软的，但是堂吃针不戳。水煮活鱼和北京鸭可以给6颗星。店面重新装修了，比以前高端很多，晚上去还挺漂亮。看到一些别的评论说服务不好，餐也不好吃，个人觉得并没有，之前有一次点外卖少了菜，打电话过去，店长亲自给我补送过来还很诚恳的道歉，菜的味道有可能跟个人口味有关，但是我真的还挺喜欢，希望你们越做越好😃😃（个人觉得好吃的菜还有冒菜，小米椒爱上小公鸡）,芝麻鸡真的超好吃，虽然是美式中餐，但是真的请尝尝看，地三鲜堂吃也非常好吃，之前点外卖的口感有点软软的，但是堂吃真不错。水煮活鱼和北京鸭可以给厉害颗星。店面重新装修了，比以前高端很多，晚上去还挺漂亮。看到一些别的评论说服务不好，餐也不好吃，个人觉得并没有，之前有一吃点外卖少了菜，打电话过去，店长亲自给我补送过来还很诚恳的道歉，菜的味道有可能跟个人口味有关，但是我真的还挺喜欢，希望你们越做越好😃😃（个人觉得好吃的菜还有冒菜，小米椒爱上小公鸡）
codedlang:95:01,Crowd-AI-Lab/CodedLang,95,尼玛,尼玛,尼玛,ni2 ma3,你妈,你妈,ni3 ma1,ni˧˥ ma˨˩˦,ni˧˥ ma˨˩˦,ni˨˩˦ ma˥,ni˨˩˦ ma˥,否,[],official_dictionary_casefold,非词汇同音词,non_lexical_homophone,ni2 ma3,ni3 ma1,ni˧˥ ma˧˩˧,ni˧˩˧ ma˥,操尼玛逼，孙子,操你妈逼，孙子
codedlang:96:01,Crowd-AI-Lab/CodedLang,96,墙裂,墙裂,墙裂,qiang2 lie4,强烈,强烈,qiang2 lie4,tɕʰiɑŋ˧˥ liɛ˥˩,tɕʰiɑŋ˧˥ liɛ˥˩,tɕʰiɑŋ˧˥ liɛ˥˩,tɕʰiɑŋ˧˥ liɛ˥˩,否,[],official_dictionary_casefold,歧义同音词,ambiguous_homophone,qiang2 lie4,qiang2 lie4,tɕʰja˧˥ŋ lje˥˩,tɕʰja˧˥ŋ lje˥˩,蘸料量极少，和图片不符，仅第一份免费，之后额外收费。肉量极少，也和图片不符，套餐绝对不值，单点更是华而不实。菜单和上菜的量乍一看就是缺斤少两的呷哺呷哺火锅。作为一个妹子，我只能够说我加点了四盘肉。。。加在一起也不及小肥羊或者香天下的小份肉的肉量。店面小。我反复强调要加的菜，加了后又确认了两次是否准备了，结果到我结账时都没有上，一句不好意思就了事了，太让人失望了。差强人意的火锅，看似很忙却没有真正到位的服务。墙裂不推荐。感觉花了几十块就算吃了个开胃菜。。。如果我恨谁就推荐谁来这家店吧。,蘸料量极少，和图片不符，仅第一份免费，之后额外收费。肉量极少，也和图片不符，套餐绝对不值，单点更是华而不实。菜单和上菜的量乍一看就是缺斤少两的呷哺呷哺火锅。作为一个妹子，我只能够说我加点了四盘肉。。。加在一起也不及小肥羊或者香天下的小份肉的肉量。店面小。我反复强调要加的菜，加了后又确认了两吃是否准备了，结果到我结账时都没有上，一句不好意思就了事了，太让人失望了。差强人意的火锅，看似很忙却没有真正到位的服务。强烈不推荐。感觉花了几十块就算吃了个开胃菜。。。如果我恨谁就推荐谁来这家店吧。
codedlang:97:01,Crowd-AI-Lab/CodedLang,97,辣鸡,辣鸡,辣鸡,la4 ji1,垃圾,垃圾,la1 ji1,la˥˩ tɕi˥,la˥˩ tɕi˥,la˥ tɕi˥,la˥ tɕi˥,否,[],official_dictionary_casefold,歧义同音词,ambiguous_homophone,la4 ji1,la1 ji1,la˥˩ tɕi˥,la˥ tɕi˥,见过最差的 东西一团糟糕  好像我走进了辣鸡场,见过最差的 东西一团糟糕  好像我走进了垃圾场
codedlang:98:01,Crowd-AI-Lab/CodedLang,98,tm,tm,tm,tm,他妈,他妈,ta1 ma1,tˌiːˈɛm,tˌiːˈɛm,tʰa˥ ma˥,tʰa˥ ma˥,否,[],official_dictionary_casefold,语音替代,"non_lexical_homophone, phonetic",tm,ta1 ma1,ˈti ˈɛm,tʰa˥ ma˥,服务极差。当天身体不舒服，又很饿，下班开车去，告诉我要等20分钟。站那里等了20分钟，点好菜，就开始了无尽的等待。每桌都会送一杯热茶，只有我桌子上什么都没有。这就算了，结果等了literally30分钟，隔壁本来排在我后面的2个歪果仁4笼小笼包+配菜全部上齐，我喊服务员来催菜，服务员连我点了什么菜都不知道。我话还没说完他就走了。又活活等了15分钟，还是什么都没上，我又叫服务员来催，这才听到他叫厨房给我准备我点的汤和菜。为什么我第一次催的时候你不知道告诉厨房？本来就很难受，浪费一个小时还要遭受这种无理的轻视。难道就是因为我一个人来的？就应该无止境的被向后排？结账的时候又tm告诉我因为差了3毛钱所以无法刷卡。真是让人迷醉的服务。我不懂生意这么好不能多请几个part-time 服务员？不能扩大点地方？让客人无尽站着排队等待显的自己很火爆？真的很气。,服务极差。当天身体不舒服，又很饿，下班开车去，告诉我要等20分钟。站那里等了20分钟，点好菜，就开始了无尽的等待。每桌都会送一杯热茶，只有我桌子上什么都没有。这就算了，结果等了literally30分钟，隔壁本来排在我后面的2个外国人4笼小笼包+配菜全部上齐，我喊服务员来催菜，服务员连我点了什么菜都不知道。我话还没说完他就走了。又活活等了15分钟，还是什么都没上，我又叫服务员来催，这才听到他叫厨房给我准备我点的汤和菜。为什么我第一吃催的时候你不知道告诉厨房？本来就很难受，浪费一个小时还要遭受这种无理的轻视。难道就是因为我一个人来的？就应该无止境的被向后排？结账的时候又他妈告诉我因为差了3毛钱所以无法刷卡。真是让人迷醉的服务。我不懂生意这么好不能多请几个part-time 服务员？不能扩大点地方？让客人无尽站着排队等待显的自己很火爆？真的很气。
codedlang:98:02,Crowd-AI-Lab/CodedLang,98,歪果仁,歪果仁,歪果仁,wai1 guo3 ren2,外国人,外国人,wai4 guo2 ren2,wai˥ kuɔ˨˩˦ ɻən˧˥,wai˥ kuɔ˨˩˦ ɻən˧˥,wai˥˩ kuɔ˧˥ ɻən˧˥,wai˥˩ kuɔ˧˥ ɻən˧˥,否,[],official_dictionary_casefold,非词汇同音词,"non_lexical_homophone, phonetic",wai1 guo3 ren2,wai4 guo2 ren2,wai̯˥ kwo˧˩˧ ɻə˧˥n,wai̯˥˩ kwo˧˥ ɻə˧˥n,服务极差。当天身体不舒服，又很饿，下班开车去，告诉我要等20分钟。站那里等了20分钟，点好菜，就开始了无尽的等待。每桌都会送一杯热茶，只有我桌子上什么都没有。这就算了，结果等了literally30分钟，隔壁本来排在我后面的2个歪果仁4笼小笼包+配菜全部上齐，我喊服务员来催菜，服务员连我点了什么菜都不知道。我话还没说完他就走了。又活活等了15分钟，还是什么都没上，我又叫服务员来催，这才听到他叫厨房给我准备我点的汤和菜。为什么我第一次催的时候你不知道告诉厨房？本来就很难受，浪费一个小时还要遭受这种无理的轻视。难道就是因为我一个人来的？就应该无止境的被向后排？结账的时候又tm告诉我因为差了3毛钱所以无法刷卡。真是让人迷醉的服务。我不懂生意这么好不能多请几个part-time 服务员？不能扩大点地方？让客人无尽站着排队等待显的自己很火爆？真的很气。,服务极差。当天身体不舒服，又很饿，下班开车去，告诉我要等20分钟。站那里等了20分钟，点好菜，就开始了无尽的等待。每桌都会送一杯热茶，只有我桌子上什么都没有。这就算了，结果等了literally30分钟，隔壁本来排在我后面的2个外国人4笼小笼包+配菜全部上齐，我喊服务员来催菜，服务员连我点了什么菜都不知道。我话还没说完他就走了。又活活等了15分钟，还是什么都没上，我又叫服务员来催，这才听到他叫厨房给我准备我点的汤和菜。为什么我第一吃催的时候你不知道告诉厨房？本来就很难受，浪费一个小时还要遭受这种无理的轻视。难道就是因为我一个人来的？就应该无止境的被向后排？结账的时候又他妈告诉我因为差了3毛钱所以无法刷卡。真是让人迷醉的服务。我不懂生意这么好不能多请几个part-time 服务员？不能扩大点地方？让客人无尽站着排队等待显的自己很火爆？真的很气。
codedlang:99:01,Crowd-AI-Lab/CodedLang,99,稀饭,稀饭,稀饭,xi1 fan4,喜欢,喜欢,xi3 huan1,ɕi˥ fan˥˩,ɕi˥ fan˥˩,ɕi˨˩˦ xuan˥,ɕi˨˩˦ xuan˥,否,[],official_dictionary_casefold,歧义同音词,ambiguous_homophone,xi1 fan4,xi3 huan1,ɕi˥ fa˥˩n,ɕi˧˩˧ xwa˥n,最稀饭的公园,最喜欢的公园
codedlang:100:01,Crowd-AI-Lab/CodedLang,100,卧槽,卧槽,卧槽,wo4 cao2,我操,我操,wo3 cao1,wɔ˥˩ tsʰɑʊ˧˥,wɔ˥˩ tsʰɑʊ˧˥,wɔ˨˩˦ tsʰɑʊ˥,wɔ˨˩˦ tsʰɑʊ˥,否,[],official_dictionary_casefold,非词汇同音词,ambiguous_homophone,wo4 cao2,wo3 cao1,wo˥˩ tsʰau̯˧˥,wo˧˩˧ tsʰau̯˥,服务太度不好 非常慢 急死人 饿着肚子等 卧槽 服务员东西都掉在地上了 又捡起来放回原处 恶心,服务太度不好 非常慢 急死人 饿着肚子等 我操 服务员东西都掉在地上了 又捡起来放回原处 恶心
codedlang:101:01,Crowd-AI-Lab/CodedLang,101,涨姿势,涨姿势,涨姿势,zhang3 zi1 shi4,涨知识,涨知识,zhang3 zhi1 shi2,ʈʂɑŋ˨˩˦ tsɹ̩˥ ʂɻ̩˥˩,ʈʂɑŋ˨˩˦ tsɹ̩˥ ʂɻ̩˥˩,ʈʂɑŋ˨˩˦ ʈʂɻ̩˥ ʂɻ̩˧˥,ʈʂɑŋ˨˩˦ ʈʂɻ̩˥ ʂɻ̩˧˥,否,[],official_dictionary_casefold,非词汇同音词,non_lexical_homophone,zhang3 zi1 shi4,zhang3 zhi1 shi2,ʈʂa˧˩˧ŋ tsɹ̩˥ ʂɻ̩˥˩,ʈʂa˧˩˧ŋ ʈʂɻ̩˥ ʂɻ̩˧˥,人很少走起来很舒服，但是也没少到整条船就你一个人逛鬼船。涨姿势的好地方，百年海军不是说说的。,人很少走起来很舒服，但是也没少到整条船就你一个人逛鬼船。涨知识的好地方，百年海军不是说说的。
codedlang:102:01,Crowd-AI-Lab/CodedLang,102,内个,内个,内个,nei4 ge4,那个,那个,na4 ge,nei˥˩ kɤ˥˩,nei˥˩ kɤ˥˩,na˥˩ kɤ,na˥˩ kɤ,否,[],official_dictionary_casefold,非词汇同音词,non_lexical_homophone,nei4 ge4,na4 ge,nei̯˥˩ kɤ˥˩,na˥˩ kɤ,内个像三明治的东西特别好吃，但是就是地方太吵了，东西真的是又好吃又便宜，但是两个人喊着都听不见…,那个像三明治的东西特别好吃，但是就是地方太吵了，东西真的是又好吃又便宜，但是两个人喊着都听不见…
codedlang:103:01,Crowd-AI-Lab/CodedLang,103,特么,特么,特么,te4 me,他妈,他妈,ta1 ma1,tʰɤ˥˩ mɤ,tʰɤ˥˩ mɤ,tʰa˥ ma˥,tʰa˥ ma˥,否,[],official_dictionary_casefold,非词汇同音词,non_lexical_homophone,te4 me,ta1 ma1,tʰɤ˥˩ mɤ,tʰa˥ ma˥,巨特么好吃啊，比popeye吊了不知道多少倍,巨他妈好吃啊，比popeye吊了不知道多少倍
codedlang:104:01,Crowd-AI-Lab/CodedLang,104,墙裂,墙裂,墙裂,qiang2 lie4,强烈,强烈,qiang2 lie4,tɕʰiɑŋ˧˥ liɛ˥˩,tɕʰiɑŋ˧˥ liɛ˥˩,tɕʰiɑŋ˧˥ liɛ˥˩,tɕʰiɑŋ˧˥ liɛ˥˩,否,[],official_dictionary_casefold,歧义同音词,ambiguous_homophone,qiang2 lie4,qiang2 lie4,tɕʰja˧˥ŋ lje˥˩,tɕʰja˧˥ŋ lje˥˩,太好吃了，墙裂推荐口水鸡和孜然羊肉，还有牛腩面。很够味道,太好吃了，强烈推荐口水鸡和孜然羊肉，还有牛腩面。很够味道
codedlang:105:01,Crowd-AI-Lab/CodedLang,105,特么,特么,特么,te4 me,他妈,他妈,ta1 ma1,tʰɤ˥˩ mɤ,tʰɤ˥˩ mɤ,tʰa˥ ma˥,tʰa˥ ma˥,否,[],official_dictionary_casefold,非词汇同音词,non_lexical_homophone,te4 me,ta1 ma1,tʰɤ˥˩ mɤ,tʰa˥ ma˥,fatty beef巨特么好吃啊，还便宜，算是比自助火锅好吧，肉是单收钱的,fatty 逼eef巨他妈好吃啊，还便宜，算是比自助火锅好吧，肉是单收钱的
codedlang:106:01,Crowd-AI-Lab/CodedLang,106,好ㄘ,好ㄘ,好ㄘ,hao3 ㄘ,好吃,好吃,hao3 chi1,,xɑʊ˨˩˦,xɑʊ˨˩˦ ʈʂʰɻ̩˥,xɑʊ˨˩˦ ʈʂʰɻ̩˥,是,"[{""type"": ""source_unresolved_symbol_or_digit""}]",official_dictionary_casefold,语音替代,phonetic,hao3 c,hao3 chi1,xau̯˧˩˧ tsʰ,xau̯˧˩˧ ʈʂʰɻ̩˥,牛肉麵好ㄘ,牛肉麵好吃
codedlang:107:01,Crowd-AI-Lab/CodedLang,107,尼玛,尼玛,尼玛,ni2 ma3,你妈,你妈,ni3 ma1,ni˧˥ ma˨˩˦,ni˧˥ ma˨˩˦,ni˨˩˦ ma˥,ni˨˩˦ ma˥,否,[],official_dictionary_casefold,非词汇同音词,non_lexical_homophone,ni2 ma3,ni3 ma1,ni˧˥ ma˧˩˧,ni˧˩˧ ma˥,哈哈 不错，来美国第一次自己去店里点，虽然尼玛点菜的老头不太友好，但我心情依然很美丽，,哈哈 不错，来美国第一吃自己去店里点，虽然你妈点菜的老头不太友好，但我心情依然很美丽，
codedlang:108:01,Crowd-AI-Lab/CodedLang,108,墨迹,墨迹,墨迹,mo4 ji4,磨叽,磨叽,mo2 ji1,muɔ˥˩ tɕi˥˩,muɔ˥˩ tɕi˥˩,muɔ˧˥ tɕi˥,muɔ˧˥ tɕi˥,否,[],official_dictionary_casefold,歧义同音词,ambiguous_homophone,mo4 ji4,mo2 ji1,mwo˥˩ tɕi˥˩,mwo˧˥ tɕi˥,真的墨迹 别来吃 等菜等一个小时,真的磨叽 别来吃 等菜等一个小时
codedlang:109:01,Crowd-AI-Lab/CodedLang,109,墙裂,墙裂,墙裂,qiang2 lie4,强烈,强烈,qiang2 lie4,tɕʰiɑŋ˧˥ liɛ˥˩,tɕʰiɑŋ˧˥ liɛ˥˩,tɕʰiɑŋ˧˥ liɛ˥˩,tɕʰiɑŋ˧˥ liɛ˥˩,否,[],official_dictionary_casefold,歧义同音词,ambiguous_homophone,qiang2 lie4,qiang2 lie4,tɕʰja˧˥ŋ lje˥˩,tɕʰja˧˥ŋ lje˥˩,马辣鸡丁米线和红烧牛肉面还有油泼面肉夹馍墙裂推荐。,马垃圾丁米线和红烧牛肉面还有油泼面肉夹馍强烈推荐。
codedlang:110:01,Crowd-AI-Lab/CodedLang,110,尼玛,尼玛,尼玛,ni2 ma3,你妈,你妈,ni3 ma1,ni˧˥ ma˨˩˦,ni˧˥ ma˨˩˦,ni˨˩˦ ma˥,ni˨˩˦ ma˥,否,[],official_dictionary_casefold,非词汇同音词,non_lexical_homophone,ni2 ma3,ni3 ma1,ni˧˥ ma˧˩˧,ni˧˩˧ ma˥,"吃过最难吃的烧烤,能做到这么难吃也是厉害👍 一份拌花菜就一个底 不知道多少天了一点都不新鲜锡纸金针菇都是水一点味道都没有，一份茼蒿盐粒还在表面硌牙，太尼玛难吃了简直","吃过最难吃的烧烤,能做到这么难吃也是厉害👍 一份拌花菜就一个底 不知道多少天了一点都不新鲜锡纸金针菇都是水一点味道都没有，一份茼蒿盐粒还在表面硌牙，太你妈难吃了简直"
codedlang:111:01,Crowd-AI-Lab/CodedLang,111,特么,特么,特么,te4 me,他妈,他妈,ta1 ma1,tʰɤ˥˩ mɤ,tʰɤ˥˩ mɤ,tʰa˥ ma˥,tʰa˥ ma˥,否,[],official_dictionary_casefold,非词汇同音词,non_lexical_homophone,te4 me,ta1 ma1,tʰɤ˥˩ mɤ,tʰa˥ ma˥,什么破服务，当少奶奶来了！ 你说句话真费劲，老板请你干嘛？！拿个钱怕死了，都特么这样了，你出来上什么班？再好吃的东西也不推荐别人来！ 你老板就是个开慈济的人，开餐馆就是闲钱太多了花不出去才请你，生意怎么样都无所谓啦……,什么破服务，当少奶奶来了！ 你说句话真费劲，老板请你干嘛？！拿个钱怕死了，都他妈这样了，你出来上什么班？再好吃的东西也不推荐别人来！ 你老板就是个开慈济的人，开餐馆就是闲钱太多了花不出去才请你，生意怎么样都无所谓啦……
codedlang:112:01,Crowd-AI-Lab/CodedLang,112,墙裂,墙裂,墙裂,qiang2 lie4,强烈,强烈,qiang2 lie4,tɕʰiɑŋ˧˥ liɛ˥˩,tɕʰiɑŋ˧˥ liɛ˥˩,tɕʰiɑŋ˧˥ liɛ˥˩,tɕʰiɑŋ˧˥ liɛ˥˩,否,[],official_dictionary_casefold,歧义同音词,ambiguous_homophone,qiang2 lie4,qiang2 lie4,tɕʰja˧˥ŋ lje˥˩,tɕʰja˧˥ŋ lje˥˩,作为一个北方人，找到了家的感觉，墙裂推荐！,作为一个北方人，找到了家的感觉，强烈推荐！
codedlang:113:01,Crowd-AI-Lab/CodedLang,113,墙裂,墙裂,墙裂,qiang2 lie4,强烈,强烈,qiang2 lie4,tɕʰiɑŋ˧˥ liɛ˥˩,tɕʰiɑŋ˧˥ liɛ˥˩,tɕʰiɑŋ˧˥ liɛ˥˩,tɕʰiɑŋ˧˥ liɛ˥˩,否,[],official_dictionary_casefold,歧义同音词,ambiguous_homophone,qiang2 lie4,qiang2 lie4,tɕʰja˧˥ŋ lje˥˩,tɕʰja˧˥ŋ lje˥˩,特别正宗的四川火锅，墙裂推荐,特别正宗的四川火锅，强烈推荐
codedlang:114:01,Crowd-AI-Lab/CodedLang,114,特么,特么,特么,te4 me,他妈,他妈,ta1 ma1,tʰɤ˥˩ mɤ,tʰɤ˥˩ mɤ,tʰa˥ ma˥,tʰa˥ ma˥,否,[],official_dictionary_casefold,非词汇同音词,non_lexical_homophone,te4 me,ta1 ma1,tʰɤ˥˩ mɤ,tʰa˥ ma˥,啊 火锅 你真特么好吃,啊 火锅 你真他妈好吃
codedlang:115:01,Crowd-AI-Lab/CodedLang,115,好ㄘ,好ㄘ,好ㄘ,hao3 ㄘ,好吃,好吃,hao3 chi1,,xɑʊ˨˩˦,xɑʊ˨˩˦ ʈʂʰɻ̩˥,xɑʊ˨˩˦ ʈʂʰɻ̩˥,是,"[{""type"": ""source_unresolved_symbol_or_digit""}]",official_dictionary_casefold,语音替代,phonetic,hao3 c,hao3 chi1,xau̯˧˩˧ tsʰ,xau̯˧˩˧ ʈʂʰɻ̩˥,好ㄘ,好吃
codedlang:116:01,Crowd-AI-Lab/CodedLang,116,尼玛,尼玛,尼玛,ni2 ma3,你妈,你妈,ni3 ma1,ni˧˥ ma˨˩˦,ni˧˥ ma˨˩˦,ni˨˩˦ ma˥,ni˨˩˦ ma˥,否,[],official_dictionary_casefold,非词汇同音词,non_lexical_homophone,ni2 ma3,ni3 ma1,ni˧˥ ma˧˩˧,ni˧˩˧ ma˥,"你是中国人别去好吧，，我真想把点的面盖老板脸上。挂着西安小吃的招牌。我就去了，上次吃的牛肉拌面很好吃很地道。这次进店看换人了，想确认是不是上次吃的一样的面。问服务员牛肉拌面里面有啥，？回答道，""有牛肉的成分还有面。""菜一上来 我真尼玛想转身直接走了。还尼玛一个服务员垫子一垫直接睡在地上饭厅里。。。。。。","你是中国人别去好吧，，我真想把点的面盖老板脸上。挂着西安小吃的招牌。我就去了，上吃吃的牛肉拌面很好吃很地道。这吃进店看换人了，想确认是不是上吃吃的一样的面。问服务员牛肉拌面里面有啥，？回答道，""有牛肉的成分还有面。""菜一上来 我真你妈想转身直接走了。还你妈一个服务员垫子一垫直接睡在地上饭厅里。。。。。。"
codedlang:117:01,Crowd-AI-Lab/CodedLang,117,碉堡,碉堡,碉堡,diao1 bao3,屌爆,屌爆,diao3 bao4,tiɑʊ˥ pɑʊ˨˩˦,tiɑʊ˥ pɑʊ˨˩˦,tiɑʊ˨˩˦ pɑʊ˥˩,tiɑʊ˨˩˦ pɑʊ˥˩,否,[],official_dictionary_casefold,歧义同音词,ambiguous_homophone,diao1 bao3,diao3 bao4,tjau̯˥ pau̯˧˩˧,tjau̯˧˩˧ pau̯˥˩,点那个beef noodle pho记得加大骨。国内水平的饭店。这实在是能给美国饭店的最高评价了。ps，同伴让我补一句，这家汤面碉堡了。,点那个逼eef noodle pho记得加大骨。国内水平的饭店。这实在是能给美国饭店的最高评价了。ps，同伴让我补一句，这家汤面屌爆了。
codedlang:118:01,Crowd-AI-Lab/CodedLang,118,好ㄘ,好ㄘ,好ㄘ,hao3 ㄘ,好吃,好吃,hao3 chi1,,xɑʊ˨˩˦,xɑʊ˨˩˦ ʈʂʰɻ̩˥,xɑʊ˨˩˦ ʈʂʰɻ̩˥,是,"[{""type"": ""source_unresolved_symbol_or_digit""}]",official_dictionary_casefold,语音替代,phonetic,hao3 c,hao3 chi1,xau̯˧˩˧ tsʰ,xau̯˧˩˧ ʈʂʰɻ̩˥,台灣讚讚讚讚 服務好 份量不錯 好ㄘ,台灣讚讚讚讚 服務好 份量不錯 好吃
codedlang:119:01,Crowd-AI-Lab/CodedLang,119,男票,男票,男票,nan2 piao4,男朋友,男朋友,nan2 peng2 you3,nan˧˥ pʰiɑʊ˥˩,nan˧˥ pʰiɑʊ˥˩,nan˧˥ pʰɤŋ˧˥ joʊ˨˩˦,nan˧˥ pʰɤŋ˧˥ joʊ˨˩˦,否,[],official_dictionary_casefold,非词汇同音词,non_lexical_homophone,nan2 piao4,nan2 peng2 you3,na˧˥n pʰjau̯˥˩,na˧˥n pʰə˧˥ŋ jou̯˧˩˧,本来是要点湘南之味，男票那个傻帽给我说错名字（自己吃了好几次居然连名字都没记住）点了这家，打电话带走的，点了水煮鱼，鱼香肉丝和糖醋排骨。水煮鱼里居然有白菜 豆芽倒没几根 味道很淡 特别是在吃了另外两道菜之后就更没味了。鱼香肉丝我不管是在国内还是美国吃，都是有点甜味的，而这家的鱼香肉丝只有咸味，而且很难吃，吃了几口都有些反胃，我把糖醋排骨的汤汁倒进去搅拌一下勉强吃了几口。糖醋排骨 如下图所示，居然还放芥兰😂份量是图片的上肉的1.5倍吧…只有甜味没有酸味没什么咸味，能不能就拿酱油 糖醋炒一下也是好的啊…这些是我要打算拿去扔掉吃完剩下的，水煮鱼勉强留下，我和男票两个人吃还剩那么多……说实话，我不想写差评，特别是中国餐馆，但是，这真的是我唯一一次觉得特别难吃，还扔掉那么多菜的中餐馆，我其他差评都是评论美国快餐的，大家做生意都不容易，但是菜做得不好吃还头一次让我吃不下去还有些反胃我实在忍不了。男票说糊弄美国人的不要开在中国城，如果开在别的地方生意会更好吧。,本来是要点湘南之味，男朋友那个傻帽给我说错名字（自己吃了好几吃居然连名字都没记住）点了这家，打电话带走的，点了水煮鱼，鱼香肉丝和糖醋排骨。水煮鱼里居然有白菜 豆芽倒没几根 味道很淡 特别是在吃了另外两道菜之后就更没味了。鱼香肉丝我不管是在国内还是美国吃，都是有点甜味的，而这家的鱼香肉丝只有咸味，而且很难吃，吃了几口都有些反胃，我把糖醋排骨的汤汁倒进去搅拌一下勉强吃了几口。糖醋排骨 如下图所示，居然还放芥兰😂份量是图片的上肉的1.5倍吧…只有甜味没有酸味没什么咸味，能不能就拿酱油 糖醋炒一下也是好的啊…这些是我要打算拿去扔掉吃完剩下的，水煮鱼勉强留下，我和男朋友两个人吃还剩那么多……说实话，我不想写差评，特别是中国餐馆，但是，这真的是我唯一一吃觉得特别难吃，还扔掉那么多菜的中餐馆，我其他差评都是评论美国快餐的，大家做生意都不容易，但是菜做得不好吃还头一吃让我吃不下去还有些反胃我实在忍不了。男朋友说糊弄美国人的不要开在中国城，如果开在别的地方生意会更好吧。
codedlang:120:01,Crowd-AI-Lab/CodedLang,120,好ㄘ,好ㄘ,好ㄘ,hao3 ㄘ,好吃,好吃,hao3 chi1,,xɑʊ˨˩˦,xɑʊ˨˩˦ ʈʂʰɻ̩˥,xɑʊ˨˩˦ ʈʂʰɻ̩˥,是,"[{""type"": ""source_unresolved_symbol_or_digit""}]",official_dictionary_casefold,语音替代,phonetic,hao3 c,hao3 chi1,xau̯˧˩˧ tsʰ,xau̯˧˩˧ ʈʂʰɻ̩˥,好ㄘ,好吃
codedlang:121:01,Crowd-AI-Lab/CodedLang,121,尼玛,尼玛,尼玛,ni2 ma3,你妈,你妈,ni3 ma1,ni˧˥ ma˨˩˦,ni˧˥ ma˨˩˦,ni˨˩˦ ma˥,ni˨˩˦ ma˥,否,[],official_dictionary_casefold,非词汇同音词,non_lexical_homophone,ni2 ma3,ni3 ma1,ni˧˥ ma˧˩˧,ni˧˩˧ ma˥,史上垃圾的“火锅”，这尼玛也好意思开店？点了一个养生锅，跟我自己在家用白开水煮没什么区别。然而更厉害的是他们的服务比味道还差，我们在吃饭的同时服务员大声聊天不说，其中一个年轻的把脚放在凳子上玩手机，无敌！！！,史上垃圾的“火锅”，这你妈也好意思开店？点了一个养生锅，跟我自己在家用白开水煮没什么区别。然而更厉害的是他们的服务比味道还差，我们在吃饭的同时服务员大声聊天不说，其中一个年轻的把脚放在凳子上玩手机，无敌！！！
codedlang:122:01,Crowd-AI-Lab/CodedLang,122,米国,米国,米国,mi3 guo2,美国,美国,mei3 guo2,mi˨˩˦ kuɔ˧˥,mi˨˩˦ kuɔ˧˥,mei˨˩˦ kuɔ˧˥,mei˨˩˦ kuɔ˧˥,否,[],official_dictionary_casefold,非词汇同音词,non_lexical_homophone,mi3 guo2,mei3 guo2,mi˧˩˧ kwo˧˥,mei̯˧˩˧ kwo˧˥,烤鸭和炒豆苗都不低于中国的平均水平，但米饭比日本米差太远了只能说能吃而已。酱油是日本万字酱油，豆腐为日语发音Tofu，粗面条为日语发音Udon，看来在米国中日已经联合起来了，哈哈！,烤鸭和炒豆苗都不低于中国的平均水平，但米饭比日本米差太远了只能说能吃而已。酱油是日本万字酱油，豆腐为日语发音Tofu，粗面条为日语发音Udon，看来在美国中日已经联合起来了，哈哈！
codedlang:123:01,Crowd-AI-Lab/CodedLang,123,尼玛,尼玛,尼玛,ni2 ma3,你妈,你妈,ni3 ma1,ni˧˥ ma˨˩˦,ni˧˥ ma˨˩˦,ni˨˩˦ ma˥,ni˨˩˦ ma˥,否,[],official_dictionary_casefold,非词汇同音词,non_lexical_homophone,ni2 ma3,ni3 ma1,ni˧˥ ma˧˩˧,ni˧˩˧ ma˥,垃圾公司，网络不稳定还尼玛卡,垃圾公司，网络不稳定还你妈卡
codedlang:124:01,Crowd-AI-Lab/CodedLang,124,笔芯,笔芯,笔芯,bi3 xin1,比心,比心,bi3 xin1,pi˨˩˦ ɕin˥,pi˨˩˦ ɕin˥,pi˨˩˦ ɕin˥,pi˨˩˦ ɕin˥,否,[],official_dictionary_casefold,歧义同音词,ambiguous_homophone,bi3 xin1,bi3 xin1,pi˧˩˧ ɕi˥n,pi˧˩˧ ɕi˥n,"用李佳琪的口气来一句""OMG，这也太好吃了吧！！"" 休斯敦最好吃的烤鸭店，好吃的不止烤鸭(●—●) 拌面也好吃，红烧肉也好吃，份量还超级大。老板你要不要这么实在🤣 笔芯！","用李佳琪的口气来一句""OMG，这也太好吃了吧！！"" 休斯敦最好吃的烤鸭店，好吃的不止烤鸭(●—●) 拌面也好吃，红烧肉也好吃，份量还超级大。老板你要不要这么实在🤣 比心！"
codedlang:125:01,Crowd-AI-Lab/CodedLang,125,童鞋,童鞋,童鞋,tong2 xie2,同学,同学,tong2 xue2,tʰʊŋ˧˥ ɕiɛ˧˥,tʰʊŋ˧˥ ɕiɛ˧˥,tʰʊŋ˧˥ ɕyɛ˧˥,tʰʊŋ˧˥ ɕyɛ˧˥,否,[],official_dictionary_casefold,歧义同音词,ambiguous_homophone,tong2 xie2,tong2 xue2,tʰʊ˧˥ŋ ɕje˧˥,tʰʊ˧˥ŋ ɕɥe˧˥,强制收15%消费. 不够15%还舔着脸硬要. 本来还一直来这家的，以后不来了。 想来的童鞋们，先准备好至少15%的小费吧。,强制收15%消费. 不够15%还舔着脸硬要. 本来还一直来这家的，以后不来了。 想来的同学们，先准备好至少15%的小费吧。
codedlang:126:01,Crowd-AI-Lab/CodedLang,126,神马,神马,神马,shen2 ma3,什么,什么,shen2 me,ʂən˧˥ ma˨˩˦,ʂən˧˥ ma˨˩˦,ʂən˧˥ mɤ,ʂən˧˥ mɤ,否,[],official_dictionary_casefold,歧义同音词,ambiguous_homophone,shen2 ma3,shen2 me,ʂə˧˥n ma˧˩˧,ʂə˧˥n mɤ,北京烤鸭，夫妻肺片，麻辣牛筋，西湖牛肉羹神马的都很给力~ 强烈建议推出炒肝，油条，煎饼果子，豆腐脑，豆浆，皮蛋瘦肉粥，羊杂，烩面，羊肉泡馍，以及锅巴类食品。。,北京烤鸭，夫妻肺片，麻啦牛筋，西湖牛肉羹什么的都很给力~ 强烈建议推出炒肝，油条，煎饼果子，豆腐脑，豆浆，皮蛋瘦肉粥，羊杂，烩面，羊肉泡馍，以及锅巴类食品。。
codedlang:127:01,Crowd-AI-Lab/CodedLang,127,尼玛,尼玛,尼玛,ni2 ma3,你妈,你妈,ni3 ma1,ni˧˥ ma˨˩˦,ni˧˥ ma˨˩˦,ni˨˩˦ ma˥,ni˨˩˦ ma˥,否,[],official_dictionary_casefold,非词汇同音词,non_lexical_homophone,ni2 ma3,ni3 ma1,ni˧˥ ma˧˩˧,ni˧˩˧ ma˥,电话卡65刀，真尼玛贵,电话卡厉害5刀，真你妈贵
codedlang:128:01,Crowd-AI-Lab/CodedLang,128,灰常,灰常,灰常,hui1 chang2,非常,非常,fei1 chang2,xuei˥ ʈʂʰɑŋ˧˥,xuei˥ ʈʂʰɑŋ˧˥,fei˥ ʈʂʰɑŋ˧˥,fei˥ ʈʂʰɑŋ˧˥,否,[],official_dictionary_casefold,非词汇同音词,non_lexical_homophone,hui1 chang2,fei1 chang2,xwei̯˥ ʈʂʰa˧˥ŋ,fei̯˥ ʈʂʰa˧˥ŋ,灰常喜欢的一个地方 距离机场很近 如果有空一定要来试试bbq滴牛肉 赞赞哒 地方超大～,非常喜欢的一个地方 距离机场很近 如果有空一定要来试试逼逼q的牛肉 赞赞哒 地方超大～
codedlang:129:01,Crowd-AI-Lab/CodedLang,129,草泥马,草泥马,草泥马,cao3 ni2 ma3,操你妈,操你妈,cao1 ni3 ma1,tsʰɑʊ˨˩˦ ni˧˥ ma˨˩˦,tsʰɑʊ˨˩˦ ni˧˥ ma˨˩˦,tsʰɑʊ˥ ni˨˩˦ ma˥,tsʰɑʊ˥ ni˨˩˦ ma˥,否,[],official_dictionary_casefold,歧义同音词,ambiguous_homophone,cao3 ni2 ma3,cao1 ni3 ma1,tsʰau̯˧˩˧ ni˧˥ ma˧˩˧,tsʰau̯˥ ni˧˩˧ ma˥,本来想去医院拔智齿，给我来一顿操作，量了个血压，带上手套摸了一下我智齿，收费我250刀。真是草泥马了。煞笔美国医疗。傻煞笔医院。,本来想去医院拔智齿，给我来一顿操作，量了个血压，带上手套摸了一下我智齿，收费我250刀。真是操你妈了。傻逼美国医疗。傻傻逼医院。
codedlang:129:02,Crowd-AI-Lab/CodedLang,129,煞笔,煞笔,煞笔,sha1 bi3,傻逼,傻逼,sha3 bi1,ʂa˥ pi˨˩˦,ʂa˥ pi˨˩˦,ʂa˨˩˦ pi˥,ʂa˨˩˦ pi˥,否,[],official_dictionary_casefold,非词汇同音词,ambiguous_homophone,sha1 bi3,sha3 bi1,ʂa˥ pi˧˩˧,ʂa˧˩˧ pi˥,本来想去医院拔智齿，给我来一顿操作，量了个血压，带上手套摸了一下我智齿，收费我250刀。真是草泥马了。煞笔美国医疗。傻煞笔医院。,本来想去医院拔智齿，给我来一顿操作，量了个血压，带上手套摸了一下我智齿，收费我250刀。真是操你妈了。傻逼美国医疗。傻傻逼医院。
codedlang:130:01,Crowd-AI-Lab/CodedLang,130,火钳刘明,火钳刘明,火钳刘明,huo3 qian2 liu2 ming2,火前留名,火前留名,huo3 qian2 liu2 ming2,xuɔ˨˩˦ tɕʰiɛn˧˥ liou˧˥ miŋ˧˥,xuɔ˨˩˦ tɕʰiɛn˧˥ liou˧˥ miŋ˧˥,xuɔ˨˩˦ tɕʰiɛn˧˥ liou˧˥ miŋ˧˥,xuɔ˨˩˦ tɕʰiɛn˧˥ liou˧˥ miŋ˧˥,否,[],official_dictionary_casefold,非词汇同音词,non_lexical_homophone,huo3 qian2 liu2 ming2,huo3 qian2 liu2 ming2,xwo˧˩˧ tɕʰjɛ˧˥n ljou̯˧˥ mi˧˥ŋ,xwo˧˩˧ tɕʰjɛ˧˥n ljou̯˧˥ mi˧˥ŋ,火钳刘明，哈哈哈,火前留名，哈哈哈
codedlang:131:01,Crowd-AI-Lab/CodedLang,131,墙裂,墙裂,墙裂,qiang2 lie4,强烈,强烈,qiang2 lie4,tɕʰiɑŋ˧˥ liɛ˥˩,tɕʰiɑŋ˧˥ liɛ˥˩,tɕʰiɑŋ˧˥ liɛ˥˩,tɕʰiɑŋ˧˥ liɛ˥˩,否,[],official_dictionary_casefold,歧义同音词,ambiguous_homophone,qiang2 lie4,qiang2 lie4,tɕʰja˧˥ŋ lje˥˩,tɕʰja˧˥ŋ lje˥˩,感谢Jagger哥的帮助，从找车开始到最后成交全程高效专业且耐心，车子买到手可以完全放心，绝对是最nice最牛逼的车行，墙裂推荐！,感谢Jagger哥的帮助，从找车开始到最后成交全程高效专业且耐心，车子买到手可以完全放心，绝对是最nice最牛逼的车行，强烈推荐！
codedlang:132:01,Crowd-AI-Lab/CodedLang,132,赶脚,赶脚,赶脚,gan3 jiao3,感觉,感觉,gan3 jue2,kan˨˩˦ tɕiɑʊ˨˩˦,kan˨˩˦ tɕiɑʊ˨˩˦,kan˨˩˦ tɕyɛ˧˥,kan˨˩˦ tɕyɛ˧˥,否,[],official_dictionary_casefold,非词汇同音词,non_lexical_homophone,gan3 jiao3,gan3 jue2,ka˧˩˧n tɕjau̯˧˩˧,ka˧˩˧n tɕɥe˧˥,感谢色色团队的每一个员工、服务团超级给力。摄影技术一流，造型完美、服务周到。体验感超级棒！👍 说一下总体感受， 摄影师小智很有经验，拍照氛围很轻松、感觉到位，很专业赶脚。 化妆师Chloe 温柔细心、服务周到。Jen和红姐的服务态度非常好，很有耐心。很棒的团队、推荐。,感谢色色团队的每一个员工、服务团超级给力。摄影技术一流，造型完美、服务周到。体验感超级棒！👍 说一下总体感受， 摄影师小智很有经验，拍照氛围很轻松、感觉到位，很专业感觉。 化妆师Chloe 温柔细心、服务周到。Jen和红姐的服务态度非常好，很有耐心。很棒的团队、推荐。
codedlang:133:01,Crowd-AI-Lab/CodedLang,133,特么,特么,特么,te4 me,他妈,他妈,ta1 ma1,tʰɤ˥˩ mɤ,tʰɤ˥˩ mɤ,tʰa˥ ma˥,tʰa˥ ma˥,否,[],official_dictionary_casefold,非词汇同音词,non_lexical_homophone,te4 me,ta1 ma1,tʰɤ˥˩ mɤ,tʰa˥ ma˥,6点15分写完单 店里总共5桌客人 一个人点了4个腰子 2把小串 1把鸡皮 一碗白米饭 5串羊小排 然后米饭说没有了  隔壁不知道是老板请的 还是自己上门的 做YOUTUBE的 然后就很热情 快速的上菜  然后我就干等着 最后排骨在7点10分才上来 告诉我后加的没看见 我什么时候后加的 我点了2串 服务员说5串起点 我说行 那就5串 奇葩的还在后面 拿了单子过来结账 28块 确告诉我没满30不能刷～ 关键我没那么多现金 然后给我刷了 大概31块多 走的时候结账小哥还说 没收我小费？ 单子28 你刷31 你没收小费？ 我懵逼的出了门～ 我特么就没感受你的服务！ 第一 我来点菜都自己写 还是不是划勾 第二 就这点东西我吃了一个多点 一杯水都没让你倒 全程没见任何服务！  你要是觉得你刷卡机费率高 你换一家 选个固定费率2.75%的刷   没服务就学大胜 做个点菜单打印好 味道不如人家 服务没有 还要小费 服务员很搞笑 要么就学学老铁 好好的做生意对客人 三个人管一堂吃 十一张桌子 搞成这样 还舔着拍YouTube的  哪天我是不是也得带个团队来拍拍？ 最后送你个数据 全美餐厅三年替换率 69.75%  好好学学运作 别人的店上班8个人 年营业额150万 5毛钱都刷 你连个酒牌都没有 你还要怎样～ 朋友推荐的店 差评,厉害点15分写完单 店里总共5桌客人 一个人点了4个腰子 2把小串 1把鸡皮 一碗白米饭 5串羊小排 然后米饭说没有了  隔壁不知道是老板请的 还是自己上门的 做YOUTUBE的 然后就很热情 快速的上菜  然后我就干等着 最后排骨在7点10分才上来 告诉我后加的没看见 我什么时候后加的 我点了2串 服务员说5串起点 我说行 那就5串 奇葩的还在后面 拿了单子过来结账 2不块 确告诉我没满30不能刷～ 关键我没那么多现金 然后给我刷了 大概31块多 走的时候结账小哥还说 没收我小费？ 单子2不 你刷31 你没收小费？ 我懵逼的出了门～ 我他妈就没感受你的服务！ 第一 我来点菜都自己写 还是不是划勾 第二 就这点东西我吃了一个多点 一杯水都没让你倒 全程没见任何服务！  你要是觉得你刷卡机费率高 你换一家 选个固定费率2.75%的刷   没服务就学大胜 做个点菜单打印好 味道不如人家 服务没有 还要小费 服务员很搞笑 要么就学学老铁 好好的做生意对客人 三个人管一堂吃 十一张桌子 搞成这样 还舔着拍YouTu逼e的  哪天我是不是也得带个团队来拍拍？ 最后送你个数据 全美餐厅三年替换率 厉害9.75%  好好学学运作 别人的店上班不个人 年营业额150万 5毛钱都刷 你连个酒牌都没有 你还要怎样～ 朋友推荐的店 差评
codedlang:134:01,Crowd-AI-Lab/CodedLang,134,尼玛,尼玛,尼玛,ni2 ma3,你妈,你妈,ni3 ma1,ni˧˥ ma˨˩˦,ni˧˥ ma˨˩˦,ni˨˩˦ ma˥,ni˨˩˦ ma˥,否,[],official_dictionary_casefold,非词汇同音词,non_lexical_homophone,ni2 ma3,ni3 ma1,ni˧˥ ma˧˩˧,ni˧˩˧ ma˥,地方还能再小点吗？吃个饭都挤成什么德行了，里面吃饭些人都尼玛国内挑大粪来的吧什么素质，你要是嫌坐不开你说啊，说了不给你挪一下还是怎么了，硬尼玛挤，要不就趁你不在把你椅子往回推，尼玛什么素质，张嘴你用来排粪的是不是，聚餐就别来了店小的还不如奶茶店大，吃烤鸭就梅州东坡吧 有服务有环境有排场,地方还能再小点吗？吃个饭都挤成什么德行了，里面吃饭些人都你妈国内挑大粪来的吧什么素质，你要是嫌坐不开你说啊，说了不给你挪一下还是怎么了，硬你妈挤，要不就趁你不在把你椅子往回推，你妈什么素质，张嘴你用来排粪的是不是，聚餐就别来了店小的还不如奶茶店大，吃烤鸭就梅州东坡吧 有服务有环境有排场
codedlang:135:01,Crowd-AI-Lab/CodedLang,135,特么,特么,特么,te4 me,他妈,他妈,ta1 ma1,tʰɤ˥˩ mɤ,tʰɤ˥˩ mɤ,tʰa˥ ma˥,tʰa˥ ma˥,否,[],official_dictionary_casefold,非词汇同音词,non_lexical_homophone,te4 me,ta1 ma1,tʰɤ˥˩ mɤ,tʰa˥ ma˥,垃圾地方，没找到。 你家就是垃圾，我第二次又特么没找到。,垃圾地方，没找到。 你家就是垃圾，我第二吃又他妈没找到。
codedlang:136:01,Crowd-AI-Lab/CodedLang,136,桑心,桑心,桑心,sang1 xin1,伤心,伤心,shang1 xin1,sɑŋ˥ ɕin˥,sɑŋ˥ ɕin˥,ʂɑŋ˥ ɕin˥,ʂɑŋ˥ ɕin˥,否,[],official_dictionary_casefold,非词汇同音词,non_lexical_homophone,sang1 xin1,shang1 xin1,sa˥ŋ ɕi˥n,ʂa˥ŋ ɕi˥n,榴莲班戟很好吃，多芒小丸子味道不错，就是小丸子太硬了，桑心…,榴莲班戟很好吃，多芒小丸子味道不错，就是小丸子太硬了，伤心…
codedlang:137:01,Crowd-AI-Lab/CodedLang,137,卧槽,卧槽,卧槽,wo4 cao2,我操,我操,wo3 cao1,wɔ˥˩ tsʰɑʊ˧˥,wɔ˥˩ tsʰɑʊ˧˥,wɔ˨˩˦ tsʰɑʊ˥,wɔ˨˩˦ tsʰɑʊ˥,否,[],official_dictionary_casefold,非词汇同音词,ambiguous_homophone,wo4 cao2,wo3 cao1,wo˥˩ tsʰau̯˧˥,wo˧˩˧ tsʰau̯˥,卧槽 吃完酸菜锅以后 我们三个人的舌头和牙齿都变黑了 回家差点吓死 刷牙后牙齿能变回来 舌头还是黑的 是食物里放了什么吗？ 怎么会有这么奇怪的事发生！,我操 吃完酸菜锅以后 我们三个人的舌头和牙齿都变黑了 回家差点吓死 刷牙后牙齿能变回来 舌头还是黑的 是食物里放了什么吗？ 怎么会有这么奇怪的事发生！
codedlang:138:01,Crowd-AI-Lab/CodedLang,138,特么,特么,特么,te4 me,他妈,他妈,ta1 ma1,tʰɤ˥˩ mɤ,tʰɤ˥˩ mɤ,tʰa˥ ma˥,tʰa˥ ma˥,否,[],official_dictionary_casefold,非词汇同音词,non_lexical_homophone,te4 me,ta1 ma1,tʰɤ˥˩ mɤ,tʰa˥ ma˥,我特么吐了我有保险 问能不能打flu shot 结果特么让我去emergency打你妈的flu shot,我他妈吐了我有保险 问能不能打flu shot 结果他妈让我去emergency打你妈的flu shot
codedlang:139:01,Crowd-AI-Lab/CodedLang,139,尼玛,尼玛,尼玛,ni2 ma3,你妈,你妈,ni3 ma1,ni˧˥ ma˨˩˦,ni˧˥ ma˨˩˦,ni˨˩˦ ma˥,ni˨˩˦ ma˥,否,[],official_dictionary_casefold,非词汇同音词,non_lexical_homophone,ni2 ma3,ni3 ma1,ni˧˥ ma˧˩˧,ni˧˩˧ ma˥,我尼玛这味道……,我你妈这味道……
codedlang:140:01,Crowd-AI-Lab/CodedLang,140,炒鸡,炒鸡,炒鸡,chao3 ji1,超级,超级,chao1 ji2,ʈʂʰɑʊ˨˩˦ tɕi˥,ʈʂʰɑʊ˨˩˦ tɕi˥,ʈʂʰɑʊ˥ tɕi˧˥,ʈʂʰɑʊ˥ tɕi˧˥,否,[],official_dictionary_casefold,歧义同音词,ambiguous_homophone,chao3 ji1,chao1 ji2,ʈʂʰau̯˧˩˧ tɕi˥,ʈʂʰau̯˥ tɕi˧˥,巨好吃，一周来吃了2次，老板还给打了折，还认识了老板娘(人炒鸡nice)。已经给身边每一位朋友推荐了这家火锅～,巨好吃，一周来吃了2吃，老板还给打了折，还认识了老板娘(人超级nice)。已经给身边每一位朋友推荐了这家火锅～
codedlang:141:01,Crowd-AI-Lab/CodedLang,141,辣鸡,辣鸡,辣鸡,la4 ji1,垃圾,垃圾,la1 ji1,la˥˩ tɕi˥,la˥˩ tɕi˥,la˥ tɕi˥,la˥ tɕi˥,否,[],official_dictionary_casefold,歧义同音词,ambiguous_homophone,la4 ji1,la1 ji1,la˥˩ tɕi˥,la˥ tɕi˥,买了一个外卖烤鱼 还没吃   店家连打包都不会打包   汁会漏   撒的我车到处都是  辣鸡   这是我第一次给一家店差评,买了一个外卖烤鱼 还没吃   店家连打包都不会打包   汁会漏   撒的我车到处都是  垃圾   这是我第一吃给一家店差评
codedlang:142:01,Crowd-AI-Lab/CodedLang,142,男票,男票,男票,nan2 piao4,男朋友,男朋友,nan2 peng2 you3,nan˧˥ pʰiɑʊ˥˩,nan˧˥ pʰiɑʊ˥˩,nan˧˥ pʰɤŋ˧˥ joʊ˨˩˦,nan˧˥ pʰɤŋ˧˥ joʊ˨˩˦,否,[],official_dictionary_casefold,非词汇同音词,non_lexical_homophone,nan2 piao4,nan2 peng2 you3,na˧˥n pʰjau̯˥˩,na˧˥n pʰə˧˥ŋ jou̯˧˩˧,2星给服务。菜品真不行。 凉皮的皮儿是碎的，没做好，吃到嘴里不劲道，醋多。而且凉皮里放老干妈……我也不是很懂为什么放老干妈。吃了这么多年头一回吃到放老干妈的凉皮儿。茄丁面不正宗，面不劲道，不香。茄丁没爆香。菜品分量很大。就是不好吃唉。男票满怀期待这儿有爆肚儿，等位人很多也等。但是很失望。爆肚的麻酱欠点儿意思。服务挺好，装修挺好，就是不好吃。哦，褡裢火烧不错。火烧还挺好吃的，可以点一点。其他的有点失望。图为爆肚儿。,2星给服务。菜品真不行。 凉皮的皮儿是碎的，没做好，吃到嘴里不劲道，醋多。而且凉皮里放老干妈……我也不是很懂为什么放老干妈。吃了这么多年头一回吃到放老干妈的凉皮儿。茄丁面不正宗，面不劲道，不香。茄丁没爆香。菜品分量很大。就是不好吃唉。男朋友满怀期待这儿有爆肚儿，等位人很多也等。但是很失望。爆肚的麻酱欠点儿意思。服务挺好，装修挺好，就是不好吃。哦，褡裢火烧不错。火烧还挺好吃的，可以点一点。其他的有点失望。图为爆肚儿。
codedlang:144:01,Crowd-AI-Lab/CodedLang,144,尼玛,尼玛,尼玛,ni2 ma3,你妈,你妈,ni3 ma1,ni˧˥ ma˨˩˦,ni˧˥ ma˨˩˦,ni˨˩˦ ma˥,ni˨˩˦ ma˥,否,[],official_dictionary_casefold,非词汇同音词,non_lexical_homophone,ni2 ma3,ni3 ma1,ni˧˥ ma˧˩˧,ni˧˩˧ ma˥,能看这里的评论都是华人！最近去吃了一次 只能永烂到极致 1 服务差到爆.我印象中没欠老板钱呀. 2 LA 靠海不代表你家盐是葱海里捞到吗？ 真尼玛咸死 3 饭菜基本上就是胡凑活丝毫没有任何质量可言！ 情绕道,能看这里的评论都是华人！最近去吃了一吃 只能永烂到极致 1 服务差到爆.我印象中没欠老板钱呀. 2 LA 靠海不代表你家盐是葱海里捞到吗？ 真你妈咸死 3 饭菜基本上就是胡凑活丝毫没有任何质量可言！ 情绕道
codedlang:145:01,Crowd-AI-Lab/CodedLang,145,辣鸡,辣鸡,辣鸡,la4 ji1,垃圾,垃圾,la1 ji1,la˥˩ tɕi˥,la˥˩ tɕi˥,la˥ tɕi˥,la˥ tɕi˥,否,[],official_dictionary_casefold,歧义同音词,ambiguous_homophone,la4 ji1,la1 ji1,la˥˩ tɕi˥,la˥ tɕi˥,难吃难吃难吃 重要的事情说三遍。想吃正宗或者跟正宗兰州拉面有一点点关系的朋友们千万不要来这家店。拉面师傅真的该退休了 点的毛细面拉的和米粉一样粗 汤底根本没有味道还不如泡面 辣椒油也很不正宗。浪费我开车半小时过来吃这家辣鸡面店,难吃难吃难吃 重要的事情说三遍。想吃正宗或者跟正宗兰州拉面有一点点关系的朋友们千万不要来这家店。拉面师傅真的该退休了 点的毛细面拉的和米粉一样粗 汤底根本没有味道还不如泡面 啦椒油也很不正宗。浪费我开车半小时过来吃这家垃圾面店
codedlang:146:01,Crowd-AI-Lab/CodedLang,146,炒鸡,炒鸡,炒鸡,chao3 ji1,超级,超级,chao1 ji2,ʈʂʰɑʊ˨˩˦ tɕi˥,ʈʂʰɑʊ˨˩˦ tɕi˥,ʈʂʰɑʊ˥ tɕi˧˥,ʈʂʰɑʊ˥ tɕi˧˥,否,[],official_dictionary_casefold,歧义同音词,ambiguous_homophone,chao3 ji1,chao1 ji2,ʈʂʰau̯˧˩˧ tɕi˥,ʈʂʰau̯˥ tɕi˧˥,牛肉面没什么味道，烤串都是炸的，炒鸡不好吃，不要点烤串x3 ...  服务员态度...哎......算了,牛肉面没什么味道，烤串都是炸的，超级不好吃，不要点烤串x3 ...  服务员态度...哎......算了
codedlang:147:01,Crowd-AI-Lab/CodedLang,147,辣鸡,辣鸡,辣鸡,la4 ji1,垃圾,垃圾,la1 ji1,la˥˩ tɕi˥,la˥˩ tɕi˥,la˥ tɕi˥,la˥ tɕi˥,否,[],official_dictionary_casefold,歧义同音词,"ambiguous_homophone, non_lexical_homophone",la4 ji1,la1 ji1,la˥˩ tɕi˥,la˥ tɕi˥,中国人慎入呀 今天中午 我们四个人 坐下五分钟 正准备点菜 进来几个白人 老板竟然赶我们到角里那桌 给刚来的腾桌子 给这几个白人让座 都9012年了 真特么活久见 有空桌的时候 中国人是客人 桌子满了 顾客就分三六九等了 辣鸡,中国人慎入呀 今天中午 我们四个人 坐下五分钟 正准备点菜 进来几个白人 老板竟然赶我们到角里那桌 给刚来的腾桌子 给这几个白人让座 都9012年了 真他妈活久见 有空桌的时候 中国人是客人 桌子满了 顾客就分三六九等了 垃圾
codedlang:147:02,Crowd-AI-Lab/CodedLang,147,特么,特么,特么,te4 me,他妈,他妈,ta1 ma1,tʰɤ˥˩ mɤ,tʰɤ˥˩ mɤ,tʰa˥ ma˥,tʰa˥ ma˥,否,[],official_dictionary_casefold,非词汇同音词,"ambiguous_homophone, non_lexical_homophone",te4 me,ta1 ma1,tʰɤ˥˩ mɤ,tʰa˥ ma˥,中国人慎入呀 今天中午 我们四个人 坐下五分钟 正准备点菜 进来几个白人 老板竟然赶我们到角里那桌 给刚来的腾桌子 给这几个白人让座 都9012年了 真特么活久见 有空桌的时候 中国人是客人 桌子满了 顾客就分三六九等了 辣鸡,中国人慎入呀 今天中午 我们四个人 坐下五分钟 正准备点菜 进来几个白人 老板竟然赶我们到角里那桌 给刚来的腾桌子 给这几个白人让座 都9012年了 真他妈活久见 有空桌的时候 中国人是客人 桌子满了 顾客就分三六九等了 垃圾
codedlang:149:01,Crowd-AI-Lab/CodedLang,149,特么,特么,特么,te4 me,他妈,他妈,ta1 ma1,tʰɤ˥˩ mɤ,tʰɤ˥˩ mɤ,tʰa˥ ma˥,tʰa˥ ma˥,否,[],official_dictionary_casefold,非词汇同音词,non_lexical_homophone,te4 me,ta1 ma1,tʰɤ˥˩ mɤ,tʰa˥ ma˥,汉堡不错，薯条太特么难吃了,汉堡不错，薯条太他妈难吃了
codedlang:150:01,Crowd-AI-Lab/CodedLang,150,赶脚,赶脚,赶脚,gan3 jiao3,感觉,感觉,gan3 jue2,kan˨˩˦ tɕiɑʊ˨˩˦,kan˨˩˦ tɕiɑʊ˨˩˦,kan˨˩˦ tɕyɛ˧˥,kan˨˩˦ tɕyɛ˧˥,否,[],official_dictionary_casefold,非词汇同音词,non_lexical_homophone,gan3 jiao3,gan3 jue2,ka˧˩˧n tɕjau̯˧˩˧,ka˧˩˧n tɕɥe˧˥,39号码头的热闹是非同一般的。 这家的location又超级棒，可远观对面的恶魔岛。  当初去HK特意避开山顶上鼎鼎大名的阿甘餐厅，来了美帝，好歹让我试一会呗。  一人食，要了一份当季特色的大虾意面，搭配纪念杯装无酒精的mojito~ 虾仁的确好吃，Q弹Q弹的。 意面的奶油汁比例正正好，奶香又不油腻。  有意思的是点单和用餐，只要翻动桌面上的牌子即可。 有点意思。  回国后听晓松说分析《阿甘正传》的电影情节。 希望下次有机会和米粉再来尝尝。带着重温电影的赶脚,39号码头的热闹是非同一般的。 这家的location又超级棒，可远观对面的恶魔岛。  当初去HK特意避开山顶上鼎鼎大名的阿甘餐厅，来了美帝，好歹让我试一会呗。  一人食，要了一份当季特色的大虾意面，搭配纪念杯装无酒精的mojito~ 虾仁的确好吃，Q弹Q弹的。 意面的奶油汁比例正正好，奶香又不油腻。  有意思的是点单和用餐，只要翻动桌面上的牌子即可。 有点意思。  回国后听晓松说分析《阿甘正传》的电影情节。 希望下吃有机会和米粉再来尝尝。带着重温电影的感觉
codedlang:151:01,Crowd-AI-Lab/CodedLang,151,好ㄘ,好ㄘ,好ㄘ,hao3 ㄘ,好吃,好吃,hao3 chi1,,xɑʊ˨˩˦,xɑʊ˨˩˦ ʈʂʰɻ̩˥,xɑʊ˨˩˦ ʈʂʰɻ̩˥,是,"[{""type"": ""source_unresolved_symbol_or_digit""}]",official_dictionary_casefold,语音替代,phonetic,hao3 c,hao3 chi1,xau̯˧˩˧ tsʰ,xau̯˧˩˧ ʈʂʰɻ̩˥,必點 2 號的pho，可外加牛肉丸，超好ㄘ！,必點 2 號的pho，可外加牛肉丸，超好吃！
codedlang:152:01,Crowd-AI-Lab/CodedLang,152,盆友,盆友,盆友,pen2 you3,朋友,朋友,peng2 you3,pʰən˧˥ joʊ˨˩˦,pʰən˧˥ joʊ˨˩˦,pʰɤŋ˧˥ joʊ˨˩˦,pʰɤŋ˧˥ joʊ˨˩˦,否,[],official_dictionary_casefold,非词汇同音词,non_lexical_homophone,pen2 you3,peng2 you3,pʰə˧˥n jou̯˧˩˧,pʰə˧˥ŋ jou̯˧˩˧,垃圾，预定没卵用，占座的一群人还不认错，态度极差，店家推诿，不要去啦盆友们,垃圾，预定没卵用，占座的一群人还不认错，态度极差，店家推诿，不要去啦朋友们
codedlang:153:01,Crowd-AI-Lab/CodedLang,153,好ㄘ,好ㄘ,好ㄘ,hao3 ㄘ,好吃,好吃,hao3 chi1,,xɑʊ˨˩˦,xɑʊ˨˩˦ ʈʂʰɻ̩˥,xɑʊ˨˩˦ ʈʂʰɻ̩˥,是,"[{""type"": ""source_unresolved_symbol_or_digit""}]",official_dictionary_casefold,语音替代,phonetic,hao3 c,hao3 chi1,xau̯˧˩˧ tsʰ,xau̯˧˩˧ ʈʂʰɻ̩˥,好ㄘ,好吃
codedlang:154:01,Crowd-AI-Lab/CodedLang,154,盆友,盆友,盆友,pen2 you3,朋友,朋友,peng2 you3,pʰən˧˥ joʊ˨˩˦,pʰən˧˥ joʊ˨˩˦,pʰɤŋ˧˥ joʊ˨˩˦,pʰɤŋ˧˥ joʊ˨˩˦,否,[],official_dictionary_casefold,非词汇同音词,non_lexical_homophone,pen2 you3,peng2 you3,pʰə˧˥n jou̯˧˩˧,pʰə˧˥ŋ jou̯˧˩˧,超级好吃，好吃到没盆友,超级好吃，好吃到没朋友
codedlang:156:01,Crowd-AI-Lab/CodedLang,156,特么,特么,特么,te4 me,他妈,他妈,ta1 ma1,tʰɤ˥˩ mɤ,tʰɤ˥˩ mɤ,tʰa˥ ma˥,tʰa˥ ma˥,否,[],official_dictionary_casefold,非词汇同音词,non_lexical_homophone,te4 me,ta1 ma1,tʰɤ˥˩ mɤ,tʰa˥ ma˥,服务不好其他评论都说了，但昨天去感觉有所改善。然而，昨天我们五个人去吃，他们经理居然说我们得做大桌用两个锅???您是打算让我们其中一人做孤儿自己一个锅呢，还是让我们分开吃呢?尽管后来她表示挤一下也可以，但她那无疑于脑残的想法还是狠狠把我恶心了一番。而且人到齐不能进去吃，我又不是进去干坐着，进去点好了上菜了等人来了直接就能吃有啥问题?  服务吐槽完了，再来说说菜品吧。很多菜下面垫的白菜碎特么糟糕，颜色都变了，不知道放了多久，我寻思就这种白菜碎能要的了您几个钱? 再者，我对食材本身保持严重怀疑态度。 看着没什么，但我吃完第二天就得闹肚子。顺便说一下，别点虾滑，虾滑里没虾，难吃的要死，就是一坨面旮沓。  最后吐槽一下他们的结账吧，强制收取15%服务费，在账单上还写service fee不写tips哈?你敢说不是想蒙了这15%费用后还再收一次小费，我把你狗头都打烂。多收15%服务费和多收15%饭钱有啥区别?我给多少小费关你们锤子事?您那服务值15%饭钱?  每次去吃印象都会变差不少，以后我再也不会去了。给一星是给味道本身的，没吃过四川火锅的朋友可以去尝尝，但真的非常不推荐这家店。,服务不好其他评论都说了，但昨天去感觉有所改善。然而，昨天我们五个人去吃，他们经理居然说我们得做大桌用两个锅???您是打算让我们其中一人做孤儿自己一个锅呢，还是让我们分开吃呢?尽管后来她表示挤一下也可以，但她那无疑于脑残的想法还是狠狠把我恶心了一番。而且人到齐不能进去吃，我又不是进去干坐着，进去点好了上菜了等人来了直接就能吃有啥问题?  服务吐槽完了，再来说说菜品吧。很多菜下面垫的白菜碎他妈糟糕，颜色都变了，不知道放了多久，我寻思就这种白菜碎能要的了您几个钱? 再者，我对食材本身保持严重怀疑态度。 看着没什么，但我吃完第二天就得闹肚子。顺便说一下，别点虾滑，虾滑里没虾，难吃的要死，就是一坨面旮沓。  最后吐槽一下他们的结账吧，强制收取15%服务费，在账单上还写service fee不写tips哈?你敢说不是想蒙了这15%费用后还再收一吃小费，我把你狗头都打烂。多收15%服务费和多收15%饭钱有啥区别?我给多少小费关你们锤子事?您那服务值15%饭钱?  每吃去吃印象都会变差不少，以后我再也不会去了。给一星是给味道本身的，没吃过四川火锅的朋友可以去尝尝，但真的非常不推荐这家店。
codedlang:157:01,Crowd-AI-Lab/CodedLang,157,草泥马,草泥马,草泥马,cao3 ni2 ma3,操你妈,操你妈,cao1 ni3 ma1,tsʰɑʊ˨˩˦ ni˧˥ ma˨˩˦,tsʰɑʊ˨˩˦ ni˧˥ ma˨˩˦,tsʰɑʊ˥ ni˨˩˦ ma˥,tsʰɑʊ˥ ni˨˩˦ ma˥,否,[],official_dictionary_casefold,歧义同音词,"ambiguous_homophone, non_lexical_homophone, phonetic",cao3 ni2 ma3,cao1 ni3 ma1,tsʰau̯˧˩˧ ni˧˥ ma˧˩˧,tsʰau̯˥ ni˧˩˧ ma˥,加福草泥马的，保险给你钱了尼玛跟我索赔，尼玛脑门子被JB顶坏了是不是，我打电话给保险，保险跟我说付过你们钱了 让我打电话给你们，你们这才知道付过钱了，现在一声不吭了，服务态度差的跟没家教一样，没人教是不是，下剑胚子，DON'T COME THIS PLACE ，They will ask you for a claim after they charge，They are very rude and uneducated!Very unprofessional!!!,加福操你妈的，保险给你钱了你妈跟我索赔，你妈脑门子被鸡巴顶坏了是不是，我打电话给保险，保险跟我说付过你们钱了 让我打电话给你们，你们这才知道付过钱了，现在一声不吭了，服务态度差的跟没家教一样，没人教是不是，下贱胚子，啲ON'T COME THIS PLACE ，They will ask you for a claim after they charge，They are very rude and uneducated!Very unprofessional!!!
codedlang:157:02,Crowd-AI-Lab/CodedLang,157,尼玛,尼玛,尼玛,ni2 ma3,你妈,你妈,ni3 ma1,ni˧˥ ma˨˩˦,ni˧˥ ma˨˩˦,ni˨˩˦ ma˥,ni˨˩˦ ma˥,否,[],official_dictionary_casefold,非词汇同音词,"ambiguous_homophone, non_lexical_homophone, phonetic",ni2 ma3,ni3 ma1,ni˧˥ ma˧˩˧,ni˧˩˧ ma˥,加福草泥马的，保险给你钱了尼玛跟我索赔，尼玛脑门子被JB顶坏了是不是，我打电话给保险，保险跟我说付过你们钱了 让我打电话给你们，你们这才知道付过钱了，现在一声不吭了，服务态度差的跟没家教一样，没人教是不是，下剑胚子，DON'T COME THIS PLACE ，They will ask you for a claim after they charge，They are very rude and uneducated!Very unprofessional!!!,加福操你妈的，保险给你钱了你妈跟我索赔，你妈脑门子被鸡巴顶坏了是不是，我打电话给保险，保险跟我说付过你们钱了 让我打电话给你们，你们这才知道付过钱了，现在一声不吭了，服务态度差的跟没家教一样，没人教是不是，下贱胚子，啲ON'T COME THIS PLACE ，They will ask you for a claim after they charge，They are very rude and uneducated!Very unprofessional!!!
codedlang:157:03,Crowd-AI-Lab/CodedLang,157,JB,JB,JB,JB,鸡巴,鸡巴,ji1 ba1,dʒˌeɪbˈiː,dʒˌeɪbˈiː,tɕi˥ pa˥,tɕi˥ pa˥,否,[],official_dictionary_casefold,语音替代,"ambiguous_homophone, non_lexical_homophone, phonetic",jb,ji1 ba1,ˈdʒeɪ pi˥,tɕi˥ pa˥,加福草泥马的，保险给你钱了尼玛跟我索赔，尼玛脑门子被JB顶坏了是不是，我打电话给保险，保险跟我说付过你们钱了 让我打电话给你们，你们这才知道付过钱了，现在一声不吭了，服务态度差的跟没家教一样，没人教是不是，下剑胚子，DON'T COME THIS PLACE ，They will ask you for a claim after they charge，They are very rude and uneducated!Very unprofessional!!!,加福操你妈的，保险给你钱了你妈跟我索赔，你妈脑门子被鸡巴顶坏了是不是，我打电话给保险，保险跟我说付过你们钱了 让我打电话给你们，你们这才知道付过钱了，现在一声不吭了，服务态度差的跟没家教一样，没人教是不是，下贱胚子，啲ON'T COME THIS PLACE ，They will ask you for a claim after they charge，They are very rude and uneducated!Very unprofessional!!!
codedlang:157:04,Crowd-AI-Lab/CodedLang,157,下剑,下剑,下剑,xia4 jian4,下贱,下贱,xia4 jian4,ɕia˥˩ tɕiɛn˥˩,ɕia˥˩ tɕiɛn˥˩,ɕia˥˩ tɕiɛn˥˩,ɕia˥˩ tɕiɛn˥˩,否,[],official_dictionary_casefold,非词汇同音词,"ambiguous_homophone, non_lexical_homophone, phonetic",xia4 jian4,xia4 jian4,ɕja˥˩ tɕjɛ˥˩n,ɕja˥˩ tɕjɛ˥˩n,加福草泥马的，保险给你钱了尼玛跟我索赔，尼玛脑门子被JB顶坏了是不是，我打电话给保险，保险跟我说付过你们钱了 让我打电话给你们，你们这才知道付过钱了，现在一声不吭了，服务态度差的跟没家教一样，没人教是不是，下剑胚子，DON'T COME THIS PLACE ，They will ask you for a claim after they charge，They are very rude and uneducated!Very unprofessional!!!,加福操你妈的，保险给你钱了你妈跟我索赔，你妈脑门子被鸡巴顶坏了是不是，我打电话给保险，保险跟我说付过你们钱了 让我打电话给你们，你们这才知道付过钱了，现在一声不吭了，服务态度差的跟没家教一样，没人教是不是，下贱胚子，啲ON'T COME THIS PLACE ，They will ask you for a claim after they charge，They are very rude and uneducated!Very unprofessional!!!
codedlang:158:01,Crowd-AI-Lab/CodedLang,158,辣鸡,辣鸡,辣鸡,la4 ji1,垃圾,垃圾,la1 ji1,la˥˩ tɕi˥,la˥˩ tɕi˥,la˥ tɕi˥,la˥ tɕi˥,否,[],official_dictionary_casefold,歧义同音词,ambiguous_homophone,la4 ji1,la1 ji1,la˥˩ tɕi˥,la˥ tɕi˥,服务还行，但是看有点运气，第一天遇到一个辣鸡销售，第二天还了一个小胖子，服务好很多,服务还行，但是看有点运气，第一天遇到一个垃圾销售，第二天还了一个小胖子，服务好很多
codedlang:159:01,Crowd-AI-Lab/CodedLang,159,男票,男票,男票,nan2 piao4,男朋友,男朋友,nan2 peng2 you3,nan˧˥ pʰiɑʊ˥˩,nan˧˥ pʰiɑʊ˥˩,nan˧˥ pʰɤŋ˧˥ joʊ˨˩˦,nan˧˥ pʰɤŋ˧˥ joʊ˨˩˦,否,[],official_dictionary_casefold,非词汇同音词,non_lexical_homophone,nan2 piao4,nan2 peng2 you3,na˧˥n pʰjau̯˥˩,na˧˥n pʰə˧˥ŋ jou̯˧˩˧,男票在旁边剪头发我就闲来无事做一次美甲，是一家泰国姐姐们开的美甲店，性价比很高，算一算几乎和国内的价格差不多了。做得也非常认真负责，从小红书上找的图然后美甲师姐姐非常干净利索地帮我选了颜色，图案做得也很细心，做到最后反而让剪完头发的男票等我弄完了哈哈～最后还有小小的手掌手臂按摩和热敷，非常舒服～ PS貌似不可以做国内那种封层很闪的光疗，所以我最后做了磨砂质感，超级舒服，每天都在自己摸自己指甲～ 超开心～谢谢美甲师姐姐～一定会回头的！,男朋友在旁边剪头发我就闲来无事做一吃美甲，是一家泰国姐姐们开的美甲店，性价比很高，算一算几乎和国内的价格差不多了。做得也非常认真负责，从小红书上找的图然后美甲师姐姐非常干净利索地帮我选了颜色，图案做得也很细心，做到最后反而让剪完头发的男朋友等我弄完了哈哈～最后还有小小的手掌手臂按摩和热敷，非常舒服～ PS貌似不可以做国内那种封层很闪的光疗，所以我最后做了磨砂质感，超级舒服，每天都在自己摸自己指甲～ 超开心～谢谢美甲师姐姐～一定会回头的！
codedlang:160:01,Crowd-AI-Lab/CodedLang,160,特么,特么,特么,te4 me,他妈,他妈,ta1 ma1,tʰɤ˥˩ mɤ,tʰɤ˥˩ mɤ,tʰa˥ ma˥,tʰa˥ ma˥,否,[],official_dictionary_casefold,非词汇同音词,non_lexical_homophone,te4 me,ta1 ma1,tʰɤ˥˩ mɤ,tʰa˥ ma˥,简直越来越难吃，所有串一点味道都没有，大周六晚上一共就我们一桌客人还特么给服务成这个鸟样子，水杯里还有头发都没稀罕说。最重要的是我和女朋友吃完后，我半夜四点起来拉肚子，女朋友早上九点起来拉肚子。我特么就问问sb老板你这个店还特么开不开了,简直越来越难吃，所有串一点味道都没有，大周六晚上一共就我们一桌客人还他妈给服务成这个鸟样子，水杯里还有头发都没稀罕说。最重要的是我和女朋友吃完后，我半夜四点起来拉肚子，女朋友早上九点起来拉肚子。我他妈就问问傻逼老板你这个店还他妈开不开了
codedlang:161:01,Crowd-AI-Lab/CodedLang,161,炒鸡,炒鸡,炒鸡,chao3 ji1,超级,超级,chao1 ji2,ʈʂʰɑʊ˨˩˦ tɕi˥,ʈʂʰɑʊ˨˩˦ tɕi˥,ʈʂʰɑʊ˥ tɕi˧˥,ʈʂʰɑʊ˥ tɕi˧˥,否,[],official_dictionary_casefold,歧义同音词,ambiguous_homophone,chao3 ji1,chao1 ji2,ʈʂʰau̯˧˩˧ tɕi˥,ʈʂʰau̯˥ tɕi˧˥,味道棒棒哒！！一群朋友去小酌一下炒鸡有气氛，驻唱小哥哥唱歌好好听:),味道棒棒哒！！一群朋友去小酌一下超级有气氛，驻唱小哥哥唱歌好好听:)
codedlang:162:01,Crowd-AI-Lab/CodedLang,162,男票,男票,男票,nan2 piao4,男朋友,男朋友,nan2 peng2 you3,nan˧˥ pʰiɑʊ˥˩,nan˧˥ pʰiɑʊ˥˩,nan˧˥ pʰɤŋ˧˥ joʊ˨˩˦,nan˧˥ pʰɤŋ˧˥ joʊ˨˩˦,否,[],official_dictionary_casefold,非词汇同音词,non_lexical_homophone,nan2 piao4,nan2 peng2 you3,na˧˥n pʰjau̯˥˩,na˧˥n pʰə˧˥ŋ jou̯˧˩˧,水饺超级棒，蘸酱也非常香，男票说蒜酱就是东北那疙瘩的味儿。美中不足是不要点非东北菜，否则分分钟画风清奇。下次要去试试一盘小山高的小菜和人人都点的乱炖排骨配玉米饽饽～,水饺超级棒，蘸酱也非常香，男朋友说蒜酱就是东北那疙瘩的味儿。美中不足是不要点非东北菜，否则分分钟画风清奇。下吃要去试试一盘小山高的小菜和人人都点的乱炖排骨配玉米饽饽～
codedlang:163:01,Crowd-AI-Lab/CodedLang,163,神马,神马,神马,shen2 ma3,什么,什么,shen2 me,ʂən˧˥ ma˨˩˦,ʂən˧˥ ma˨˩˦,ʂən˧˥ mɤ,ʂən˧˥ mɤ,否,[],official_dictionary_casefold,歧义同音词,ambiguous_homophone,shen2 ma3,shen2 me,ʂə˧˥n ma˧˩˧,ʂə˧˥n mɤ,只想说神马情况……完全不是那个味儿……这是换厨子了吗……这个小黄鱼你叫我怎么忍！？红烧肉倒是还不错，只是有点干。海带丝没放花椒，还很淡。小炒肉比麻辣香锅还辣……抱歉，这次真的不能忍了！只能冲着红烧肉和服务给两星……,只想说什么情况……完全不是那个味儿……这是换厨子了吗……这个小黄鱼你叫我怎么忍！？红烧肉倒是还不错，只是有点干。海带丝没放花椒，还很淡。小炒肉比麻啦香锅还啦……抱歉，这吃真的不能忍了！只能冲着红烧肉和服务给两星……
codedlang:164:01,Crowd-AI-Lab/CodedLang,164,辣么,辣么,辣么,la4 me,那么,那么,na4 me,la˥˩ mɤ,la˥˩ mɤ,na˥˩ mɤ,na˥˩ mɤ,否,[],official_dictionary_casefold,非词汇同音词,non_lexical_homophone,la4 me,na4 me,la˥˩ mɤ,na˥˩ mɤ,辣么好吃,那么好吃
codedlang:165:01,Crowd-AI-Lab/CodedLang,165,米国,米国,米国,mi3 guo2,美国,美国,mei3 guo2,mi˨˩˦ kuɔ˧˥,mi˨˩˦ kuɔ˧˥,mei˨˩˦ kuɔ˧˥,mei˨˩˦ kuɔ˧˥,否,[],official_dictionary_casefold,非词汇同音词,non_lexical_homophone,mi3 guo2,mei3 guo2,mi˧˩˧ kwo˧˥,mei̯˧˩˧ kwo˧˥,It's wonderful! Surprise ! I love the guangdong food. They makes authentic guangdong food. 很正宗的广东菜，里面的烤鸭汤河粉让我惊艳到了！推荐这家菜馆。难得在米国吃到正宗的没有被美国同化的菜！,It's wonderful! Surprise ! I love the guangdong food. They makes aut很tic guangdong food. 很正宗的广东菜，里面的烤鸭汤河粉让我惊艳到了！推荐这家菜馆。难得在美国吃到正宗的没有被美国同化的菜！
codedlang:166:01,Crowd-AI-Lab/CodedLang,166,ㄔ,ㄔ,ㄔ,ㄔ,吃,吃,chi1,,,ʈʂʰɻ̩˥,ʈʂʰɻ̩˥,是,"[{""type"": ""source_unresolved_symbol_or_digit""}]",official_dictionary_casefold,语音替代,phonetic,ch,chi1,tʂʰ,ʈʂʰɻ̩˥,它好好ㄔ，意外ㄉ美味👍,它好好吃，意外的美味👍
codedlang:166:02,Crowd-AI-Lab/CodedLang,166,ㄉ,ㄉ,ㄉ,ㄉ,的,的,de,,,tɤ,tɤ,是,"[{""type"": ""source_unresolved_symbol_or_digit""}]",official_dictionary_casefold,语音替代,phonetic,d,de,t,tɤ,它好好ㄔ，意外ㄉ美味👍,它好好吃，意外的美味👍
codedlang:167:01,Crowd-AI-Lab/CodedLang,167,特么,特么,特么,te4 me,他妈,他妈,ta1 ma1,tʰɤ˥˩ mɤ,tʰɤ˥˩ mɤ,tʰa˥ ma˥,tʰa˥ ma˥,否,[],official_dictionary_casefold,非词汇同音词,non_lexical_homophone,te4 me,ta1 ma1,tʰɤ˥˩ mɤ,tʰa˥ ma˥,我还没来 我就看到这种差评 还特么洗洁精 你是真的喝过吧 反正老子贵阳人 今天过去排雷看看有没有贵阳的味道,我还没来 我就看到这种差评 还他妈洗洁精 你是真的喝过吧 反正老子贵阳人 今天过去排雷看看有没有贵阳的味道
codedlang:168:01,Crowd-AI-Lab/CodedLang,168,草泥马,草泥马,草泥马,cao3 ni2 ma3,操你妈,操你妈,cao1 ni3 ma1,tsʰɑʊ˨˩˦ ni˧˥ ma˨˩˦,tsʰɑʊ˨˩˦ ni˧˥ ma˨˩˦,tsʰɑʊ˥ ni˨˩˦ ma˥,tsʰɑʊ˥ ni˨˩˦ ma˥,否,[],official_dictionary_casefold,歧义同音词,"ambiguous_homophone, non_lexical_homophone",cao3 ni2 ma3,cao1 ni3 ma1,tsʰau̯˧˩˧ ni˧˥ ma˧˩˧,tsʰau̯˥ ni˧˩˧ ma˥,草泥马的，破逼地方！卸货慢，等货单等一晚上！千万千万不要来！！如果要来，你也别寻思早走！直接一觉睡到大天亮！他不叫你走，你都别走！！7:00PM 的预约，8:10 上dock ！付完卸货费了，仍然不给货单！连找人都找不到！,操你妈的，破逼地方！卸货慢，等货单等一晚上！千万千万不要来！！如果要来，你也别寻思早走！直接一觉睡到大天亮！他不叫你走，你都别走！！7:00PM 的预约，不:10 上dock ！付完卸货费了，仍然不给货单！连找人都找不到！
codedlang:168:02,Crowd-AI-Lab/CodedLang,168,下剑,下剑,下剑,xia4 jian4,下贱,下贱,xia4 jian4,ɕia˥˩ tɕiɛn˥˩,ɕia˥˩ tɕiɛn˥˩,ɕia˥˩ tɕiɛn˥˩,ɕia˥˩ tɕiɛn˥˩,否,[],official_dictionary_casefold,非词汇同音词,"ambiguous_homophone, non_lexical_homophone",xia4 jian4,xia4 jian4,ɕja˥˩ tɕjɛ˥˩n,ɕja˥˩ tɕjɛ˥˩n,草泥马的，破逼地方！卸货慢，等货单等一晚上！千万千万不要来！！如果要来，你也别寻思早走！直接一觉睡到大天亮！他不叫你走，你都别走！！7:00PM 的预约，8:10 上dock ！付完卸货费了，仍然不给货单！连找人都找不到！,操你妈的，破逼地方！卸货慢，等货单等一晚上！千万千万不要来！！如果要来，你也别寻思早走！直接一觉睡到大天亮！他不叫你走，你都别走！！7:00PM 的预约，不:10 上dock ！付完卸货费了，仍然不给货单！连找人都找不到！
codedlang:170:01,Crowd-AI-Lab/CodedLang,170,特么,特么,特么,te4 me,他妈,他妈,ta1 ma1,tʰɤ˥˩ mɤ,tʰɤ˥˩ mɤ,tʰa˥ ma˥,tʰa˥ ma˥,否,[],official_dictionary_casefold,非词汇同音词,non_lexical_homophone,te4 me,ta1 ma1,tʰɤ˥˩ mɤ,tʰa˥ ma˥,点的Uber 外卖，吃过几次，味道凑活，但是真心吃一次拉稀一次，建议换换油吧，肉也不新鲜、要不是看在都是北京人的份上真特么想给你举报了,点的U逼er 外卖，吃过几吃，味道凑活，但是真心吃一吃拉稀一吃，建议换换油吧，肉也不新鲜、要不是看在都是北京人的份上真他妈想给你举报了
codedlang:171:01,Crowd-AI-Lab/CodedLang,171,内个,内个,内个,nei4 ge4,那个,那个,na4 ge,nei˥˩ kɤ˥˩,nei˥˩ kɤ˥˩,na˥˩ kɤ,na˥˩ kɤ,否,[],official_dictionary_casefold,非词汇同音词,non_lexical_homophone,nei4 ge4,na4 ge,nei̯˥˩ kɤ˥˩,na˥˩ kɤ,UCLA步行十分钟距离内个人最喜欢的中餐馆,UCLA步行十分钟距离那个人最喜欢的中餐馆
codedlang:172:01,Crowd-AI-Lab/CodedLang,172,盆友,盆友,盆友,pen2 you3,朋友,朋友,peng2 you3,pʰən˧˥ joʊ˨˩˦,pʰən˧˥ joʊ˨˩˦,pʰɤŋ˧˥ joʊ˨˩˦,pʰɤŋ˧˥ joʊ˨˩˦,否,[],official_dictionary_casefold,非词汇同音词,non_lexical_homophone,pen2 you3,peng2 you3,pʰə˧˥n jou̯˧˩˧,pʰə˧˥ŋ jou̯˧˩˧,小盆友喜欢得不愿意离开,小朋友喜欢得不愿意离开
codedlang:174:01,Crowd-AI-Lab/CodedLang,174,尼玛,尼玛,尼玛,ni2 ma3,你妈,你妈,ni3 ma1,ni˧˥ ma˨˩˦,ni˧˥ ma˨˩˦,ni˨˩˦ ma˥,ni˨˩˦ ma˥,否,[],official_dictionary_casefold,非词汇同音词,non_lexical_homophone,ni2 ma3,ni3 ma1,ni˧˥ ma˧˩˧,ni˧˩˧ ma˥,尼玛,你妈
codedlang:175:01,Crowd-AI-Lab/CodedLang,175,墙裂,墙裂,墙裂,qiang2 lie4,强烈,强烈,qiang2 lie4,tɕʰiɑŋ˧˥ liɛ˥˩,tɕʰiɑŋ˧˥ liɛ˥˩,tɕʰiɑŋ˧˥ liɛ˥˩,tɕʰiɑŋ˧˥ liɛ˥˩,否,[],official_dictionary_casefold,歧义同音词,ambiguous_homophone,qiang2 lie4,qiang2 lie4,tɕʰja˧˥ŋ lje˥˩,tɕʰja˧˥ŋ lje˥˩,我心中湾区前几名的餐厅。基本不怎么踩雷，推荐 猪肚荷包蛋，田园青菜钵，平锅鱿鱼须，红糖糍粑，家常菜如酸豆角肉沫，藕夹，萝卜干炒腊肉也都是很好吃的。墙裂推荐😋,我心中湾区前几名的餐厅。基本不怎么踩雷，推荐 猪肚荷包蛋，田园青菜钵，平锅鱿鱼须，红糖糍粑，家常菜如酸豆角肉沫，藕夹，萝卜干炒腊肉也都是很好吃的。强烈推荐😋
codedlang:177:01,Crowd-AI-Lab/CodedLang,177,ㄔ,ㄔ,ㄔ,ㄔ,吃,吃,chi1,,,ʈʂʰɻ̩˥,ʈʂʰɻ̩˥,是,"[{""type"": ""source_unresolved_symbol_or_digit""}]",official_dictionary_casefold,语音替代,phonetic,ch,chi1,tʂʰ,ʈʂʰɻ̩˥,很棒ㄉ用餐地方 尤其在逛了一整天ㄉ環球影城 坐下來喝熱茶、ㄔ熱湯海鮮烏龍麵...👍 推薦：坐在吧檯，看著專業人士料理 食慾大增😋,很棒的用餐地方 尤其在逛了一整天的環球影城 坐下來喝熱茶、吃熱湯海鮮烏龍麵...👍 推薦：坐在吧檯，看著專業人士料理 食慾大增😋
codedlang:177:02,Crowd-AI-Lab/CodedLang,177,ㄉ,ㄉ,ㄉ,ㄉ,的,的,de,,,tɤ,tɤ,是,"[{""type"": ""source_unresolved_symbol_or_digit""}]",official_dictionary_casefold,语音替代,phonetic,d,de,t,tɤ,很棒ㄉ用餐地方 尤其在逛了一整天ㄉ環球影城 坐下來喝熱茶、ㄔ熱湯海鮮烏龍麵...👍 推薦：坐在吧檯，看著專業人士料理 食慾大增😋,很棒的用餐地方 尤其在逛了一整天的環球影城 坐下來喝熱茶、吃熱湯海鮮烏龍麵...👍 推薦：坐在吧檯，看著專業人士料理 食慾大增😋
codedlang:178:01,Crowd-AI-Lab/CodedLang,178,尼玛,尼玛,尼玛,ni2 ma3,你妈,你妈,ni3 ma1,ni˧˥ ma˨˩˦,ni˧˥ ma˨˩˦,ni˨˩˦ ma˥,ni˨˩˦ ma˥,否,[],official_dictionary_casefold,非词汇同音词,non_lexical_homophone,ni2 ma3,ni3 ma1,ni˧˥ ma˧˩˧,ni˧˩˧ ma˥,服务冷淡，脸拉的老尼玛长了,服务冷淡，脸拉的老你妈长了
codedlang:179:01,Crowd-AI-Lab/CodedLang,179,辣鸡,辣鸡,辣鸡,la4 ji1,垃圾,垃圾,la1 ji1,la˥˩ tɕi˥,la˥˩ tɕi˥,la˥ tɕi˥,la˥ tɕi˥,否,[],official_dictionary_casefold,歧义同音词,ambiguous_homophone,la4 ji1,la1 ji1,la˥˩ tɕi˥,la˥ tɕi˥,辣鸡服务，不多说了，崇洋媚外，说英语的时候仿佛对面是上帝，说中文的时候好像她才是上帝,垃圾服务，不多说了，崇洋媚外，说英语的时候仿佛对面是上帝，说中文的时候好像她才是上帝
codedlang:181:01,Crowd-AI-Lab/CodedLang,181,辣鸡,辣鸡,辣鸡,la4 ji1,垃圾,垃圾,la1 ji1,la˥˩ tɕi˥,la˥˩ tɕi˥,la˥ tɕi˥,la˥ tɕi˥,否,[],official_dictionary_casefold,歧义同音词,ambiguous_homophone,la4 ji1,la1 ji1,la˥˩ tɕi˥,la˥ tɕi˥,吃了一半我就走了，不是我觉得不好吃，是因为我吃着一半，他们就在用炉头水刷地，我去，怎么吃，我老婆怀着孕，我问服务员怎么才8点你们就打扫了，他们说是老板要求的，OK，牛逼，妈的没试过吃饭吃到这样的，那炉头水的味道好呛，怎么吃，难怪晚上都没有人去吃，我再也不会去吃了，我会把帮你做广告的，难吃，辣鸡,吃了一半我就走了，不是我觉得不好吃，是因为我吃着一半，他们就在用炉头水刷地，我去，怎么吃，我老婆怀着孕，我问服务员怎么才不点你们就打扫了，他们说是老板要求的，OK，牛逼，妈的没试过吃饭吃到这样的，那炉头水的味道好呛，怎么吃，难怪晚上都没有人去吃，我再也不会去吃了，我会把帮你做广告的，难吃，垃圾
codedlang:182:01,Crowd-AI-Lab/CodedLang,182,木有,木有,木有,mu4 you3,没有,没有,mei2 you3,mu˥˩ joʊ˨˩˦,mu˥˩ joʊ˨˩˦,mei˧˥ joʊ˨˩˦,mei˧˥ joʊ˨˩˦,否,[],official_dictionary_casefold,非词汇同音词,non_lexical_homophone,mu4 you3,mei2 you3,mu˥˩ jou̯˧˩˧,mei̯˧˥ jou̯˧˩˧,几经辗转，差点就进黑名单了的，然后又奇迹般复活了！之前没有小菜点，面的量也特别少，吃的很不开心。后来无意间又去了一次，发现多了好多好多小菜！虽然不便宜，但是吃的很爽～特别是那个鱿鱼，强烈推荐！！绝对是你木有吃过的味道！,几经辗转，差点就进黑名单了的，然后又奇迹般复活了！之前没有小菜点，面的量也特别少，吃的很不开心。后来无意间又去了一吃，发现多了好多好多小菜！虽然不便宜，但是吃的很爽～特别是那个鱿鱼，强烈推荐！！绝对是你没有吃过的味道！
codedlang:183:01,Crowd-AI-Lab/CodedLang,183,辣鸡,辣鸡,辣鸡,la4 ji1,垃圾,垃圾,la1 ji1,la˥˩ tɕi˥,la˥˩ tɕi˥,la˥ tɕi˥,la˥ tɕi˥,否,[],official_dictionary_casefold,歧义同音词,ambiguous_homophone,la4 ji1,la1 ji1,la˥˩ tɕi˥,la˥ tɕi˥,辣鸡,垃圾
codedlang:187:01,Crowd-AI-Lab/CodedLang,187,辣鸡,辣鸡,辣鸡,la4 ji1,垃圾,垃圾,la1 ji1,la˥˩ tɕi˥,la˥˩ tɕi˥,la˥ tɕi˥,la˥ tɕi˥,否,[],official_dictionary_casefold,歧义同音词,ambiguous_homophone,la4 ji1,la1 ji1,la˥˩ tɕi˥,la˥ tɕi˥,骗子，上面说的可以堂吃，还让订座，打过去电话，态度恶劣的说不能堂吃，呸，辣鸡,骗子，上面说的可以堂吃，还让订座，打过去电话，态度恶劣的说不能堂吃，呸，垃圾
codedlang:188:01,Crowd-AI-Lab/CodedLang,188,尼玛,尼玛,尼玛,ni2 ma3,你妈,你妈,ni3 ma1,ni˧˥ ma˨˩˦,ni˧˥ ma˨˩˦,ni˨˩˦ ma˥,ni˨˩˦ ma˥,否,[],official_dictionary_casefold,非词汇同音词,non_lexical_homophone,ni2 ma3,ni3 ma1,ni˧˥ ma˧˩˧,ni˧˩˧ ma˥,都尼玛是拖吧?看了评价去的，这不就是没煮好的台式火锅吗？比将虎东还贵，比沸点难吃，吃完回家厕所拉到跑断腿，骗人死全家！真是评价不能行信,都你妈是拖吧?看了评价去的，这不就是没煮好的台式火锅吗？比将虎东还贵，比沸点难吃，吃完回家厕所拉到跑断腿，骗人死全家！真是评价不能行信
codedlang:189:01,Crowd-AI-Lab/CodedLang,189,赶脚,赶脚,赶脚,gan3 jiao3,感觉,感觉,gan3 jue2,kan˨˩˦ tɕiɑʊ˨˩˦,kan˨˩˦ tɕiɑʊ˨˩˦,kan˨˩˦ tɕyɛ˧˥,kan˨˩˦ tɕyɛ˧˥,否,[],official_dictionary_casefold,非词汇同音词,non_lexical_homophone,gan3 jiao3,gan3 jue2,ka˧˩˧n tɕjau̯˧˩˧,ka˧˩˧n tɕɥe˧˥,非常不错的体验，值得踩点打卡，强烈推荐烤鱼和自选的麻辣香锅，和国内一样的赶脚,非常不错的体验，值得踩点打卡，强烈推荐烤鱼和自选的麻啦香锅，和国内一样的感觉
codedlang:190:01,Crowd-AI-Lab/CodedLang,190,特么,特么,特么,te4 me,他妈,他妈,ta1 ma1,tʰɤ˥˩ mɤ,tʰɤ˥˩ mɤ,tʰa˥ ma˥,tʰa˥ ma˥,否,[],official_dictionary_casefold,非词汇同音词,non_lexical_homophone,te4 me,ta1 ma1,tʰɤ˥˩ mɤ,tʰa˥ ma˥,很难吃！千万千万不要选那个40多刀的烤鸭套餐，坑的一比，坑点如下：1. 鸭子不是现烤的，估计放了一天了，嚼鸭皮和嚼塑料皮似的。2. 菜难吃的要死。3. “鸭架汤”里连个鸭屁股都没见到。4. 给了一盘肉，饼只给了12张！一张饼能特么值几个钱？,很难吃！千万千万不要选那个40多刀的烤鸭套餐，坑的一比，坑点如下：1. 鸭子不是现烤的，估计放了一天了，嚼鸭皮和嚼塑料皮似的。2. 菜难吃的要死。3. “鸭架汤”里连个鸭屁股都没见到。4. 给了一盘肉，饼只给了12张！一张饼能他妈值几个钱？
codedlang:191:01,Crowd-AI-Lab/CodedLang,191,辣鸡,辣鸡,辣鸡,la4 ji1,垃圾,垃圾,la1 ji1,la˥˩ tɕi˥,la˥˩ tɕi˥,la˥ tɕi˥,la˥ tɕi˥,否,[],official_dictionary_casefold,歧义同音词,ambiguous_homophone,la4 ji1,la1 ji1,la˥˩ tɕi˥,la˥ tɕi˥,辣鸡饭店，毁我人生,垃圾饭店，毁我人生
codedlang:192:01,Crowd-AI-Lab/CodedLang,192,歪果仁,歪果仁,歪果仁,wai1 guo3 ren2,外国人,外国人,wai4 guo2 ren2,wai˥ kuɔ˨˩˦ ɻən˧˥,wai˥ kuɔ˨˩˦ ɻən˧˥,wai˥˩ kuɔ˧˥ ɻən˧˥,wai˥˩ kuɔ˧˥ ɻən˧˥,否,[],official_dictionary_casefold,非词汇同音词,non_lexical_homophone,wai1 guo3 ren2,wai4 guo2 ren2,wai̯˥ kwo˧˩˧ ɻə˧˥n,wai̯˥˩ kwo˧˥ ɻə˧˥n,绝逼洛杉矶最好吃中餐!清爽 适合南方人口味 都是歪果仁不过,绝逼洛杉矶最好吃中餐!清爽 适合南方人口味 都是外国人不过
codedlang:193:01,Crowd-AI-Lab/CodedLang,193,尼玛,尼玛,尼玛,ni2 ma3,你妈,你妈,ni3 ma1,ni˧˥ ma˨˩˦,ni˧˥ ma˨˩˦,ni˨˩˦ ma˥,ni˨˩˦ ma˥,否,[],official_dictionary_casefold,非词汇同音词,"non_lexical_homophone, phonetic",ni2 ma3,ni3 ma1,ni˧˥ ma˧˩˧,ni˧˩˧ ma˥,"NMSL,点了个外卖，真尼玛难吃，美见过能把面做得这么难吃的餐厅，你们家厨师是用脚做的菜？？？🤮","你妈死了,点了个外卖，真你妈难吃，没见过能把面做得这么难吃的餐厅，你们家厨师是用脚做的菜？？？🤮"
codedlang:193:02,Crowd-AI-Lab/CodedLang,193,NMSL,NMSL,NMSL,NMSL,你妈死了,你妈死了,ni3 ma1 si3 le,ˌɛnˌɛmˌɛsˈɛl,ˌɛnˌɛmˌɛsˈɛl,ni˨˩˦ ma˥ sɹ̩˨˩˦ lɤ,ni˨˩˦ ma˥ sɹ̩˨˩˦ lɤ,否,[],official_dictionary_casefold,语音替代,"non_lexical_homophone, phonetic",nmsl,ni3 ma1 si3 le,ˈɛm ˈɛm ˈɛs ˈɛɫ,ni˧˩˧ ma˥ sɹ̩˧˩˧ lɤ,"NMSL,点了个外卖，真尼玛难吃，美见过能把面做得这么难吃的餐厅，你们家厨师是用脚做的菜？？？🤮","你妈死了,点了个外卖，真你妈难吃，没见过能把面做得这么难吃的餐厅，你们家厨师是用脚做的菜？？？🤮"
codedlang:193:03,Crowd-AI-Lab/CodedLang,193,美见过,美见过,美见过,mei3 jian4 guo4,没见过,没见过,mei2 jian4 guo4,mei˨˩˦ tɕiɛn˥˩ kuɔ˥˩,mei˨˩˦ tɕiɛn˥˩ kuɔ˥˩,mei˧˥ tɕiɛn˥˩ kuɔ˥˩,mei˧˥ tɕiɛn˥˩ kuɔ˥˩,否,[],official_dictionary_casefold,非词汇同音词,"non_lexical_homophone, phonetic",mei3 jian4 guo4,mei2 jian4 guo4,mei̯˧˩˧ tɕjɛ˥˩n kwo˥˩,mei̯˧˥ tɕjɛ˥˩n kwo˥˩,"NMSL,点了个外卖，真尼玛难吃，美见过能把面做得这么难吃的餐厅，你们家厨师是用脚做的菜？？？🤮","你妈死了,点了个外卖，真你妈难吃，没见过能把面做得这么难吃的餐厅，你们家厨师是用脚做的菜？？？🤮"
codedlang:194:01,Crowd-AI-Lab/CodedLang,194,特么,特么,特么,te4 me,他妈,他妈,ta1 ma1,tʰɤ˥˩ mɤ,tʰɤ˥˩ mɤ,tʰa˥ ma˥,tʰa˥ ma˥,否,[],official_dictionary_casefold,非词汇同音词,non_lexical_homophone,te4 me,ta1 ma1,tʰɤ˥˩ mɤ,tʰa˥ ma˥,还能再垃圾一点吗？永远不要来这个银行！这特么操蛋！,还能再垃圾一点吗？永远不要来这个银行！这他妈操蛋！
codedlang:195:01,Crowd-AI-Lab/CodedLang,195,墙裂,墙裂,墙裂,qiang2 lie4,强烈,强烈,qiang2 lie4,tɕʰiɑŋ˧˥ liɛ˥˩,tɕʰiɑŋ˧˥ liɛ˥˩,tɕʰiɑŋ˧˥ liɛ˥˩,tɕʰiɑŋ˧˥ liɛ˥˩,否,[],official_dictionary_casefold,歧义同音词,ambiguous_homophone,qiang2 lie4,qiang2 lie4,tɕʰja˧˥ŋ lje˥˩,tɕʰja˧˥ŋ lje˥˩,郭师傅和王师傅特别专业，一大早就到了，忙活了一上午，帮我们搬完了所有东西。打包的特别仔细。墙裂推荐。,郭师傅和王师傅特别专业，一大早就到了，忙活了一上午，帮我们搬完了所有东西。打包的特别仔细。强烈推荐。
codedlang:196:01,Crowd-AI-Lab/CodedLang,196,hen,hen,hen,hen,很,很,hen3,xən,xən,xən˨˩˦,xən˨˩˦,否,[],official_dictionary_casefold,语音替代,phonetic,hen,hen3,xən,xə˧˩˧n,我覺得這間店不錯，特別是他的雞柳hen好ㄘ，根本不像其他美國人吃得乾雞柳。我個人是很愛吃辣，所以對於這裡個菜色都還蠻愛的。 這裡尖峰時間停車有點不方便，也不能預約只能排隊等，所以能晚一點點來會比較好。也建議大概最多四個人，不然會排很久才會有大桌子，兩個人的話就會快很多但是難點菜，所以四個人是個不錯的人數。,我覺得這間店不錯，特別是他的雞柳很好吃，根本不像其他美國人吃得乾雞柳。我個人是很愛吃啦，所以對於這裡個菜色都還蠻愛的。 這裡尖峰時間停車有點不方便，也不能預約只能排隊等，所以能晚一點點來會比較好。也建議大概最多四個人，不然會排很久才會有大桌子，兩個人的話就會快很多但是難點菜，所以四個人是個不錯的人數。
codedlang:196:02,Crowd-AI-Lab/CodedLang,196,好ㄘ,好ㄘ,好ㄘ,hao3 ㄘ,好吃,好吃,hao3 chi1,,xɑʊ˨˩˦,xɑʊ˨˩˦ ʈʂʰɻ̩˥,xɑʊ˨˩˦ ʈʂʰɻ̩˥,是,"[{""type"": ""source_unresolved_symbol_or_digit""}]",official_dictionary_casefold,语音替代,phonetic,hao3 c,hao3 chi1,xau̯˧˩˧ tsʰ,xau̯˧˩˧ ʈʂʰɻ̩˥,我覺得這間店不錯，特別是他的雞柳hen好ㄘ，根本不像其他美國人吃得乾雞柳。我個人是很愛吃辣，所以對於這裡個菜色都還蠻愛的。 這裡尖峰時間停車有點不方便，也不能預約只能排隊等，所以能晚一點點來會比較好。也建議大概最多四個人，不然會排很久才會有大桌子，兩個人的話就會快很多但是難點菜，所以四個人是個不錯的人數。,我覺得這間店不錯，特別是他的雞柳很好吃，根本不像其他美國人吃得乾雞柳。我個人是很愛吃啦，所以對於這裡個菜色都還蠻愛的。 這裡尖峰時間停車有點不方便，也不能預約只能排隊等，所以能晚一點點來會比較好。也建議大概最多四個人，不然會排很久才會有大桌子，兩個人的話就會快很多但是難點菜，所以四個人是個不錯的人數。
codedlang:197:01,Crowd-AI-Lab/CodedLang,197,好ㄘ,好ㄘ,好ㄘ,hao3 ㄘ,好吃,好吃,hao3 chi1,,xɑʊ˨˩˦,xɑʊ˨˩˦ ʈʂʰɻ̩˥,xɑʊ˨˩˦ ʈʂʰɻ̩˥,是,"[{""type"": ""source_unresolved_symbol_or_digit""}]",official_dictionary_casefold,语音替代,phonetic,hao3 c,hao3 chi1,xau̯˧˩˧ tsʰ,xau̯˧˩˧ ʈʂʰɻ̩˥,好好ㄘ的越南河粉～～🥰,好好吃的越南河粉～～🥰
codedlang:198:01,Crowd-AI-Lab/CodedLang,198,草泥马,草泥马,草泥马,cao3 ni2 ma3,操你妈,操你妈,cao1 ni3 ma1,tsʰɑʊ˨˩˦ ni˧˥ ma˨˩˦,tsʰɑʊ˨˩˦ ni˧˥ ma˨˩˦,tsʰɑʊ˥ ni˨˩˦ ma˥,tsʰɑʊ˥ ni˨˩˦ ma˥,否,[],official_dictionary_casefold,歧义同音词,ambiguous_homophone,cao3 ni2 ma3,cao1 ni3 ma1,tsʰau̯˧˩˧ ni˧˥ ma˧˩˧,tsʰau̯˥ ni˧˩˧ ma˥,草泥马,操你妈
codedlang:199:01,Crowd-AI-Lab/CodedLang,199,木有,木有,木有,mu4 you3,没有,没有,mei2 you3,mu˥˩ joʊ˨˩˦,mu˥˩ joʊ˨˩˦,mei˧˥ joʊ˨˩˦,mei˧˥ joʊ˨˩˦,否,[],official_dictionary_casefold,非词汇同音词,non_lexical_homophone,mu4 you3,mei2 you3,mu˥˩ jou̯˧˩˧,mei̯˧˥ jou̯˧˩˧,寿司挺好吃的，外观好看，看着有食欲。那个寿司的矮子挺可爱的，矮矮胖胖的，身材棒棒哒。我是为这个寿司师傅来评论的，其他一般，食物木有什么好说的。,寿司挺好吃的，外观好看，看着有食欲。那个寿司的矮子挺可爱的，矮矮胖胖的，身材棒棒哒。我是为这个寿司师傅来评论的，其他一般，食物没有什么好说的。
codedlang:200:01,Crowd-AI-Lab/CodedLang,200,滚粗,滚粗,滚粗,gun3 cu1,滚出,滚出,gun3 chu1,kuən˨˩˦ tsʰu˥,kuən˨˩˦ tsʰu˥,kuən˨˩˦ ʈʂʰu˥,kuən˨˩˦ ʈʂʰu˥,否,[],official_dictionary_casefold,非词汇同音词,non_lexical_homophone,gun3 cu1,gun3 chu1,kwə˧˩˧n tsʰu˥,kwə˧˩˧n ʈʂʰu˥,垃圾餐厅 服务员脸丑上菜还慢 负分滚粗吧,垃圾餐厅 服务员脸丑上菜还慢 负分滚出吧
codedlang:201:01,Crowd-AI-Lab/CodedLang,201,捉急,捉急,捉急,zhuo1 ji2,着急,着急,zhao2 ji2,ʈʂuɔ˥ tɕi˧˥,ʈʂuɔ˥ tɕi˧˥,ʈʂɑʊ˧˥ tɕi˧˥,ʈʂɑʊ˧˥ tɕi˧˥,否,[],official_dictionary_casefold,非词汇同音词,non_lexical_homophone,zhuo1 ji2,zhao2 ji2,ʈʂwo˥ tɕi˧˥,ʈʂau̯˧˥ tɕi˧˥,点的脆皮烧肉，上的是叉烧，服务员拼命辩解也不给换。菜的口味不错，但服务态度令人捉急,点的脆皮烧肉，上的是叉烧，服务员拼命辩解也不给换。菜的口味不错，但服务态度令人着急
codedlang:202:01,Crowd-AI-Lab/CodedLang,202,尼玛,尼玛,尼玛,ni2 ma3,你妈,你妈,ni3 ma1,ni˧˥ ma˨˩˦,ni˧˥ ma˨˩˦,ni˨˩˦ ma˥,ni˨˩˦ ma˥,否,[],official_dictionary_casefold,非词汇同音词,non_lexical_homophone,ni2 ma3,ni3 ma1,ni˧˥ ma˧˩˧,ni˧˩˧ ma˥,很多蔬果不新鲜，上次买了几包樱桃，难吃极了，来美国多年就没吃过这么难吃的樱桃，真好奇他们的进货渠道是哪里？还有三包拿回来和他们换其它的东西，也不给换，还说难吃我们每天也卖了很多，尼玛你卖很多还不给换？因为你自己知道难吃才不给换的.我又不是让你退.,很多蔬果不新鲜，上吃买了几包樱桃，难吃极了，来美国多年就没吃过这么难吃的樱桃，真好奇他们的进货渠道是哪里？还有三包拿回来和他们换其它的东西，也不给换，还说难吃我们每天也卖了很多，你妈你卖很多还不给换？因为你自己知道难吃才不给换的.我又不是让你退.
codedlang:203:01,Crowd-AI-Lab/CodedLang,203,炒鸡,炒鸡,炒鸡,chao3 ji1,超级,超级,chao1 ji2,ʈʂʰɑʊ˨˩˦ tɕi˥,ʈʂʰɑʊ˨˩˦ tɕi˥,ʈʂʰɑʊ˥ tɕi˧˥,ʈʂʰɑʊ˥ tɕi˧˥,否,[],official_dictionary_casefold,歧义同音词,ambiguous_homophone,chao3 ji1,chao1 ji2,ʈʂʰau̯˧˩˧ tɕi˥,ʈʂʰau̯˥ tɕi˧˥,奶盖茶炒鸡棒！！！,奶盖茶超级棒！！！
codedlang:204:01,Crowd-AI-Lab/CodedLang,204,好ㄘ,好ㄘ,好ㄘ,hao3 ㄘ,好吃,好吃,hao3 chi1,,xɑʊ˨˩˦,xɑʊ˨˩˦ ʈʂʰɻ̩˥,xɑʊ˨˩˦ ʈʂʰɻ̩˥,是,"[{""type"": ""source_unresolved_symbol_or_digit""}]",official_dictionary_casefold,语音替代,phonetic,hao3 c,hao3 chi1,xau̯˧˩˧ tsʰ,xau̯˧˩˧ ʈʂʰɻ̩˥,好ㄘ,好吃
codedlang:205:01,Crowd-AI-Lab/CodedLang,205,你玛,你玛,你玛,ni3 ma3,你妈,你妈,ni3 ma1,ni˨˩˦ ma˨˩˦,ni˨˩˦ ma˨˩˦,ni˨˩˦ ma˥,ni˨˩˦ ma˥,否,[],official_dictionary_casefold,非词汇同音词,"ambiguous_homophone, non_lexical_homophone, orthographic, phonetic",ni3 ma3,ni3 ma1,ni˧˩˧ ma˧˩˧,ni˧˩˧ ma˥,里面有个岁数一看就尼玛中年油腻男还当服务员，真给你玛长脸了，SB我就去年买了块表的，镇jb想弄你这个biang艹的。,里面有个岁数一看就你妈中年油腻男还当服务员，真给你妈长脸了，SB我就去你妈了个逼的，真鸡巴想弄你这个逼iang草的。
codedlang:205:02,Crowd-AI-Lab/CodedLang,205,尼玛,尼玛,尼玛,ni2 ma3,你妈,你妈,ni3 ma1,ni˧˥ ma˨˩˦,ni˧˥ ma˨˩˦,ni˨˩˦ ma˥,ni˨˩˦ ma˥,否,[],official_dictionary_casefold,非词汇同音词,"ambiguous_homophone, non_lexical_homophone, orthographic, phonetic",ni2 ma3,ni3 ma1,ni˧˥ ma˧˩˧,ni˧˩˧ ma˥,里面有个岁数一看就尼玛中年油腻男还当服务员，真给你玛长脸了，SB我就去年买了块表的，镇jb想弄你这个biang艹的。,里面有个岁数一看就你妈中年油腻男还当服务员，真给你妈长脸了，SB我就去你妈了个逼的，真鸡巴想弄你这个逼iang草的。
codedlang:205:03,Crowd-AI-Lab/CodedLang,205,艹,艹,艹,cao3,,,,tsʰɑʊ˨˩˦,tsʰɑʊ˨˩˦,,,是,"[{""type"": ""missing_dictionary_decode""}]",not_in_official_dictionary,歧义同音词 / 语音替代 / 非词汇同音词,"ambiguous_homophone, non_lexical_homophone, orthographic, phonetic",,,,,里面有个岁数一看就尼玛中年油腻男还当服务员，真给你玛长脸了，SB我就去年买了块表的，镇jb想弄你这个biang艹的。,里面有个岁数一看就你妈中年油腻男还当服务员，真给你妈长脸了，SB我就去你妈了个逼的，真鸡巴想弄你这个逼iang草的。
codedlang:205:04,Crowd-AI-Lab/CodedLang,205,SB,SB,SB,SB,傻逼,傻逼,sha3 bi1,ˌɛsbˈiː,ˌɛsbˈiː,ʂa˨˩˦ pi˥,ʂa˨˩˦ pi˥,否,[],official_dictionary_casefold,语音替代,"ambiguous_homophone, non_lexical_homophone, orthographic, phonetic",sb,sha3 bi1,ˈɛs pi˥,ʂa˧˩˧ pi˥,里面有个岁数一看就尼玛中年油腻男还当服务员，真给你玛长脸了，SB我就去年买了块表的，镇jb想弄你这个biang艹的。,里面有个岁数一看就你妈中年油腻男还当服务员，真给你妈长脸了，SB我就去你妈了个逼的，真鸡巴想弄你这个逼iang草的。
codedlang:205:05,Crowd-AI-Lab/CodedLang,205,jb,jb,jb,jb,鸡巴,鸡巴,ji1 ba1,dʒˌeɪbˈiː,dʒˌeɪbˈiː,tɕi˥ pa˥,tɕi˥ pa˥,否,[],official_dictionary_casefold,语音替代,"ambiguous_homophone, non_lexical_homophone, orthographic, phonetic",jb,ji1 ba1,ˈdʒeɪ pi˥,tɕi˥ pa˥,里面有个岁数一看就尼玛中年油腻男还当服务员，真给你玛长脸了，SB我就去年买了块表的，镇jb想弄你这个biang艹的。,里面有个岁数一看就你妈中年油腻男还当服务员，真给你妈长脸了，SB我就去你妈了个逼的，真鸡巴想弄你这个逼iang草的。
codedlang:205:06,Crowd-AI-Lab/CodedLang,205,我就去年买了块表,我就去年买了块表,我就去年买了块表,wo3 jiu4 qu4 nian2 mai3 le kuai4 biao3,我就去你妈了个逼,我就去你妈了个逼,wo3 jiu4 qu4 ni3 ma1 le ge4 bi1,wɔ˨˩˦ tɕiou˥˩ tɕʰy˥˩ niɛn˧˥ mai˨˩˦ lɤ kʰuai˥˩ piɑʊ˨˩˦,wɔ˨˩˦ tɕiou˥˩ tɕʰy˥˩ niɛn˧˥ mai˨˩˦ lɤ kʰuai˥˩ piɑʊ˨˩˦,wɔ˨˩˦ tɕiou˥˩ tɕʰy˥˩ ni˨˩˦ ma˥ lɤ kɤ˥˩ pi˥,wɔ˨˩˦ tɕiou˥˩ tɕʰy˥˩ ni˨˩˦ ma˥ lɤ kɤ˥˩ pi˥,否,[],official_dictionary_casefold,歧义同音词,"ambiguous_homophone, non_lexical_homophone, orthographic, phonetic",wo3 jiu4 qu4 nian2 mai3 le kuai4 biao3,wo3 jiu4 qu4 ni3 ma1 le ge4 bi1,wo˧˩˧ tɕjou̯˥˩ tɕʰy˥˩ njɛ˧˥n mai̯˧˩˧ lɤ kʰwai̯˥˩ pjau̯˧˩˧,wo˧˩˧ tɕjou̯˥˩ tɕʰy˥˩ ni˧˩˧ ma˥ lɤ kɤ˥˩ pi˥,里面有个岁数一看就尼玛中年油腻男还当服务员，真给你玛长脸了，SB我就去年买了块表的，镇jb想弄你这个biang艹的。,里面有个岁数一看就你妈中年油腻男还当服务员，真给你妈长脸了，SB我就去你妈了个逼的，真鸡巴想弄你这个逼iang草的。
codedlang:205:07,Crowd-AI-Lab/CodedLang,205,镇,镇,镇,zhen4,真,真,zhen1,ʈʂən˥˩,ʈʂən˥˩,ʈʂən˥,ʈʂən˥,否,[],official_dictionary_casefold,歧义同音词,"ambiguous_homophone, non_lexical_homophone, orthographic, phonetic",zhen4,zhen1,ʈʂə˥˩n,ʈʂə˥n,里面有个岁数一看就尼玛中年油腻男还当服务员，真给你玛长脸了，SB我就去年买了块表的，镇jb想弄你这个biang艹的。,里面有个岁数一看就你妈中年油腻男还当服务员，真给你妈长脸了，SB我就去你妈了个逼的，真鸡巴想弄你这个逼iang草的。
codedlang:207:01,Crowd-AI-Lab/CodedLang,207,⑤,⑤,⑤,⑤,,,,,,,,是,"[{""type"": ""missing_dictionary_decode""}, {""type"": ""source_unresolved_symbol_or_digit""}]",not_in_official_dictionary,语音替代,"emoji, phonetic",,,,,味道⑤错，价格⑤贵，只喺坐位有D挤逼，同埋老板经常口黑面黑，但老板娘就比较和蔼可亲～😊,味道不错，价格不贵，只喺坐位有啲挤逼，同埋老板经常口黑面黑，但老板娘就比较和蔼可亲～😊
codedlang:207:02,Crowd-AI-Lab/CodedLang,207,有D,有D,有D,you3 D,,,,joʊ˨˩˦ dˈiː,joʊ˨˩˦ dˈiː,,,是,"[{""type"": ""missing_dictionary_decode""}]",not_in_official_dictionary,语音替代,"emoji, phonetic",,,,,味道⑤错，价格⑤贵，只喺坐位有D挤逼，同埋老板经常口黑面黑，但老板娘就比较和蔼可亲～😊,味道不错，价格不贵，只喺坐位有啲挤逼，同埋老板经常口黑面黑，但老板娘就比较和蔼可亲～😊
codedlang:209:01,Crowd-AI-Lab/CodedLang,209,特么,特么,特么,te4 me,他妈,他妈,ta1 ma1,tʰɤ˥˩ mɤ,tʰɤ˥˩ mɤ,tʰa˥ ma˥,tʰa˥ ma˥,否,[],official_dictionary_casefold,非词汇同音词,non_lexical_homophone,te4 me,ta1 ma1,tʰɤ˥˩ mɤ,tʰa˥ ma˥,菜点了没上齐 金针菇有煤气味 强忍不满给了小费还特么的嫌少,菜点了没上齐 金针菇有煤气味 强忍不满给了小费还他妈的嫌少
codedlang:210:01,Crowd-AI-Lab/CodedLang,210,尼玛,尼玛,尼玛,ni2 ma3,你妈,你妈,ni3 ma1,ni˧˥ ma˨˩˦,ni˧˥ ma˨˩˦,ni˨˩˦ ma˥,ni˨˩˦ ma˥,否,[],official_dictionary_casefold,非词汇同音词,non_lexical_homophone,ni2 ma3,ni3 ma1,ni˧˥ ma˧˩˧,ni˧˩˧ ma˥,五更肠旺四分，a菜3分，担担面负分（这尼玛是担担面你逗我？）服务最多两分。综合下来两分不能再多了！,五更肠旺四分，a菜3分，担担面负分（这你妈是担担面你逗我？）服务最多两分。综合下来两分不能再多了！
codedlang:211:01,Crowd-AI-Lab/CodedLang,211,墙裂,墙裂,墙裂,qiang2 lie4,强烈,强烈,qiang2 lie4,tɕʰiɑŋ˧˥ liɛ˥˩,tɕʰiɑŋ˧˥ liɛ˥˩,tɕʰiɑŋ˧˥ liɛ˥˩,tɕʰiɑŋ˧˥ liɛ˥˩,否,[],official_dictionary_casefold,歧义同音词,ambiguous_homophone,qiang2 lie4,qiang2 lie4,tɕʰja˧˥ŋ lje˥˩,tɕʰja˧˥ŋ lje˥˩,"泥炉烤肉非常好吃😋，顶级牛 秘制虾 墙裂推荐，服务nice, 很不错的晚餐去处","泥炉烤肉非常好吃😋，顶级牛 秘制虾 强烈推荐，服务nice, 很不错的晚餐去处"
codedlang:212:01,Crowd-AI-Lab/CodedLang,212,墙裂,墙裂,墙裂,qiang2 lie4,强烈,强烈,qiang2 lie4,tɕʰiɑŋ˧˥ liɛ˥˩,tɕʰiɑŋ˧˥ liɛ˥˩,tɕʰiɑŋ˧˥ liɛ˥˩,tɕʰiɑŋ˧˥ liɛ˥˩,否,[],official_dictionary_casefold,歧义同音词,ambiguous_homophone,qiang2 lie4,qiang2 lie4,tɕʰja˧˥ŋ lje˥˩,tɕʰja˧˥ŋ lje˥˩,烤天下是全洛杉矶最好吃的烧烤店！ la这么多家烧烤店中，烤天下是独一无二的！每次去吃都会有一小碟卤花生，既入味又开胃，墙裂推荐他家的羊小串，皮蛋豆腐，羊小串，奥尔良鸡软骨，鸡胗，烤火烧烤玉米和猪五花。食材新鲜，不会用重口的调料掩盖原本的味道。菜量和价格也合适，三十多块可以两个人吃的很饱。一直开到晚上两点，始终是我每次深夜烧烤的第一选择。,烤天下是全洛杉矶最好吃的烧烤店！ la这么多家烧烤店中，烤天下是独一无二的！每吃去吃都会有一小碟卤花生，既入味又开胃，强烈推荐他家的羊小串，皮蛋豆腐，羊小串，奥尔良鸡软骨，鸡胗，烤火烧烤玉米和猪五花。食材新鲜，不会用重口的调料掩盖原本的味道。菜量和价格也合适，三十多块可以两个人吃的很饱。一直开到晚上两点，始终是我每吃深夜烧烤的第一选择。
codedlang:213:01,Crowd-AI-Lab/CodedLang,213,滚粗,滚粗,滚粗,gun3 cu1,滚出,滚出,gun3 chu1,kuən˨˩˦ tsʰu˥,kuən˨˩˦ tsʰu˥,kuən˨˩˦ ʈʂʰu˥,kuən˨˩˦ ʈʂʰu˥,否,[],official_dictionary_casefold,非词汇同音词,non_lexical_homophone,gun3 cu1,gun3 chu1,kwə˧˩˧n tsʰu˥,kwə˧˩˧n ʈʂʰu˥,作為廣東人，我覺得食物十分偏甜。點了豆腐斑腩煲，店家卻以鱈魚代替斑腩，味道還很不新鮮。差評滚粗。,作為廣東人，我覺得食物十分偏甜。點了豆腐斑腩煲，店家卻以鱈魚代替斑腩，味道還很不新鮮。差評滚出。
codedlang:215:01,Crowd-AI-Lab/CodedLang,215,墙裂,墙裂,墙裂,qiang2 lie4,强烈,强烈,qiang2 lie4,tɕʰiɑŋ˧˥ liɛ˥˩,tɕʰiɑŋ˧˥ liɛ˥˩,tɕʰiɑŋ˧˥ liɛ˥˩,tɕʰiɑŋ˧˥ liɛ˥˩,否,[],official_dictionary_casefold,歧义同音词,ambiguous_homophone,qiang2 lie4,qiang2 lie4,tɕʰja˧˥ŋ lje˥˩,tɕʰja˧˥ŋ lje˥˩,旅游来这边，朋友推荐的～all u can eat超值 服务也很好！小哥哥人很帅 服务也很贴心～～东西超好吃，肉的品质很好也很新鲜，自助分量也很足！ 墙裂推荐精品系列！还有牛舌～吃过最好吃的牛舌 还有油花在里面。因为太好吃，急着吃，忘记拍照了很遗憾不能跟大家分享美味的图片哈哈哈哈哈 来玩的人记得要去吃哦！服务堪比海底捞了哈哈哈，走的时候还给了好多好吃的棒棒糖,旅游来这边，朋友推荐的～all u can eat超值 服务也很好！小哥哥人很帅 服务也很贴心～～东西超好吃，肉的品质很好也很新鲜，自助分量也很足！ 强烈推荐精品系列！还有牛舌～吃过最好吃的牛舌 还有油花在里面。因为太好吃，急着吃，忘记拍照了很遗憾不能跟大家分享美味的图片哈哈哈哈哈 来玩的人记得要去吃哦！服务堪比海底捞了哈哈哈，走的时候还给了好多好吃的棒棒糖
codedlang:216:01,Crowd-AI-Lab/CodedLang,216,尼玛,尼玛,尼玛,ni2 ma3,你妈,你妈,ni3 ma1,ni˧˥ ma˨˩˦,ni˧˥ ma˨˩˦,ni˨˩˦ ma˥,ni˨˩˦ ma˥,否,[],official_dictionary_casefold,非词汇同音词,non_lexical_homophone,ni2 ma3,ni3 ma1,ni˧˥ ma˧˩˧,ni˧˩˧ ma˥,最强食堂嗷。就是美式甜食太尼玛甜了。,最强食堂嗷。就是美式甜食太你妈甜了。
codedlang:217:01,Crowd-AI-Lab/CodedLang,217,辣鸡,辣鸡,辣鸡,la4 ji1,垃圾,垃圾,la1 ji1,la˥˩ tɕi˥,la˥˩ tɕi˥,la˥ tɕi˥,la˥ tɕi˥,否,[],official_dictionary_casefold,歧义同音词,ambiguous_homophone,la4 ji1,la1 ji1,la˥˩ tɕi˥,la˥ tɕi˥,"没有免费wifi,停车还需要额外付费，而且还没有停车位，辣鸡","没有免费wifi,停车还需要额外付费，而且还没有停车位，垃圾"
codedlang:218:01,Crowd-AI-Lab/CodedLang,218,尼玛,尼玛,尼玛,ni2 ma3,你妈,你妈,ni3 ma1,ni˧˥ ma˨˩˦,ni˧˥ ma˨˩˦,ni˨˩˦ ma˥,ni˨˩˦ ma˥,否,[],official_dictionary_casefold,非词汇同音词,non_lexical_homophone,ni2 ma3,ni3 ma1,ni˧˥ ma˧˩˧,ni˧˩˧ ma˥,看了评论我们才去的，本以为川菜会比较地道，随便点了几个家常菜，别说川菜了，连点中国菜的影子都没有，跟他们说做中式的，服务员直接说她们这是美式中餐.菜量也少的可怜，一男一女两人点四个菜，也没吃饱，服务也是看美国人就笑着舔蛋，看中国就爱理不理，她们这好评论尼玛绝对是自己刷的，垃圾店,看了评论我们才去的，本以为川菜会比较地道，随便点了几个家常菜，别说川菜了，连点中国菜的影子都没有，跟他们说做中式的，服务员直接说她们这是美式中餐.菜量也少的可怜，一男一女两人点四个菜，也没吃饱，服务也是看美国人就笑着舔蛋，看中国就爱理不理，她们这好评论你妈绝对是自己刷的，垃圾店
codedlang:219:01,Crowd-AI-Lab/CodedLang,219,木有,木有,木有,mu4 you3,没有,没有,mei2 you3,mu˥˩ joʊ˨˩˦,mu˥˩ joʊ˨˩˦,mei˧˥ joʊ˨˩˦,mei˧˥ joʊ˨˩˦,否,[],official_dictionary_casefold,非词汇同音词,non_lexical_homophone,mu4 you3,mei2 you3,mu˥˩ jou̯˧˩˧,mei̯˧˥ jou̯˧˩˧,服务很好，整体味道没有什么可挑剔的，好吃很均衡但是没有很地道很精致的日本味道。卷能散也是很少见。oden给了两个蛋。。鰹魚汤底的味道一喝就想起来罗森哈哈哈。酒蒸蛤蜊真的都是清酒味！sukiyaki还是比较惊艳，巨大一碗！美中不足就是木有生鸡蛋的陪衬就好比少了灵魂。,服务很好，整体味道没有什么可挑剔的，好吃很均衡但是没有很地道很精致的日本味道。卷能散也是很少见。oden给了两个蛋。。鰹魚汤底的味道一喝就想起来罗森哈哈哈。酒蒸蛤蜊真的都是清酒味！sukiyaki还是比较惊艳，巨大一碗！美中不足就是没有生鸡蛋的陪衬就好比少了灵魂。
codedlang:220:01,Crowd-AI-Lab/CodedLang,220,童鞋,童鞋,童鞋,tong2 xie2,同学,同学,tong2 xue2,tʰʊŋ˧˥ ɕiɛ˧˥,tʰʊŋ˧˥ ɕiɛ˧˥,tʰʊŋ˧˥ ɕyɛ˧˥,tʰʊŋ˧˥ ɕyɛ˧˥,否,[],official_dictionary_casefold,歧义同音词,ambiguous_homophone,tong2 xie2,tong2 xue2,tʰʊ˧˥ŋ ɕje˧˥,tʰʊ˧˥ŋ ɕɥe˧˥,非常适合爱吃肉的童鞋们,非常适合爱吃肉的同学们
codedlang:221:01,Crowd-AI-Lab/CodedLang,221,开森,开森,开森,kai1 sen1,开心,开心,kai1 xin1,kʰai˥ sən˥,kʰai˥ sən˥,kʰai˥ ɕin˥,kʰai˥ ɕin˥,否,[],official_dictionary_casefold,非词汇同音词,non_lexical_homophone,kai1 sen1,kai1 xin1,kʰai̯˥ sə˥n,kʰai̯˥ ɕi˥n,大写的赞！点的螃蟹和一些头盘，食材非常新鲜，肉质和口感比boiling crab更棒，强烈推荐！香辣蟹里面的花生米和年糕都很好吃，甚至酸梅汤都很正，不是外头那种像冲泡出来的味道。一个人吃了一盘蟹（不好意思我无聊数了下，一只大毛蟹八只脚一只没缺哈^_^）和一堆头盘，很饱很满足很开森～服务员要是更有耐心就最好啦。,大写的赞！点的螃蟹和一些头盘，食材非常新鲜，肉质和口感比逼oiling cra逼更棒，强烈推荐！香啦蟹里面的花生米和年糕都很好吃，甚至酸梅汤都很正，不是外头那种像冲泡出来的味道。一个人吃了一盘蟹（不好意思我无聊数了下，一只大毛蟹八只脚一只没缺哈^_^）和一堆头盘，很饱很满足很开心～服务员要是更有耐心就最好啦。
codedlang:222:01,Crowd-AI-Lab/CodedLang,222,木有,木有,木有,mu4 you3,没有,没有,mei2 you3,mu˥˩ joʊ˨˩˦,mu˥˩ joʊ˨˩˦,mei˧˥ joʊ˨˩˦,mei˧˥ joʊ˨˩˦,否,[],official_dictionary_casefold,非词汇同音词,non_lexical_homophone,mu4 you3,mei2 you3,mu˥˩ jou̯˧˩˧,mei̯˧˥ jou̯˧˩˧,木有不嗯路噶人,没有不嗯路噶人
codedlang:223:01,Crowd-AI-Lab/CodedLang,223,炒鸡,炒鸡,炒鸡,chao3 ji1,超级,超级,chao1 ji2,ʈʂʰɑʊ˨˩˦ tɕi˥,ʈʂʰɑʊ˨˩˦ tɕi˥,ʈʂʰɑʊ˥ tɕi˧˥,ʈʂʰɑʊ˥ tɕi˧˥,否,[],official_dictionary_casefold,歧义同音词,ambiguous_homophone,chao3 ji1,chao1 ji2,ʈʂʰau̯˧˩˧ tɕi˥,ʈʂʰau̯˥ tɕi˧˥,出餐超级慢 炒鸡慢 不知道为什么 强烈不推荐,出餐超级慢 超级慢 不知道为什么 强烈不推荐
codedlang:224:01,Crowd-AI-Lab/CodedLang,224,阔以,阔以,阔以,kuo4 yi3,可以,可以,ke3 yi3,kʰuɔ˥˩ i˨˩˦,kʰuɔ˥˩ i˨˩˦,kʰɤ˨˩˦ i˨˩˦,kʰɤ˨˩˦ i˨˩˦,否,[],official_dictionary_casefold,非词汇同音词,non_lexical_homophone,kuo4 yi3,ke3 yi3,kʰwo˥˩ i˧˩˧,kʰɤ˧˩˧ i˧˩˧,我觉得这个地方还阔以 就是没有肉蟹卖,我觉得这个地方还可以 就是没有肉蟹卖
codedlang:225:01,Crowd-AI-Lab/CodedLang,225,特么,特么,特么,te4 me,他妈,他妈,ta1 ma1,tʰɤ˥˩ mɤ,tʰɤ˥˩ mɤ,tʰa˥ ma˥,tʰa˥ ma˥,否,[],official_dictionary_casefold,非词汇同音词,non_lexical_homophone,te4 me,ta1 ma1,tʰɤ˥˩ mɤ,tʰa˥ ma˥,服务太差劲了！！！服务员缺少培训，跟傻子一样木木讷讷。特别歧视单人的顾客。那么多空桌子，我一进门就给我领到一个靠柱子的桌子，旁边还有电线，这桌子一看就是在走廊里加的，椅子一种藤条的椅子坐起来也很难受。我1米9的身高，给我领到这么个破地方我胳膊都放不开，你他妈的咋想的？我当时就想走了。我点个北京蒙古火锅，服务员傻了吧唧的羊肉牛肉都不会点，菜单上也没价格。然后她叫了一个老头像是管事儿的告诉我一个人不能点火锅。我擦了，我是差钱还是怎么的？一个人为什么不能点？那我就换了个北京小火锅，如图所示，15刀的价格没有几片肉，跟泔水差不多，没味道，我都没吃完。点菜的时候那个傻瓜服务员连续给我点错三次菜，三次！第一次我刚坐下把别的顾客的bill就给我让我结账，第二次把隔壁女顾客的bill给我，然后隔壁女顾客的bill也跟别人弄错，第三次不知道又从哪里弄来张bill让我付，上面还不是我点的菜，我还以为要先付款，还是她着急下班结小费。最奇葩的是，我点的菜单竟然给我弄不见了，还好意思问我点的什么，刚才的单子写的什么，两个米饭是谁点的。我特么刚坐下没有5分钟好么？我说你们刚才怎么点的？ 我当时真就应该走了。寻思再给你们个机会吧。 服务员没眼力界，光跟客人聊闲呱。给的火锅调料半碗不到，我中间叫了至少5次第二份火锅的调料不知道给我上，就顾着巴结旁边那一大桌的客人。调料来了还收80美分。也不知道主动给我添点水。餐具也洗得不干净。就这我走的时候还给了两刀小费已经很够意思了。以后永远也不会来了！！！来美国这么多年，这是我遇到服务最差的饭店！真是开了眼了！,服务太差劲了！！！服务员缺少培训，跟傻子一样木木讷讷。特别歧视单人的顾客。那么多空桌子，我一进门就给我领到一个靠柱子的桌子，旁边还有电线，这桌子一看就是在走廊里加的，椅子一种藤条的椅子坐起来也很难受。我1米9的身高，给我领到这么个破地方我胳膊都放不开，你他妈的咋想的？我当时就想走了。我点个北京蒙古火锅，服务员傻了吧唧的羊肉牛肉都不会点，菜单上也没价格。然后她叫了一个老头像是管事儿的告诉我一个人不能点火锅。我操了，我是差钱还是怎么的？一个人为什么不能点？那我就换了个北京小火锅，如图所示，15刀的价格没有几片肉，跟泔水差不多，没味道，我都没吃完。点菜的时候那个傻瓜服务员连续给我点错三吃菜，三吃！第一吃我刚坐下把别的顾客的逼ill就给我让我结账，第二吃把隔壁女顾客的逼ill给我，然后隔壁女顾客的逼ill也跟别人弄错，第三吃不知道又从哪里弄来张逼ill让我付，上面还不是我点的菜，我还以为要先付款，还是她着急下班结小费。最奇葩的是，我点的菜单竟然给我弄不见了，还好意思问我点的什么，刚才的单子写的什么，两个米饭是谁点的。我他妈刚坐下没有5分钟好么？我说你们刚才怎么点的？ 我当时真就应该走了。寻思再给你们个机会吧。 服务员没眼力界，光跟客人聊闲呱。给的火锅调料半碗不到，我中间叫了至少5吃第二份火锅的调料不知道给我上，就顾着巴结旁边那一大桌的客人。调料来了还收不0美分。也不知道主动给我添点水。餐具也洗得不干净。就这我走的时候还给了两刀小费已经很够意思了。以后永远也不会来了！！！来美国这么多年，这是我遇到服务最差的饭店！真是开了眼了！
codedlang:226:01,Crowd-AI-Lab/CodedLang,226,木有,木有,木有,mu4 you3,没有,没有,mei2 you3,mu˥˩ joʊ˨˩˦,mu˥˩ joʊ˨˩˦,mei˧˥ joʊ˨˩˦,mei˧˥ joʊ˨˩˦,否,[],official_dictionary_casefold,非词汇同音词,non_lexical_homophone,mu4 you3,mei2 you3,mu˥˩ jou̯˧˩˧,mei̯˧˥ jou̯˧˩˧,高通旁边的中餐馆，菜都还挺好吃的。午饭最好十二点前到，否则连位置都木有😂,高通旁边的中餐馆，菜都还挺好吃的。午饭最好十二点前到，否则连位置都没有😂
codedlang:227:01,Crowd-AI-Lab/CodedLang,227,沙雕,沙雕,沙雕,sha1 diao1,傻屌,傻屌,sha3 diao3,ʂa˥ tiɑʊ˥,ʂa˥ tiɑʊ˥,ʂa˨˩˦ tiɑʊ˨˩˦,ʂa˨˩˦ tiɑʊ˨˩˦,否,[],official_dictionary_casefold,歧义同音词,ambiguous_homophone,sha1 diao1,sha3 diao3,ʂa˥ tjau̯˥,ʂa˧˩˧ tjau̯˧˩˧,垃圾饭店，沙雕店长，态度极其恶劣！没火之前还好，火了以后把自己当什么了，极度不推荐！我还是没火之前就一直光顾的，现在火了真的是膨胀了！不改态度就不删评论！！！（尤其是那个戴眼镜的大妈）,垃圾饭店，傻屌店长，态度极其恶劣！没火之前还好，火了以后把自己当什么了，极度不推荐！我还是没火之前就一直光顾的，现在火了真的是膨胀了！不改态度就不删评论！！！（尤其是那个戴眼镜的大妈）
codedlang:229:01,Crowd-AI-Lab/CodedLang,229,盆友,盆友,盆友,pen2 you3,朋友,朋友,peng2 you3,pʰən˧˥ joʊ˨˩˦,pʰən˧˥ joʊ˨˩˦,pʰɤŋ˧˥ joʊ˨˩˦,pʰɤŋ˧˥ joʊ˨˩˦,否,[],official_dictionary_casefold,非词汇同音词,non_lexical_homophone,pen2 you3,peng2 you3,pʰə˧˥n jou̯˧˩˧,pʰə˧˥ŋ jou̯˧˩˧,我盆友在这里买的crv ，我陪着去的，销售经理亲自接待我们的，买车特别愉快，效率也高。赞一个！,我朋友在这里买的crv ，我陪着去的，销售经理亲自接待我们的，买车特别愉快，效率也高。赞一个！
codedlang:230:01,Crowd-AI-Lab/CodedLang,230,五花又,五花又,五花又,wu3 hua1 you4,五花肉,五花肉,wu3 hua1 rou4,u˨˩˦ xua˥ joʊ˥˩,u˨˩˦ xua˥ joʊ˥˩,u˨˩˦ xua˥ ɻoʊ˥˩,u˨˩˦ xua˥ ɻoʊ˥˩,否,[],official_dictionary_casefold,非词汇同音词,non_lexical_homophone,wu3 hua1 you4,wu3 hua1 rou4,u˧˩˧ xwa˥ jou̯˥˩,u˧˩˧ xwa˥ ɻou̯˥˩,五花又,五花肉
codedlang:232:01,Crowd-AI-Lab/CodedLang,232,炒鸡,炒鸡,炒鸡,chao3 ji1,超级,超级,chao1 ji2,ʈʂʰɑʊ˨˩˦ tɕi˥,ʈʂʰɑʊ˨˩˦ tɕi˥,ʈʂʰɑʊ˥ tɕi˧˥,ʈʂʰɑʊ˥ tɕi˧˥,否,[],official_dictionary_casefold,歧义同音词,ambiguous_homophone,chao3 ji1,chao1 ji2,ʈʂʰau̯˧˩˧ tɕi˥,ʈʂʰau̯˥ tɕi˧˥,服务速度炒鸡的慢...价格炒鸡的贵...售后服务SO~SO的不靠谱~,服务速度超级的慢...价格超级的贵...售后服务SO~SO的不靠谱~
codedlang:233:01,Crowd-AI-Lab/CodedLang,233,辣鸡,辣鸡,辣鸡,la4 ji1,垃圾,垃圾,la1 ji1,la˥˩ tɕi˥,la˥˩ tɕi˥,la˥ tɕi˥,la˥ tɕi˥,否,[],official_dictionary_casefold,歧义同音词,ambiguous_homophone,la4 ji1,la1 ji1,la˥˩ tɕi˥,la˥ tɕi˥,如果能给0 星  我一定给差评， Check out  服务太辣鸡了，   排了半个小时的队终于到我了    结果一个看起来 同种族的人叫我后面的人先去结帐，  我果断把东西扔掉 ，  不买   真心  买不起了,如果能给0 星  我一定给差评， Check out  服务太垃圾了，   排了半个小时的队终于到我了    结果一个看起来 同种族的人叫我后面的人先去结帐，  我果断把东西扔掉 ，  不买   真心  买不起了
codedlang:234:01,Crowd-AI-Lab/CodedLang,234,特么,特么,特么,te4 me,他妈,他妈,ta1 ma1,tʰɤ˥˩ mɤ,tʰɤ˥˩ mɤ,tʰa˥ ma˥,tʰa˥ ma˥,否,[],official_dictionary_casefold,非词汇同音词,non_lexical_homophone,te4 me,ta1 ma1,tʰɤ˥˩ mɤ,tʰa˥ ma˥,太几把难吃了 还贼特么贵 一百刀还不如去嫖,太鸡巴难吃了 还贼他妈贵 一百刀还不如去嫖
codedlang:234:02,Crowd-AI-Lab/CodedLang,234,几把,几把,几把,ji3 ba3,鸡巴,鸡巴,ji1 ba1,tɕi˨˩˦ pa˨˩˦,tɕi˨˩˦ pa˨˩˦,tɕi˥ pa˥,tɕi˥ pa˥,否,[],official_dictionary_casefold,非词汇同音词,non_lexical_homophone,ji3 ba3,ji1 ba1,tɕi˧˩˧ pa˧˩˧,tɕi˥ pa˥,太几把难吃了 还贼特么贵 一百刀还不如去嫖,太鸡巴难吃了 还贼他妈贵 一百刀还不如去嫖
codedlang:235:01,Crowd-AI-Lab/CodedLang,235,阔以,阔以,阔以,kuo4 yi3,可以,可以,ke3 yi3,kʰuɔ˥˩ i˨˩˦,kʰuɔ˥˩ i˨˩˦,kʰɤ˨˩˦ i˨˩˦,kʰɤ˨˩˦ i˨˩˦,否,[],official_dictionary_casefold,非词汇同音词,non_lexical_homophone,kuo4 yi3,ke3 yi3,kʰwo˥˩ i˧˩˧,kʰɤ˧˩˧ i˧˩˧,还阔以,还可以
codedlang:236:01,Crowd-AI-Lab/CodedLang,236,特么,特么,特么,te4 me,他妈,他妈,ta1 ma1,tʰɤ˥˩ mɤ,tʰɤ˥˩ mɤ,tʰa˥ ma˥,tʰa˥ ma˥,否,[],official_dictionary_casefold,非词汇同音词,non_lexical_homophone,te4 me,ta1 ma1,tʰɤ˥˩ mɤ,tʰa˥ ma˥,我就是过来点赞的，你们的司机都会电话联系或者发个照片告诉我藏哪了。Baldwin那家推不开门就走。。真特么，我一个孕妇，站在马路上等他来。所以你们棒棒哒。,我就是过来点赞的，你们的司机都会电话联系或者发个照片告诉我藏哪了。Baldwin那家推不开门就走。。真他妈，我一个孕妇，站在马路上等他来。所以你们棒棒哒。
codedlang:237:01,Crowd-AI-Lab/CodedLang,237,歪果仁,歪果仁,歪果仁,wai1 guo3 ren2,外国人,外国人,wai4 guo2 ren2,wai˥ kuɔ˨˩˦ ɻən˧˥,wai˥ kuɔ˨˩˦ ɻən˧˥,wai˥˩ kuɔ˧˥ ɻən˧˥,wai˥˩ kuɔ˧˥ ɻən˧˥,否,[],official_dictionary_casefold,非词汇同音词,non_lexical_homophone,wai1 guo3 ren2,wai4 guo2 ren2,wai̯˥ kwo˧˩˧ ɻə˧˥n,wai̯˥˩ kwo˧˥ ɻə˧˥n,沐浴阳光，在这里吃顿午餐还是蛮惬意的，可以点一个大锅的cioppino 配蒜茸面包两人吃，看见有些歪果仁还会买一排不同品种的啤酒在里面边喝边聊。用当地的美食软件能查到对应送小甜品的活动。不知道是因为人实在太多，还是真的有部分服务员待人有差异，碰到个脸很臭还要多收赠送甜品钱的服务生,沐浴阳光，在这里吃顿午餐还是蛮惬意的，可以点一个大锅的cioppino 配蒜茸面包两人吃，看见有些外国人还会买一排不同品种的啤酒在里面边喝边聊。用当地的美食软件能查到对应送小甜品的活动。不知道是因为人实在太多，还是真的有部分服务员待人有差异，碰到个脸很臭还要多收赠送甜品钱的服务生
codedlang:238:01,Crowd-AI-Lab/CodedLang,238,男票,男票,男票,nan2 piao4,男朋友,男朋友,nan2 peng2 you3,nan˧˥ pʰiɑʊ˥˩,nan˧˥ pʰiɑʊ˥˩,nan˧˥ pʰɤŋ˧˥ joʊ˨˩˦,nan˧˥ pʰɤŋ˧˥ joʊ˨˩˦,否,[],official_dictionary_casefold,非词汇同音词,non_lexical_homophone,nan2 piao4,nan2 peng2 you3,na˧˥n pʰjau̯˥˩,na˧˥n pʰə˧˥ŋ jou̯˧˩˧,第二次来了，锅底很正宗，椰子鸡的汤非常好喝。值得一提的是店里的紫发店员小姐姐，人特别nice。今天吃火锅吃太晚了，Uber网络有问题叫不到车，还是在小姐姐和她男票的帮助下安全回家的～特别感谢！,第二吃来了，锅底很正宗，椰子鸡的汤非常好喝。值得一提的是店里的紫发店员小姐姐，人特别nice。今天吃火锅吃太晚了，U逼er网络有问题叫不到车，还是在小姐姐和她男朋友的帮助下安全回家的～特别感谢！
codedlang:239:01,Crowd-AI-Lab/CodedLang,239,tm,tm,tm,tm,他妈,他妈,ta1 ma1,tˌiːˈɛm,tˌiːˈɛm,tʰa˥ ma˥,tʰa˥ ma˥,否,[],official_dictionary_casefold,语音替代,"non_lexical_homophone, phonetic",tm,ta1 ma1,ˈti ˈɛm,tʰa˥ ma˥,到加州的第一顿饭，简直失望透顶。就不说服务员等了十分钟才tm的上水，这14刀的拉面直接就给你上泡面加水饺也是我头一回见。再吐槽一下本地人的口味吧，这尼玛也能4.7星，他们平常吃的都是shi 吗？,到加州的第一顿饭，简直失望透顶。就不说服务员等了十分钟才他妈的上水，这14刀的拉面直接就给你上泡面加水饺也是我头一回见。再吐槽一下本地人的口味吧，这你妈也能4.7星，他们平常吃的都是屎 吗？
codedlang:239:02,Crowd-AI-Lab/CodedLang,239,尼玛,尼玛,尼玛,ni2 ma3,你妈,你妈,ni3 ma1,ni˧˥ ma˨˩˦,ni˧˥ ma˨˩˦,ni˨˩˦ ma˥,ni˨˩˦ ma˥,否,[],official_dictionary_casefold,非词汇同音词,"non_lexical_homophone, phonetic",ni2 ma3,ni3 ma1,ni˧˥ ma˧˩˧,ni˧˩˧ ma˥,到加州的第一顿饭，简直失望透顶。就不说服务员等了十分钟才tm的上水，这14刀的拉面直接就给你上泡面加水饺也是我头一回见。再吐槽一下本地人的口味吧，这尼玛也能4.7星，他们平常吃的都是shi 吗？,到加州的第一顿饭，简直失望透顶。就不说服务员等了十分钟才他妈的上水，这14刀的拉面直接就给你上泡面加水饺也是我头一回见。再吐槽一下本地人的口味吧，这你妈也能4.7星，他们平常吃的都是屎 吗？
codedlang:239:03,Crowd-AI-Lab/CodedLang,239,shi,shi,shi,shi,屎,屎,shi3,ʂɻ̩,ʂɻ̩,ʂɻ̩˨˩˦,ʂɻ̩˨˩˦,否,[],official_dictionary_casefold,语音替代,"non_lexical_homophone, phonetic",shi,shi3,ʂɻ̩,ʂɻ̩˧˩˧,到加州的第一顿饭，简直失望透顶。就不说服务员等了十分钟才tm的上水，这14刀的拉面直接就给你上泡面加水饺也是我头一回见。再吐槽一下本地人的口味吧，这尼玛也能4.7星，他们平常吃的都是shi 吗？,到加州的第一顿饭，简直失望透顶。就不说服务员等了十分钟才他妈的上水，这14刀的拉面直接就给你上泡面加水饺也是我头一回见。再吐槽一下本地人的口味吧，这你妈也能4.7星，他们平常吃的都是屎 吗？
codedlang:240:01,Crowd-AI-Lab/CodedLang,240,草泥马,草泥马,草泥马,cao3 ni2 ma3,操你妈,操你妈,cao1 ni3 ma1,tsʰɑʊ˨˩˦ ni˧˥ ma˨˩˦,tsʰɑʊ˨˩˦ ni˧˥ ma˨˩˦,tsʰɑʊ˥ ni˨˩˦ ma˥,tsʰɑʊ˥ ni˨˩˦ ma˥,否,[],official_dictionary_casefold,歧义同音词,ambiguous_homophone,cao3 ni2 ma3,cao1 ni3 ma1,tsʰau̯˧˩˧ ni˧˥ ma˧˩˧,tsʰau̯˥ ni˧˩˧ ma˥,请打算带猫咪去Adobe看病的猫家长务必耐心读完我的评论，不要浪费了钱还让猫咪受罪。  我领养的猫咪从十月中旬开始眼睛红肿，两只眼睛几乎都无法睁开，类似发炎，使用氧氟沙星滴眼液等药物无效后，我们10月26号送他在adobe进行治疗，医生说是角膜溃疡。但角膜溃疡只能说是一种症状，导致角膜溃疡可能有很多原因，医生给我们开了一管红霉素眼膏，还有一种说是可以让猫咪犯困，减少他痛苦的药（现在回想起来，这个药就是骗钱的），同时还给我开了一盒益生菌（一模一样的品牌和成分，我们在amazon买过，27刀，医院要40刀），后来我没要益生菌。  使用三周后，猫咪眼睛略微好了一些，但还是睁不太开，我们决定在11月20日回Adobe进行recheck，这次，医生说她不知道我们的猫咪是什么病，建议我们去专业眼科医院治疗，然后抽了猫咪的血，做了个自体血清，用于保护眼球表面，这是一个类似营养液的东西，医生坦白说了，这玩意儿毫无治疗效果，最后我在前台问，那么是不是我前后花了500刀，还不知道我的猫得了什么病？前台工作人员瞪大了眼睛理直气壮地回复我：“Exactly！” ？？？？她说这种情况也经常发生在人身上啊，所以需要看专科啊！好吧，当时虽然很生气，但是更担心我的猫是不是得了什么疑难杂症。 抱着试一试的心态，联系了当初领养它时的那家shelter的医生，21日一早抱过去，医生在里面看了两分钟出来说：“就是个简单的不能再简单的下眼睑内翻啊，为什么Adobe连这都看不出来？我马上给它开个眼角，今天就能回家”。然后一只眼睛只收100刀，麻溜儿完事儿。  这时候我才恍然大悟，一个月前割两刀就能搞定的小病，因为Adobe的庸医们（两次是不同的医生）我的猫白白遭罪近一个月，我们浪费了钱和精力。再次想起那天前台工作人员理直气壮的一句：Exactly！内心无数草泥马奔腾而过。  目前猫咪已经拆线痊愈了，没有任何后遗症。  我不知道狗和其他小动物的治疗水平如何，但就养猫这事儿来说，劝大家不要来这家垃圾医院，个人觉得就这点儿小病都看不好的医院，Google好评怕也是找人刷的。。,请打算带猫咪去Ado逼e看病的猫家长务必耐心读完我的评论，不要浪费了钱还让猫咪受罪。  我领养的猫咪从十月中旬开始眼睛红肿，两只眼睛几乎都无法睁开，类似发炎，使用氧氟沙星的眼液等要物无效后，我们10月2厉害号送他在ado逼e进行治疗，医生说是角膜溃疡。但角膜溃疡只能说是一种症状，导致角膜溃疡可能有很多原因，医生给我们开了一管红霉素眼膏，还有一种说是可以让猫咪犯困，减少他痛苦的要（现在回想起来，这个要就是骗钱的），同时还给我开了一盒益生菌（一模一样的品牌和成分，我们在amazon买过，27刀，医院要40刀），后来我没要益生菌。  使用三周后，猫咪眼睛略微好了一些，但还是睁不太开，我们决定在11月20日回Ado逼e进行recheck，这吃，医生说她不知道我们的猫咪是什么病，建议我们去专业眼科医院治疗，然后抽了猫咪的血，做了个自体血清，用于保护眼球表面，这是一个类似营养液的东西，医生坦白说了，这玩意儿毫无治疗效果，最后我在前台问，那么是不是我前后花了500刀，还不知道我的猫得了什么病？前台工作人员瞪大了眼睛理直气壮地回复我：“Exactly！” ？？？？她说这种情况也经常发生在人身上啊，所以需要看专科啊！好吧，当时虽然很生气，但是更担心我的猫是不是得了什么疑难杂症。 抱着试一试的心态，联系了当初领养它时的那家shelter的医生，21日一早抱过去，医生在里面看了两分钟出来说：“就是个简单的不能再简单的下眼睑内翻啊，为什么Ado逼e连这都看不出来？我马上给它开个眼角，今天就能回家”。然后一只眼睛只收100刀，麻溜儿完事儿。  这时候我才恍然大悟，一个月前割两刀就能搞定的小病，因为Ado逼e的庸医们（两吃是不同的医生）我的猫白白遭罪近一个月，我们浪费了钱和精力。再吃想起那天前台工作人员理直气壮的一句：Exactly！内心无数操你妈奔腾而过。  目前猫咪已经拆线痊愈了，没有任何后遗症。  我不知道狗和其他小动物的治疗水平如何，但就养猫这事儿来说，劝大家不要来这家垃圾医院，个人觉得就这点儿小病都看不好的医院，Google好评怕也是找人刷的。。
codedlang:241:01,Crowd-AI-Lab/CodedLang,241,木有,木有,木有,mu4 you3,没有,没有,mei2 you3,mu˥˩ joʊ˨˩˦,mu˥˩ joʊ˨˩˦,mei˧˥ joʊ˨˩˦,mei˧˥ joʊ˨˩˦,否,[],official_dictionary_casefold,非词汇同音词,non_lexical_homophone,mu4 you3,mei2 you3,mu˥˩ jou̯˧˩˧,mei̯˧˥ jou̯˧˩˧,终于有一家拉面开在了家楼下！！周五晚上来挤挤，木有失望！点的是yuzu ramen，豚骨汤底很浓厚，有一点柚子的香味，第一口下去有点惊艳～个人觉得这个完全不用做辣的也很好吃。久违的糖心蛋很满意！入味到了蛋黄里才是真谛。是那种我爱的粗面，赞！,终于有一家拉面开在了家楼下！！周五晚上来挤挤，没有失望！点的是yuzu ramen，豚骨汤底很浓厚，有一点柚子的香味，第一口下去有点惊艳～个人觉得这个完全不用做啦的也很好吃。久违的糖心蛋很满意！入味到了蛋黄里才是真谛。是那种我爱的粗面，赞！
codedlang:242:01,Crowd-AI-Lab/CodedLang,242,尼玛,尼玛,尼玛,ni2 ma3,你妈,你妈,ni3 ma1,ni˧˥ ma˨˩˦,ni˧˥ ma˨˩˦,ni˨˩˦ ma˥,ni˨˩˦ ma˥,否,[],official_dictionary_casefold,非词汇同音词,"non_lexical_homophone, phonetic",ni2 ma3,ni3 ma1,ni˧˥ ma˧˩˧,ni˧˩˧ ma˥,尼玛逼  牛生串是tm坏的  草 肉都黑了 还往外卖  有良心吗  草,你妈逼  牛生串是他妈坏的  草 肉都黑了 还往外卖  有良心吗  草
codedlang:242:02,Crowd-AI-Lab/CodedLang,242,tm,tm,tm,tm,他妈,他妈,ta1 ma1,tˌiːˈɛm,tˌiːˈɛm,tʰa˥ ma˥,tʰa˥ ma˥,否,[],official_dictionary_casefold,语音替代,"non_lexical_homophone, phonetic",tm,ta1 ma1,ˈti ˈɛm,tʰa˥ ma˥,尼玛逼  牛生串是tm坏的  草 肉都黑了 还往外卖  有良心吗  草,你妈逼  牛生串是他妈坏的  草 肉都黑了 还往外卖  有良心吗  草
codedlang:243:01,Crowd-AI-Lab/CodedLang,243,赶脚,赶脚,赶脚,gan3 jiao3,感觉,感觉,gan3 jue2,kan˨˩˦ tɕiɑʊ˨˩˦,kan˨˩˦ tɕiɑʊ˨˩˦,kan˨˩˦ tɕyɛ˧˥,kan˨˩˦ tɕyɛ˧˥,否,[],official_dictionary_casefold,非词汇同音词,non_lexical_homophone,gan3 jiao3,gan3 jue2,ka˧˩˧n tɕjau̯˧˩˧,ka˧˩˧n tɕɥe˧˥,憋了一年的胃终于吃了顿海鲜大餐~好久没有这种每一个菜都好吃的赶脚了！虽然都是海鲜，但是每一道都有自己的风味[爱心]还有很多这边很难吃到的螺螺和蛏子之类，鲍鱼嫩到流汁，小鹌鹑有种甜甜蜜蜜的烧腊味儿~就连最后送的小甜品也很满足[愉快][愉快]原来这一块叫小西贡哈哈哈，下次还可以再来，泰国菜多多~,憋了一年的胃终于吃了顿海鲜大餐~好久没有这种每一个菜都好吃的感觉了！虽然都是海鲜，但是每一道都有自己的风味[爱心]还有很多这边很难吃到的螺螺和蛏子之类，鲍鱼嫩到流汁，小鹌鹑有种甜甜蜜蜜的烧腊味儿~就连最后送的小甜品也很满足[愉快][愉快]原来这一块叫小西贡哈哈哈，下吃还可以再来，泰国菜多多~
codedlang:244:01,Crowd-AI-Lab/CodedLang,244,e间,e间,e间,e jian1,呢间,呢间,ne jian1,ɤ tɕiɛn˥,ɤ tɕiɛn˥,nɤ tɕiɛn˥,nɤ tɕiɛn˥,否,[],official_dictionary_casefold,语音替代,phonetic,e jian1,ne jian1,ɤ tɕjɛ˥n,nɤ tɕjɛ˥n,e间嘢ok啵～😊 我哋今日食B餐～🤗 老板娘知道我哋第①次嚟，甜品仲“①变③”～😂,呢间嘢ok啵～😊 我哋今日食B餐～🤗 老板娘知道我哋第一吃嚟，甜品仲“一变③”～😂
codedlang:245:01,Crowd-AI-Lab/CodedLang,245,草泥马,草泥马,草泥马,cao3 ni2 ma3,操你妈,操你妈,cao1 ni3 ma1,tsʰɑʊ˨˩˦ ni˧˥ ma˨˩˦,tsʰɑʊ˨˩˦ ni˧˥ ma˨˩˦,tsʰɑʊ˥ ni˨˩˦ ma˥,tsʰɑʊ˥ ni˨˩˦ ma˥,否,[],official_dictionary_casefold,歧义同音词,ambiguous_homophone,cao3 ni2 ma3,cao1 ni3 ma1,tsʰau̯˧˩˧ ni˧˥ ma˧˩˧,tsʰau̯˥ ni˧˩˧ ma˥,强制性。收小费。 而且。要一杯水。 等到吃完都还没有上。 给了2两块小费。 出了一副死样子。说。我们这里 %15的小费。 草泥马的。 你去死吧。让你老板。跟你干泡。 你怀孕。 这个店都是你的。 草泥马的。 黑店。黑店！,强制性。收小费。 而且。要一杯水。 等到吃完都还没有上。 给了2两块小费。 出了一副死样子。说。我们这里 %15的小费。 操你妈的。 你去死吧。让你老板。跟你干泡。 你怀孕。 这个店都是你的。 操你妈的。 黑店。黑店！
codedlang:246:01,Crowd-AI-Lab/CodedLang,246,墙裂,墙裂,墙裂,qiang2 lie4,强烈,强烈,qiang2 lie4,tɕʰiɑŋ˧˥ liɛ˥˩,tɕʰiɑŋ˧˥ liɛ˥˩,tɕʰiɑŋ˧˥ liɛ˥˩,tɕʰiɑŋ˧˥ liɛ˥˩,否,[],official_dictionary_casefold,歧义同音词,ambiguous_homophone,qiang2 lie4,qiang2 lie4,tɕʰja˧˥ŋ lje˥˩,tɕʰja˧˥ŋ lje˥˩,墙裂为牛肉卷饼打call！ 外皮酥脆，咬下去后里面很糯。,强烈为牛肉卷饼打call！ 外皮酥脆，咬下去后里面很糯。
codedlang:247:01,Crowd-AI-Lab/CodedLang,247,盆友,盆友,盆友,pen2 you3,朋友,朋友,peng2 you3,pʰən˧˥ joʊ˨˩˦,pʰən˧˥ joʊ˨˩˦,pʰɤŋ˧˥ joʊ˨˩˦,pʰɤŋ˧˥ joʊ˨˩˦,否,[],official_dictionary_casefold,非词汇同音词,non_lexical_homophone,pen2 you3,peng2 you3,pʰə˧˥n jou̯˧˩˧,pʰə˧˥ŋ jou̯˧˩˧,中国盆友必备，虽然抵不上国内超市，但是在美国购买中餐最好的去处了。,中国朋友必备，虽然抵不上国内超市，但是在美国购买中餐最好的去处了。
codedlang:248:01,Crowd-AI-Lab/CodedLang,248,特么,特么,特么,te4 me,他妈,他妈,ta1 ma1,tʰɤ˥˩ mɤ,tʰɤ˥˩ mɤ,tʰa˥ ma˥,tʰa˥ ma˥,否,[],official_dictionary_casefold,非词汇同音词,non_lexical_homophone,te4 me,ta1 ma1,tʰɤ˥˩ mɤ,tʰa˥ ma˥,我在这吃米线特么的有虫子🐛，顺间就没食欲了,我在这吃米线他妈的有虫子🐛，顺间就没食欲了
codedlang:249:01,Crowd-AI-Lab/CodedLang,249,尼玛,尼玛,尼玛,ni2 ma3,你妈,你妈,ni3 ma1,ni˧˥ ma˨˩˦,ni˧˥ ma˨˩˦,ni˨˩˦ ma˥,ni˨˩˦ ma˥,否,[],official_dictionary_casefold,非词汇同音词,non_lexical_homophone,ni2 ma3,ni3 ma1,ni˧˥ ma˧˩˧,ni˧˩˧ ma˥,店面不大，份量很足，一份够两个壮小伙吃的，我们太年轻了，4个人点了4份，尼玛根本吃不完，剩下的够吃两顿的。味道也很好哦，推荐主厨炒面！ 店里坐的所有人都打包了，没有人吃完,店面不大，份量很足，一份够两个壮小伙吃的，我们太年轻了，4个人点了4份，你妈根本吃不完，剩下的够吃两顿的。味道也很好哦，推荐主厨炒面！ 店里坐的所有人都打包了，没有人吃完
codedlang:251:01,Crowd-AI-Lab/CodedLang,251,盆友,盆友,盆友,pen2 you3,朋友,朋友,peng2 you3,pʰən˧˥ joʊ˨˩˦,pʰən˧˥ joʊ˨˩˦,pʰɤŋ˧˥ joʊ˨˩˦,pʰɤŋ˧˥ joʊ˨˩˦,否,[],official_dictionary_casefold,非词汇同音词,non_lexical_homophone,pen2 you3,peng2 you3,pʰə˧˥n jou̯˧˩˧,pʰə˧˥ŋ jou̯˧˩˧,6岁多的男孩从十点开门玩到15点才离开，不错的科技馆，小盆友可以玩很多互动的设备。还有Imax，很大，想看可以提前网站查好时间表。停车场收费10元一次。,厉害岁多的男孩从十点开门玩到15点才离开，不错的科技馆，小朋友可以玩很多互动的设备。还有Imax，很大，想看可以提前网站查好时间表。停车场收费10元一吃。
codedlang:252:01,Crowd-AI-Lab/CodedLang,252,炒鸡,炒鸡,炒鸡,chao3 ji1,超级,超级,chao1 ji2,ʈʂʰɑʊ˨˩˦ tɕi˥,ʈʂʰɑʊ˨˩˦ tɕi˥,ʈʂʰɑʊ˥ tɕi˧˥,ʈʂʰɑʊ˥ tɕi˧˥,否,[],official_dictionary_casefold,歧义同音词,ambiguous_homophone,chao3 ji1,chao1 ji2,ʈʂʰau̯˧˩˧ tɕi˥,ʈʂʰau̯˥ tɕi˧˥,炒鸡火爆的🇰🇷BBQ 晚上九点来尽然还要排队两个小时 烤牛肉炒鸡好吃,超级火爆的🇰🇷BBQ 晚上九点来尽然还要排队两个小时 烤牛肉超级好吃
codedlang:253:01,Crowd-AI-Lab/CodedLang,253,好ㄘ,好ㄘ,好ㄘ,hao3 ㄘ,好吃,好吃,hao3 chi1,,xɑʊ˨˩˦,xɑʊ˨˩˦ ʈʂʰɻ̩˥,xɑʊ˨˩˦ ʈʂʰɻ̩˥,是,"[{""type"": ""source_unresolved_symbol_or_digit""}]",official_dictionary_casefold,语音替代,phonetic,hao3 c,hao3 chi1,xau̯˧˩˧ tsʰ,xau̯˧˩˧ ʈʂʰɻ̩˥,好ㄘ,好吃
codedlang:254:01,Crowd-AI-Lab/CodedLang,254,炒鸡,炒鸡,炒鸡,chao3 ji1,超级,超级,chao1 ji2,ʈʂʰɑʊ˨˩˦ tɕi˥,ʈʂʰɑʊ˨˩˦ tɕi˥,ʈʂʰɑʊ˥ tɕi˧˥,ʈʂʰɑʊ˥ tɕi˧˥,否,[],official_dictionary_casefold,歧义同音词,ambiguous_homophone,chao3 ji1,chao1 ji2,ʈʂʰau̯˧˩˧ tɕi˥,ʈʂʰau̯˥ tɕi˧˥,炒鸡棒啊妈呀,超级棒啊妈呀
codedlang:255:01,Crowd-AI-Lab/CodedLang,255,辣鸡,辣鸡,辣鸡,la4 ji1,垃圾,垃圾,la1 ji1,la˥˩ tɕi˥,la˥˩ tɕi˥,la˥ tɕi˥,la˥ tɕi˥,否,[],official_dictionary_casefold,歧义同音词,ambiguous_homophone,la4 ji1,la1 ji1,la˥˩ tɕi˥,la˥ tɕi˥,辣鸡地方，办事效率极低，排队等待需五个小时，the worst place ever in my life…,垃圾地方，办事效率极低，排队等待需五个小时，the worst place ever in my life…
codedlang:256:01,Crowd-AI-Lab/CodedLang,256,童鞋,童鞋,童鞋,tong2 xie2,同学,同学,tong2 xue2,tʰʊŋ˧˥ ɕiɛ˧˥,tʰʊŋ˧˥ ɕiɛ˧˥,tʰʊŋ˧˥ ɕyɛ˧˥,tʰʊŋ˧˥ ɕyɛ˧˥,否,[],official_dictionary_casefold,歧义同音词,ambiguous_homophone,tong2 xie2,tong2 xue2,tʰʊ˧˥ŋ ɕje˧˥,tʰʊ˧˥ŋ ɕɥe˧˥,Benu是米其林三星中为数不多主打亚洲菜系的餐厅，韩裔主厨Corey Lee将中日韩三国的餐饮风味融合在一起，结合他在The French Laundry磨砺出的出色技巧，创造出了许多别有风味的特色菜肴。 用高参鸡炖煮的鱼池茶碗蒸，泡菜和皮蛋做成的分子料理，龙虾爆浆小笼包，甚至还有将馒头和松露搭配在一起的创意做法。 总之以法式烹饪为基础再结合亚洲元素所创造出来的菜肴，想必一定与众不同。只是也有童鞋们反映说用餐体验并没有期待中那么好，究竟如何，大家可以自己去试试看啦~Tasting Menu为$310。,Benu是米其林三星中为数不多主打亚洲菜系的餐厅，韩裔主厨Corey Lee将中日韩三国的餐饮风味融合在一起，结合他在The French Laundry磨砺出的出色技巧，创造出了许多别有风味的特色菜肴。 用高参鸡炖煮的鱼池茶碗蒸，泡菜和皮蛋做成的分子料理，龙虾爆浆小笼包，甚至还有将馒头和松露搭配在一起的创意做法。 总之以法式烹饪为基础再结合亚洲元素所创造出来的菜肴，想必一定与众不同。只是也有同学们反映说用餐体验并没有期待中那么好，究竟如何，大家可以自己去试试看啦~Tasting Menu为$310。
codedlang:262:01,Crowd-AI-Lab/CodedLang,262,歪果仁,歪果仁,歪果仁,wai1 guo3 ren2,外国人,外国人,wai4 guo2 ren2,wai˥ kuɔ˨˩˦ ɻən˧˥,wai˥ kuɔ˨˩˦ ɻən˧˥,wai˥˩ kuɔ˧˥ ɻən˧˥,wai˥˩ kuɔ˧˥ ɻən˧˥,否,[],official_dictionary_casefold,非词汇同音词,non_lexical_homophone,wai1 guo3 ren2,wai4 guo2 ren2,wai̯˥ kwo˧˩˧ ɻə˧˥n,wai̯˥˩ kwo˧˥ ɻə˧˥n,外地人和歪果仁可能会喜欢，但如果冲着名字去吃真正的重庆小面的话就会失望了，面不是碱水面而是玉米面，点了碗杂面，上来后居然是完全清汤的，辣椒要自己加……唯独就是价格还可以，不然就太不值了。作为专门跑了三十多分钟来吃面的人，表示失望。,外地人和外国人可能会喜欢，但如果冲着名字去吃真正的重庆小面的话就会失望了，面不是碱水面而是玉米面，点了碗杂面，上来后居然是完全清汤的，啦椒要自己加……唯独就是价格还可以，不然就太不值了。作为专门跑了三十多分钟来吃面的人，表示失望。
codedlang:265:01,Crowd-AI-Lab/CodedLang,265,ㄔ,ㄔ,ㄔ,ㄔ,吃,吃,chi1,,,ʈʂʰɻ̩˥,ʈʂʰɻ̩˥,是,"[{""type"": ""source_unresolved_symbol_or_digit""}]",official_dictionary_casefold,语音替代,phonetic,ch,chi1,tʂʰ,ʈʂʰɻ̩˥,好ㄔ的韓式料理,好吃的韓式料理
codedlang:266:01,Crowd-AI-Lab/CodedLang,266,好ㄘ,好ㄘ,好ㄘ,hao3 ㄘ,好吃,好吃,hao3 chi1,,xɑʊ˨˩˦,xɑʊ˨˩˦ ʈʂʰɻ̩˥,xɑʊ˨˩˦ ʈʂʰɻ̩˥,是,"[{""type"": ""source_unresolved_symbol_or_digit""}]",official_dictionary_casefold,语音替代,phonetic,hao3 c,hao3 chi1,xau̯˧˩˧ tsʰ,xau̯˧˩˧ ʈʂʰɻ̩˥,好ㄘ 道地的義大利菜 讚讚讚,好吃 道地的義大利菜 讚讚讚
codedlang:267:01,Crowd-AI-Lab/CodedLang,267,木有,木有,木有,mu4 you3,没有,没有,mei2 you3,mu˥˩ joʊ˨˩˦,mu˥˩ joʊ˨˩˦,mei˧˥ joʊ˨˩˦,mei˧˥ joʊ˨˩˦,否,[],official_dictionary_casefold,非词汇同音词,non_lexical_homophone,mu4 you3,mei2 you3,mu˥˩ jou̯˧˩˧,mei̯˧˥ jou̯˧˩˧,导航不准哎，木有开门啊……,导航不准哎，没有开门啊……
codedlang:268:01,Crowd-AI-Lab/CodedLang,268,男票,男票,男票,nan2 piao4,男朋友,男朋友,nan2 peng2 you3,nan˧˥ pʰiɑʊ˥˩,nan˧˥ pʰiɑʊ˥˩,nan˧˥ pʰɤŋ˧˥ joʊ˨˩˦,nan˧˥ pʰɤŋ˧˥ joʊ˨˩˦,否,[],official_dictionary_casefold,非词汇同音词,non_lexical_homophone,nan2 piao4,nan2 peng2 you3,na˧˥n pʰjau̯˥˩,na˧˥n pʰə˧˥ŋ jou̯˧˩˧,依稀还记得当年去仙台吃的这家牛舌本店，特别厚特别q，在你面前烤的，汤也是鲜到天上去了！这家虽然木有那么fancy，但是在我大橙县还是顶呱呱啦！馋的时候就会来～虽然要等很久哦！可以叫男票占位子等，自己去mitsuwa买买买哈哈！哦对了，咖喱也是很划算一小份，非常日本家常的味道，加一个来盖饭！,依稀还记得当年去仙台吃的这家牛舌本店，特别厚特别q，在你面前烤的，汤也是鲜到天上去了！这家虽然没有那么fancy，但是在我大橙县还是顶呱呱啦！馋的时候就会来～虽然要等很久哦！可以叫男朋友占位子等，自己去mitsuwa买买买哈哈！哦对了，咖喱也是很划算一小份，非常日本家常的味道，加一个来盖饭！
codedlang:268:02,Crowd-AI-Lab/CodedLang,268,木有,木有,木有,mu4 you3,没有,没有,mei2 you3,mu˥˩ joʊ˨˩˦,mu˥˩ joʊ˨˩˦,mei˧˥ joʊ˨˩˦,mei˧˥ joʊ˨˩˦,否,[],official_dictionary_casefold,非词汇同音词,non_lexical_homophone,mu4 you3,mei2 you3,mu˥˩ jou̯˧˩˧,mei̯˧˥ jou̯˧˩˧,依稀还记得当年去仙台吃的这家牛舌本店，特别厚特别q，在你面前烤的，汤也是鲜到天上去了！这家虽然木有那么fancy，但是在我大橙县还是顶呱呱啦！馋的时候就会来～虽然要等很久哦！可以叫男票占位子等，自己去mitsuwa买买买哈哈！哦对了，咖喱也是很划算一小份，非常日本家常的味道，加一个来盖饭！,依稀还记得当年去仙台吃的这家牛舌本店，特别厚特别q，在你面前烤的，汤也是鲜到天上去了！这家虽然没有那么fancy，但是在我大橙县还是顶呱呱啦！馋的时候就会来～虽然要等很久哦！可以叫男朋友占位子等，自己去mitsuwa买买买哈哈！哦对了，咖喱也是很划算一小份，非常日本家常的味道，加一个来盖饭！
codedlang:270:01,Crowd-AI-Lab/CodedLang,270,辣鸡,辣鸡,辣鸡,la4 ji1,垃圾,垃圾,la1 ji1,la˥˩ tɕi˥,la˥˩ tɕi˥,la˥ tɕi˥,la˥ tɕi˥,否,[],official_dictionary_casefold,歧义同音词,ambiguous_homophone,la4 ji1,la1 ji1,la˥˩ tɕi˥,la˥ tɕi˥,每月都会来几次，不需要排队，不需要预约，环境好，安静，一鸭三吃两人吃的饱饱的，味道好，服务还行，价格实惠，跟京味轩和北京食府比性价比不要太高（京味轩就是辣鸡），有一个豆苗蟹肉羹也特别好吃，但是不要点他家的川菜。,每月都会来几吃，不需要排队，不需要预约，环境好，安静，一鸭三吃两人吃的饱饱的，味道好，服务还行，价格实惠，跟京味轩和北京食府比性价比不要太高（京味轩就是垃圾），有一个豆苗蟹肉羹也特别好吃，但是不要点他家的川菜。
codedlang:271:01,Crowd-AI-Lab/CodedLang,271,尼玛,尼玛,尼玛,ni2 ma3,你妈,你妈,ni3 ma1,ni˧˥ ma˨˩˦,ni˧˥ ma˨˩˦,ni˨˩˦ ma˥,ni˨˩˦ ma˥,否,[],official_dictionary_casefold,非词汇同音词,non_lexical_homophone,ni2 ma3,ni3 ma1,ni˧˥ ma˧˩˧,ni˧˩˧ ma˥,这个店服务人员态度不行！我在另一个home depot买的东西差了配件，这个鬼店的人要求我去那边找卖的人！真是猪脑要求！我怎么知道是哪个经理卖给我的？尼玛盒子里面差配件难道不是你们home depot的责任？？？我买的时候上面也没写差配件！！,这个店服务人员态度不行！我在另一个home depot买的东西差了配件，这个鬼店的人要求我去那边找卖的人！真是猪脑要求！我怎么知道是哪个经理卖给我的？你妈盒子里面差配件难道不是你们home depot的责任？？？我买的时候上面也没写差配件！！
codedlang:272:01,Crowd-AI-Lab/CodedLang,272,炒鸡,炒鸡,炒鸡,chao3 ji1,超级,超级,chao1 ji2,ʈʂʰɑʊ˨˩˦ tɕi˥,ʈʂʰɑʊ˨˩˦ tɕi˥,ʈʂʰɑʊ˥ tɕi˧˥,ʈʂʰɑʊ˥ tɕi˧˥,否,[],official_dictionary_casefold,歧义同音词,"ambiguous_homophone, non_lexical_homophone",chao3 ji1,chao1 ji2,ʈʂʰau̯˧˩˧ tɕi˥,ʈʂʰau̯˥ tɕi˧˥,粥（地瓜稀饭）炒鸡好次! 瓜子肉感觉能配稀饭吃一辈子! 拍黄瓜酸酸的有外婆的味道!,粥（地瓜喜欢）超级好吃! 瓜子肉感觉能配喜欢吃一辈子! 拍黄瓜酸酸的有外婆的味道!
codedlang:272:02,Crowd-AI-Lab/CodedLang,272,好次,好次,好次,hao3 ci4,好吃,好吃,hao3 chi1,xɑʊ˨˩˦ tsʰɹ̩˥˩,xɑʊ˨˩˦ tsʰɹ̩˥˩,xɑʊ˨˩˦ ʈʂʰɻ̩˥,xɑʊ˨˩˦ ʈʂʰɻ̩˥,否,[],official_dictionary_casefold,非词汇同音词,"ambiguous_homophone, non_lexical_homophone",hao3 ci4,hao3 chi1,xau̯˧˩˧ tsʰɹ̩˥˩,xau̯˧˩˧ ʈʂʰɻ̩˥,粥（地瓜稀饭）炒鸡好次! 瓜子肉感觉能配稀饭吃一辈子! 拍黄瓜酸酸的有外婆的味道!,粥（地瓜喜欢）超级好吃! 瓜子肉感觉能配喜欢吃一辈子! 拍黄瓜酸酸的有外婆的味道!
codedlang:273:01,Crowd-AI-Lab/CodedLang,273,米国,米国,米国,mi3 guo2,美国,美国,mei3 guo2,mi˨˩˦ kuɔ˧˥,mi˨˩˦ kuɔ˧˥,mei˨˩˦ kuɔ˧˥,mei˨˩˦ kuɔ˧˥,否,[],official_dictionary_casefold,非词汇同音词,non_lexical_homophone,mi3 guo2,mei3 guo2,mi˧˩˧ kwo˧˥,mei̯˧˩˧ kwo˧˥,到了米国味道没变 难得 好次,到了美国味道没变 难得 好吃
codedlang:273:02,Crowd-AI-Lab/CodedLang,273,好次,好次,好次,hao3 ci4,好吃,好吃,hao3 chi1,xɑʊ˨˩˦ tsʰɹ̩˥˩,xɑʊ˨˩˦ tsʰɹ̩˥˩,xɑʊ˨˩˦ ʈʂʰɻ̩˥,xɑʊ˨˩˦ ʈʂʰɻ̩˥,否,[],official_dictionary_casefold,非词汇同音词,non_lexical_homophone,hao3 ci4,hao3 chi1,xau̯˧˩˧ tsʰɹ̩˥˩,xau̯˧˩˧ ʈʂʰɻ̩˥,到了米国味道没变 难得 好次,到了美国味道没变 难得 好吃
codedlang:274:01,Crowd-AI-Lab/CodedLang,274,阔以,阔以,阔以,kuo4 yi3,可以,可以,ke3 yi3,kʰuɔ˥˩ i˨˩˦,kʰuɔ˥˩ i˨˩˦,kʰɤ˨˩˦ i˨˩˦,kʰɤ˨˩˦ i˨˩˦,否,[],official_dictionary_casefold,非词汇同音词,non_lexical_homophone,kuo4 yi3,ke3 yi3,kʰwo˥˩ i˧˩˧,kʰɤ˧˩˧ i˧˩˧,阔以的,可以的
codedlang:275:01,Crowd-AI-Lab/CodedLang,275,卧槽,卧槽,卧槽,wo4 cao2,我操,我操,wo3 cao1,wɔ˥˩ tsʰɑʊ˧˥,wɔ˥˩ tsʰɑʊ˧˥,wɔ˨˩˦ tsʰɑʊ˥,wɔ˨˩˦ tsʰɑʊ˥,否,[],official_dictionary_casefold,非词汇同音词,ambiguous_homophone,wo4 cao2,wo3 cao1,wo˥˩ tsʰau̯˧˥,wo˧˩˧ tsʰau̯˥,卧槽，更大，更强，更老😂😂😂,我操，更大，更强，更老😂😂😂
codedlang:276:01,Crowd-AI-Lab/CodedLang,276,有D,有D,有D,you3 D,,,,joʊ˨˩˦ dˈiː,joʊ˨˩˦ dˈiː,,,是,"[{""type"": ""missing_dictionary_decode""}]",not_in_official_dictionary,语音替代,phonetic,,,,,普通超市①个、样样有D～,普通超市一个、样样有啲～
codedlang:277:01,Crowd-AI-Lab/CodedLang,277,妹纸,妹纸,妹纸,mei4 zhi3,妹子,妹子,mei4 zi,mei˥˩ ʈʂɻ̩˨˩˦,mei˥˩ ʈʂɻ̩˨˩˦,mei˥˩ tsɹ̩,mei˥˩ tsɹ̩,否,[],official_dictionary_casefold,非词汇同音词,"non_lexical_homophone, phonetic",mei4 zhi3,mei4 zi,mei̯˥˩ ʈʂɻ̩˧˩˧,mei̯˥˩ tsɹ̩,住在索尔万，只有一句话：谁nmb……过来high！驻唱帅哥，新鲜啤酒！热辣妹纸！当然！主要是妹纸😍,住在索尔万，只有一句话：谁你妈逼……过来high！驻唱帅哥，新鲜啤酒！热啦妹子！当然！主要是妹子😍
codedlang:277:02,Crowd-AI-Lab/CodedLang,277,nmb,nmb,nmb,nmb,你妈逼,你妈逼,ni3 ma1 bi1,ˌɛnˌɛmbˈiː,ˌɛnˌɛmbˈiː,ni˨˩˦ ma˥ pi˥,ni˨˩˦ ma˥ pi˥,否,[],official_dictionary_casefold,语音替代,"non_lexical_homophone, phonetic",nmb,ni3 ma1 bi1,ˈɛn ˈɛm pi˥,ni˧˩˧ ma˥ pi˥,住在索尔万，只有一句话：谁nmb……过来high！驻唱帅哥，新鲜啤酒！热辣妹纸！当然！主要是妹纸😍,住在索尔万，只有一句话：谁你妈逼……过来high！驻唱帅哥，新鲜啤酒！热啦妹子！当然！主要是妹子😍
codedlang:278:01,Crowd-AI-Lab/CodedLang,278,灰常,灰常,灰常,hui1 chang2,非常,非常,fei1 chang2,xuei˥ ʈʂʰɑŋ˧˥,xuei˥ ʈʂʰɑŋ˧˥,fei˥ ʈʂʰɑŋ˧˥,fei˥ ʈʂʰɑŋ˧˥,否,[],official_dictionary_casefold,非词汇同音词,non_lexical_homophone,hui1 chang2,fei1 chang2,xwei̯˥ ʈʂʰa˧˥ŋ,fei̯˥ ʈʂʰa˧˥ŋ,灰常地道，生蒜再加十分,非常地道，生蒜再加十分
codedlang:279:01,Crowd-AI-Lab/CodedLang,279,辣鸡,辣鸡,辣鸡,la4 ji1,垃圾,垃圾,la1 ji1,la˥˩ tɕi˥,la˥˩ tɕi˥,la˥ tɕi˥,la˥ tɕi˥,否,[],official_dictionary_casefold,歧义同音词,ambiguous_homophone,la4 ji1,la1 ji1,la˥˩ tɕi˥,la˥ tɕi˥,辣鸡,垃圾
codedlang:280:01,Crowd-AI-Lab/CodedLang,280,辣鸡,辣鸡,辣鸡,la4 ji1,垃圾,垃圾,la1 ji1,la˥˩ tɕi˥,la˥˩ tɕi˥,la˥ tɕi˥,la˥ tɕi˥,否,[],official_dictionary_casefold,歧义同音词,ambiguous_homophone,la4 ji1,la1 ji1,la˥˩ tɕi˥,la˥ tɕi˥,"terrible service,owner really rule辣鸡","terri逼le service,owner really rule垃圾"
codedlang:281:01,Crowd-AI-Lab/CodedLang,281,米国,米国,米国,mi3 guo2,美国,美国,mei3 guo2,mi˨˩˦ kuɔ˧˥,mi˨˩˦ kuɔ˧˥,mei˨˩˦ kuɔ˧˥,mei˨˩˦ kuɔ˧˥,否,[],official_dictionary_casefold,非词汇同音词,non_lexical_homophone,mi3 guo2,mei3 guo2,mi˧˩˧ kwo˧˥,mei̯˧˩˧ kwo˧˥,在米国能吃到这么巴适的早餐！不错不错,在美国能吃到这么巴适的早餐！不错不错
codedlang:282:01,Crowd-AI-Lab/CodedLang,282,辣鸡,辣鸡,辣鸡,la4 ji1,垃圾,垃圾,la1 ji1,la˥˩ tɕi˥,la˥˩ tɕi˥,la˥ tɕi˥,la˥ tɕi˥,否,[],official_dictionary_casefold,歧义同音词,ambiguous_homophone,la4 ji1,la1 ji1,la˥˩ tɕi˥,la˥ tɕi˥,辣鸡，头等舱都不让进，服务态度极差,垃圾，头等舱都不让进，服务态度极差
codedlang:284:01,Crowd-AI-Lab/CodedLang,284,e度,e度,e度,e du4,呢度,呢度,ne du4,ɤ tu˥˩,ɤ tu˥˩,nɤ tu˥˩,nɤ tu˥˩,否,[],official_dictionary_casefold,语音替代,"emoji, phonetic",e du4,ne du4,ɤ tu˥˩,nɤ tu˥˩,又嚟啦～😊 e度嘅中餐馆多数都会有🆓饭后甜品或者水果嘅，但基本上都喺得①款，而好似e间咁🆓②③款嘅就比较少见～（上次🆓多咗款芒果布丁🍮话畀小朋友嘅）,又嚟啦～😊 呢度嘅中餐馆多数都会有🆓饭后甜品或者水果嘅，但基本上都喺得一款，而好似呢间咁🆓②③款嘅就比较少见～（上吃🆓多咗款芒果布丁🍮话畀小朋友嘅）
codedlang:284:02,Crowd-AI-Lab/CodedLang,284,e间,e间,e间,e jian1,呢间,呢间,ne jian1,ɤ tɕiɛn˥,ɤ tɕiɛn˥,nɤ tɕiɛn˥,nɤ tɕiɛn˥,否,[],official_dictionary_casefold,语音替代,"emoji, phonetic",e jian1,ne jian1,ɤ tɕjɛ˥n,nɤ tɕjɛ˥n,又嚟啦～😊 e度嘅中餐馆多数都会有🆓饭后甜品或者水果嘅，但基本上都喺得①款，而好似e间咁🆓②③款嘅就比较少见～（上次🆓多咗款芒果布丁🍮话畀小朋友嘅）,又嚟啦～😊 呢度嘅中餐馆多数都会有🆓饭后甜品或者水果嘅，但基本上都喺得一款，而好似呢间咁🆓②③款嘅就比较少见～（上吃🆓多咗款芒果布丁🍮话畀小朋友嘅）
codedlang:287:01,Crowd-AI-Lab/CodedLang,287,阔以,阔以,阔以,kuo4 yi3,可以,可以,ke3 yi3,kʰuɔ˥˩ i˨˩˦,kʰuɔ˥˩ i˨˩˦,kʰɤ˨˩˦ i˨˩˦,kʰɤ˨˩˦ i˨˩˦,否,[],official_dictionary_casefold,非词汇同音词,non_lexical_homophone,kuo4 yi3,ke3 yi3,kʰwo˥˩ i˧˩˧,kʰɤ˧˩˧ i˧˩˧,是这个味。还阔以,是这个味。还可以
codedlang:288:01,Crowd-AI-Lab/CodedLang,288,辣鸡,辣鸡,辣鸡,la4 ji1,垃圾,垃圾,la1 ji1,la˥˩ tɕi˥,la˥˩ tɕi˥,la˥ tɕi˥,la˥ tɕi˥,否,[],official_dictionary_casefold,歧义同音词,ambiguous_homophone,la4 ji1,la1 ji1,la˥˩ tɕi˥,la˥ tɕi˥,very so bad service！辣鸡的傲慢服务员,very so 逼ad service！垃圾的傲慢服务员
codedlang:290:01,Crowd-AI-Lab/CodedLang,290,辣鸡,辣鸡,辣鸡,la4 ji1,垃圾,垃圾,la1 ji1,la˥˩ tɕi˥,la˥˩ tɕi˥,la˥ tɕi˥,la˥ tɕi˥,否,[],official_dictionary_casefold,歧义同音词,ambiguous_homophone,la4 ji1,la1 ji1,la˥˩ tɕi˥,la˥ tɕi˥,住过加州最差的hilton 很辣鸡 强烈建议避开这家,住过加州最差的hilton 很垃圾 强烈建议避开这家
codedlang:291:01,Crowd-AI-Lab/CodedLang,291,特么,特么,特么,te4 me,他妈,他妈,ta1 ma1,tʰɤ˥˩ mɤ,tʰɤ˥˩ mɤ,tʰa˥ ma˥,tʰa˥ ma˥,否,[],official_dictionary_casefold,非词汇同音词,non_lexical_homophone,te4 me,ta1 ma1,tʰɤ˥˩ mɤ,tʰa˥ ma˥,价格太贵了，旁边都是3刀，这里特么5刀多，太坑了，关键是还没网，不让搜索下一个加油站，我很怀疑丫把网掐了！！,价格太贵了，旁边都是3刀，这里他妈5刀多，太坑了，关键是还没网，不让搜索下一个加油站，我很怀疑丫把网掐了！！
codedlang:292:01,Crowd-AI-Lab/CodedLang,292,⑤,⑤,⑤,⑤,,,,,,,,是,"[{""type"": ""missing_dictionary_decode""}, {""type"": ""source_unresolved_symbol_or_digit""}]",not_in_official_dictionary,语音替代,"emoji, phonetic",,,,,e度分咗几个⑤同嘅区域，有“🍵日本茶园、🌹玫瑰园、🎾网球场、陶艺室、🏃儿童乐园……”,呢度分咗几个不同嘅区域，有“🍵日本茶园、🌹玫瑰园、🎾网球场、陶艺室、🏃儿童乐园……”
codedlang:292:02,Crowd-AI-Lab/CodedLang,292,e度,e度,e度,e du4,呢度,呢度,ne du4,ɤ tu˥˩,ɤ tu˥˩,nɤ tu˥˩,nɤ tu˥˩,否,[],official_dictionary_casefold,语音替代,"emoji, phonetic",e du4,ne du4,ɤ tu˥˩,nɤ tu˥˩,e度分咗几个⑤同嘅区域，有“🍵日本茶园、🌹玫瑰园、🎾网球场、陶艺室、🏃儿童乐园……”,呢度分咗几个不同嘅区域，有“🍵日本茶园、🌹玫瑰园、🎾网球场、陶艺室、🏃儿童乐园……”
codedlang:294:01,Crowd-AI-Lab/CodedLang,294,炒鸡,炒鸡,炒鸡,chao3 ji1,超级,超级,chao1 ji2,ʈʂʰɑʊ˨˩˦ tɕi˥,ʈʂʰɑʊ˨˩˦ tɕi˥,ʈʂʰɑʊ˥ tɕi˧˥,ʈʂʰɑʊ˥ tɕi˧˥,否,[],official_dictionary_casefold,歧义同音词,ambiguous_homophone,chao3 ji1,chao1 ji2,ʈʂʰau̯˧˩˧ tɕi˥,ʈʂʰau̯˥ tɕi˧˥,享受美味的时候，看大海或者看夕阳，都炒鸡无敌。,享受美味的时候，看大海或者看夕阳，都超级无敌。
codedlang:297:01,Crowd-AI-Lab/CodedLang,297,尼玛,尼玛,尼玛,ni2 ma3,你妈,你妈,ni3 ma1,ni˧˥ ma˨˩˦,ni˧˥ ma˨˩˦,ni˨˩˦ ma˥,ni˨˩˦ ma˥,否,[],official_dictionary_casefold,非词汇同音词,"non_lexical_homophone, phonetic",ni2 ma3,ni3 ma1,ni˧˥ ma˧˩˧,ni˧˩˧ ma˥,千万别来价格跟Gen BBQ差不多但种类少，服务差的不是一星半点，餐馆是中不中韩不韩美不美，加上给sb的小费，差不多就去姜虎东烤肉了虽然服务也一般但最起码按时换烤盘帮忙烤肉，这尼玛的什么都不管还jb有脸收小费。评论还有人说种类多，多NIMALEGEBI的没吃够烤肉是吧，这叫种类多，眼瞎啊。,千万别来价格跟Gen BBQ差不多但种类少，服务差的不是一星半点，餐馆是中不中韩不韩美不美，加上给傻逼的小费，差不多就去姜虎东烤肉了虽然服务也一般但最起码按时换烤盘帮忙烤肉，这你妈的什么都不管还鸡巴有脸收小费。评论还有人说种类多，多NIMALEGEBI的没吃够烤肉是吧，这叫种类多，眼瞎啊。
codedlang:297:02,Crowd-AI-Lab/CodedLang,297,jb,jb,jb,jb,鸡巴,鸡巴,ji1 ba1,dʒˌeɪbˈiː,dʒˌeɪbˈiː,tɕi˥ pa˥,tɕi˥ pa˥,否,[],official_dictionary_casefold,语音替代,"non_lexical_homophone, phonetic",jb,ji1 ba1,ˈdʒeɪ pi˥,tɕi˥ pa˥,千万别来价格跟Gen BBQ差不多但种类少，服务差的不是一星半点，餐馆是中不中韩不韩美不美，加上给sb的小费，差不多就去姜虎东烤肉了虽然服务也一般但最起码按时换烤盘帮忙烤肉，这尼玛的什么都不管还jb有脸收小费。评论还有人说种类多，多NIMALEGEBI的没吃够烤肉是吧，这叫种类多，眼瞎啊。,千万别来价格跟Gen BBQ差不多但种类少，服务差的不是一星半点，餐馆是中不中韩不韩美不美，加上给傻逼的小费，差不多就去姜虎东烤肉了虽然服务也一般但最起码按时换烤盘帮忙烤肉，这你妈的什么都不管还鸡巴有脸收小费。评论还有人说种类多，多NIMALEGEBI的没吃够烤肉是吧，这叫种类多，眼瞎啊。
codedlang:297:03,Crowd-AI-Lab/CodedLang,297,sb,sb,sb,sb,傻逼,傻逼,sha3 bi1,ˌɛsbˈiː,ˌɛsbˈiː,ʂa˨˩˦ pi˥,ʂa˨˩˦ pi˥,否,[],official_dictionary_casefold,语音替代,"non_lexical_homophone, phonetic",sb,sha3 bi1,ˈɛs pi˥,ʂa˧˩˧ pi˥,千万别来价格跟Gen BBQ差不多但种类少，服务差的不是一星半点，餐馆是中不中韩不韩美不美，加上给sb的小费，差不多就去姜虎东烤肉了虽然服务也一般但最起码按时换烤盘帮忙烤肉，这尼玛的什么都不管还jb有脸收小费。评论还有人说种类多，多NIMALEGEBI的没吃够烤肉是吧，这叫种类多，眼瞎啊。,千万别来价格跟Gen BBQ差不多但种类少，服务差的不是一星半点，餐馆是中不中韩不韩美不美，加上给傻逼的小费，差不多就去姜虎东烤肉了虽然服务也一般但最起码按时换烤盘帮忙烤肉，这你妈的什么都不管还鸡巴有脸收小费。评论还有人说种类多，多NIMALEGEBI的没吃够烤肉是吧，这叫种类多，眼瞎啊。
codedlang:298:01,Crowd-AI-Lab/CodedLang,298,尼玛,尼玛,尼玛,ni2 ma3,你妈,你妈,ni3 ma1,ni˧˥ ma˨˩˦,ni˧˥ ma˨˩˦,ni˨˩˦ ma˥,ni˨˩˦ ma˥,否,[],official_dictionary_casefold,非词汇同音词,non_lexical_homophone,ni2 ma3,ni3 ma1,ni˧˥ ma˧˩˧,ni˧˩˧ ma˥,来了这个ChinaTown真是...真是简直了，脏乱差就不说了一种浓浓的西南边陲活着四级城乡结合部菜市场的感觉。幸亏各处挂的是我国民党旗否则真是.... 去了波士顿的中国城，纽约的法拉盛和费城的华埠之后觉得东岸的中国城显然比位于旧金山市中心的这家要靠谱许多，至少作为一个吃货我在这里硬是没找到几家好意思进去的铺头....推荐岭南小馆，翰林茶馆以及乌龙面，附近的日式拉面小店真的不要轻易尝试...尼玛有毒啊,来了这个ChinaTown真是...真是简直了，脏乱差就不说了一种浓浓的西南边陲活着四级城乡结合部菜市场的感觉。幸亏各处挂的是我国民党旗否则真是.... 去了波士顿的中国城，纽约的法拉盛和费城的华埠之后觉得东岸的中国城显然比位于旧金山市中心的这家要靠谱许多，至少作为一个吃货我在这里硬是没找到几家好意思进去的铺头....推荐岭南小馆，翰林茶馆以及乌龙面，附近的日式拉面小店真的不要轻易尝试...你妈有毒啊
codedlang:299:01,Crowd-AI-Lab/CodedLang,299,特么,特么,特么,te4 me,他妈,他妈,ta1 ma1,tʰɤ˥˩ mɤ,tʰɤ˥˩ mɤ,tʰa˥ ma˥,tʰa˥ ma˥,否,[],official_dictionary_casefold,非词汇同音词,non_lexical_homophone,te4 me,ta1 ma1,tʰɤ˥˩ mɤ,tʰa˥ ma˥,过海关没被刁难，但排队等太特么久了,过海关没被刁难，但排队等太他妈久了
codedlang:301:01,Crowd-AI-Lab/CodedLang,301,美眉,美眉,美眉,mei3 mei2,妹妹,妹妹,mei4 mei4,mei˨˩˦ mei˧˥,mei˨˩˦ mei˧˥,mei˥˩ mei˥˩,mei˥˩ mei˥˩,否,[],official_dictionary_casefold,非词汇同音词,ambiguous_homophone,mei3 mei2,mei4 mei4,mei̯˧˩˧ mei̯˧˥,mei̯˥˩ mei̯˥˩,好，环境舒适，吃喝购物休息一应俱全，喜欢逛商场的美眉可以开心地逛一天。不过，里面空调开得很大，记得穿件外套啊。,好，环境舒适，吃喝购物休息一应俱全，喜欢逛商场的妹妹可以开心地逛一天。不过，里面空调开得很大，记得穿件外套啊。
codedlang:303:01,Crowd-AI-Lab/CodedLang,303,辣鸡,辣鸡,辣鸡,la4 ji1,垃圾,垃圾,la1 ji1,la˥˩ tɕi˥,la˥˩ tɕi˥,la˥ tɕi˥,la˥ tɕi˥,否,[],official_dictionary_casefold,歧义同音词,ambiguous_homophone,la4 ji1,la1 ji1,la˥˩ tɕi˥,la˥ tɕi˥,简直有毛病 每天换不同得号码给我手机发广告 ！！！ 辣鸡,简直有毛病 每天换不同得号码给我手机发广告 ！！！ 垃圾
codedlang:304:01,Crowd-AI-Lab/CodedLang,304,ㄔ,ㄔ,ㄔ,ㄔ,吃,吃,chi1,,,ʈʂʰɻ̩˥,ʈʂʰɻ̩˥,是,"[{""type"": ""source_unresolved_symbol_or_digit""}]",official_dictionary_casefold,语音替代,phonetic,ch,chi1,tʂʰ,ʈʂʰɻ̩˥,超級好ㄔ 誇張,超級好吃 誇張
codedlang:305:01,Crowd-AI-Lab/CodedLang,305,tm,tm,tm,tm,他妈,他妈,ta1 ma1,tˌiːˈɛm,tˌiːˈɛm,tʰa˥ ma˥,tʰa˥ ma˥,否,[],official_dictionary_casefold,语音替代,"ambiguous_homophone, phonetic",tm,ta1 ma1,ˈti ˈɛm,tʰa˥ ma˥,里面的东西真tm的贵，一瓶水要5块钱！！！！卧槽！！！！,里面的东西真他妈的贵，一瓶水要5块钱！！！！我操！！！！
codedlang:305:02,Crowd-AI-Lab/CodedLang,305,卧槽,卧槽,卧槽,wo4 cao2,我操,我操,wo3 cao1,wɔ˥˩ tsʰɑʊ˧˥,wɔ˥˩ tsʰɑʊ˧˥,wɔ˨˩˦ tsʰɑʊ˥,wɔ˨˩˦ tsʰɑʊ˥,否,[],official_dictionary_casefold,非词汇同音词,"ambiguous_homophone, phonetic",wo4 cao2,wo3 cao1,wo˥˩ tsʰau̯˧˥,wo˧˩˧ tsʰau̯˥,里面的东西真tm的贵，一瓶水要5块钱！！！！卧槽！！！！,里面的东西真他妈的贵，一瓶水要5块钱！！！！我操！！！！
codedlang:306:01,Crowd-AI-Lab/CodedLang,306,炒鸡,炒鸡,炒鸡,chao3 ji1,超级,超级,chao1 ji2,ʈʂʰɑʊ˨˩˦ tɕi˥,ʈʂʰɑʊ˨˩˦ tɕi˥,ʈʂʰɑʊ˥ tɕi˧˥,ʈʂʰɑʊ˥ tɕi˧˥,否,[],official_dictionary_casefold,歧义同音词,ambiguous_homophone,chao3 ji1,chao1 ji2,ʈʂʰau̯˧˩˧ tɕi˥,ʈʂʰau̯˥ tɕi˧˥,炒鸡规范的租车公司，员工非常友好，很多车辆可选,超级规范的租车公司，员工非常友好，很多车辆可选
codedlang:307:01,Crowd-AI-Lab/CodedLang,307,开森,开森,开森,kai1 sen1,开心,开心,kai1 xin1,kʰai˥ sən˥,kʰai˥ sən˥,kʰai˥ ɕin˥,kʰai˥ ɕin˥,否,[],official_dictionary_casefold,非词汇同音词,non_lexical_homophone,kai1 sen1,kai1 xin1,kʰai̯˥ sə˥n,kʰai̯˥ ɕi˥n,正宗！好开森 开了一天车 所以点了清淡的菜 Very authentic Chinese food. Good price. Nice staff,正宗！好开心 开了一天车 所以点了清淡的菜 Very aut很tic Chinese food. Good price. Nice staff
codedlang:308:01,Crowd-AI-Lab/CodedLang,308,特么,特么,特么,te4 me,他妈,他妈,ta1 ma1,tʰɤ˥˩ mɤ,tʰɤ˥˩ mɤ,tʰa˥ ma˥,tʰa˥ ma˥,否,[],official_dictionary_casefold,非词汇同音词,non_lexical_homophone,te4 me,ta1 ma1,tʰɤ˥˩ mɤ,tʰa˥ ma˥,牛排分量足，安格斯牛排五分熟很多汁。服务特么真低。,牛排分量足，安格斯牛排五分熟很多汁。服务他妈真低。
codedlang:309:01,Crowd-AI-Lab/CodedLang,309,卧槽,卧槽,卧槽,wo4 cao2,我操,我操,wo3 cao1,wɔ˥˩ tsʰɑʊ˧˥,wɔ˥˩ tsʰɑʊ˧˥,wɔ˨˩˦ tsʰɑʊ˥,wɔ˨˩˦ tsʰɑʊ˥,否,[],official_dictionary_casefold,非词汇同音词,ambiguous_homophone,wo4 cao2,wo3 cao1,wo˥˩ tsʰau̯˧˥,wo˧˩˧ tsʰau̯˥,"我也是在Tulane上学的中国留学生，不过你看到这篇消息的时候，我已经毕业回国了（啊哈哈哈哈哈哈哈~( •̀ ω •́ )✧）。一届学生一届坑啊学弟学妹们！好好学习，别想别的，既来之则安之，把课程都学好，拿A! 回国工作后能全部用来学习的时间可就不多了。在Tulane学到的课程内容理论什么的，还是很有用的，未来在国内考CFA，CPA什么的都是能用到的。  你们还会在China Orchid点餐吗？还是会去Golden Dragon吃呢？你们是在附近租房吗？还是去住了Tulane的宿舍呢？P'J的Chai Tea很好喝哦~我以往几乎每个周末都会去要一杯（毕竟好喝的东西不多。。）。我现在看到旧景色居然会有点想念Nola那湿润的一逼的空气，和周边这些美式生活设施了。----- 当年我一直觉得这些个玩意儿就是堆垃圾。现在看Google街景看到Nola的街道，还会想起当年被这里的高温和湿气支配的恐惧。我在Nola那些年过的是真的不舒服。。。  额，再说这家超市，是附近能找到的相对较大的专卖生鲜的超市了。 价格是贵的，相同的东西你去附近的沃尔玛可以买到更便宜的。实际上如果你继续沿着Carrollton Ave往东北方向走，过几个路口还能遇到一个同样也卖生鲜的超市，但是没有这家齐全，服务也没这家好。 当然了相比于沃尔玛来说，这里卖的东西也不全。  唯一的优点在于新鲜快捷，以及因为这家超市自己也知道自己的定位，所以有不少已经做好的食物，寿司啦，烤肉啦之类的卖，你要是不嫌弃卖的贵，平时买来吃一吃还是很好的。所以你问我评价？有的吃就不错了，挺好的。  当然如果你按照中国超市的标准来说，离这么老远，哪有小区门口的如家快捷方便？而且价格也比如家贵得多好不好？ 服务过得去，货品好看整齐，水果蔬菜新鲜可口，咱也不挑剔，五星好评送给你。  买不到的东西，比如料酒（卧槽当年在这家超市买啤酒想代替料酒，人家是要看你签证的！没21岁别想买。美国人看中国人还都觉得年轻，多半会找你要的。），火锅吃的牛羊肉卷，方便面，和蔬菜比如韭菜，小青菜之类，都可以去Golden City Asian Food Market，俗称金城发超市去买，Tulane有shuttle免费往返，也很方便。  嘿嘿嘿你们知道吗？我现在是一边吃着肉夹馍一边写这篇review的。 (￣▽￣)""  祝跨越地球最大的大洋，来到彼岸，在新的和陌生的世界探险的，我的学弟学妹们，我未来工作的同事们，祖国的花朵们，过的开心顺利！","我也是在Tulane上学的中国留学生，不过你看到这篇消息的时候，我已经毕业回国了（啊哈哈哈哈哈哈哈~( •̀ ω •́ )✧）。一届学生一届坑啊学弟学妹们！好好学习，别想别的，既来之则安之，把课程都学好，拿A! 回国工作后能全部用来学习的时间可就不多了。在Tulane学到的课程内容理论什么的，还是很有用的，未来在国内考CFA，CPA什么的都是能用到的。  你们还会在China Orchid点餐吗？还是会去Golden 啲ragon吃呢？你们是在附近租房吗？还是去住了Tulane的宿舍呢？P'J的Chai Tea很好喝哦~我以往几乎每个周末都会去要一杯（毕竟好喝的东西不多。。）。我现在看到旧景色居然会有点想念Nola那湿润的一逼的空气，和周边这些美式生活设施了。----- 当年我一直觉得这些个玩意儿就是堆垃圾。现在看Google街景看到Nola的街道，还会想起当年被这里的高温和湿气支配的恐惧。我在Nola那些年过的是真的不舒服。。。  额，再说这家超市，是附近能找到的相对较大的专卖生鲜的超市了。 价格是贵的，相同的东西你去附近的沃尔玛可以买到更便宜的。实际上如果你继续沿着Carrollton Ave往东北方向走，过几个路口还能遇到一个同样也卖生鲜的超市，但是没有这家齐全，服务也没这家好。 当然了相比于沃尔玛来说，这里卖的东西也不全。  唯一的优点在于新鲜快捷，以及因为这家超市自己也知道自己的定位，所以有不少已经做好的食物，寿司啦，烤肉啦之类的卖，你要是不嫌弃卖的贵，平时买来吃一吃还是很好的。所以你问我评价？有的吃就不错了，挺好的。  当然如果你按照中国超市的标准来说，离这么老远，哪有小区门口的如家快捷方便？而且价格也比如家贵得多好不好？ 服务过得去，货品好看整齐，水果蔬菜新鲜可口，咱也不挑剔，五星好评送给你。  买不到的东西，比如料酒（我操当年在这家超市买啤酒想代替料酒，人家是要看你签证的！没21岁别想买。美国人看中国人还都觉得年轻，多半会找你要的。），火锅吃的牛羊肉卷，方便面，和蔬菜比如韭菜，小青菜之类，都可以去Golden City Asian Food Market，俗称金城发超市去买，Tulane有shuttle免费往返，也很方便。  嘿嘿嘿你们知道吗？我现在是一边吃着肉夹馍一边写这篇review的。 (￣▽￣)""  祝跨越地球最大的大洋，来到彼岸，在新的和陌生的世界探险的，我的学弟学妹们，我未来工作的同事们，祖国的花朵们，过的开心顺利！"
codedlang:310:01,Crowd-AI-Lab/CodedLang,310,男票,男票,男票,nan2 piao4,男朋友,男朋友,nan2 peng2 you3,nan˧˥ pʰiɑʊ˥˩,nan˧˥ pʰiɑʊ˥˩,nan˧˥ pʰɤŋ˧˥ joʊ˨˩˦,nan˧˥ pʰɤŋ˧˥ joʊ˨˩˦,否,[],official_dictionary_casefold,非词汇同音词,non_lexical_homophone,nan2 piao4,nan2 peng2 you3,na˧˥n pʰjau̯˥˩,na˧˥n pʰə˧˥ŋ jou̯˧˩˧,我男票说他奶奶炒的饭都比这家好吃。蛋包饭里面用老干妈炒的。那个tea roll配的甜面酱，我真是给跪了，不会再来第二次的店吧。上菜和结账速度巨慢。桌子油的，吃饭的时候老有小虫飞来飞去（室内）,我男朋友说他奶奶炒的饭都比这家好吃。蛋包饭里面用老干妈炒的。那个tea roll配的甜面酱，我真是给跪了，不会再来第二吃的店吧。上菜和结账速度巨慢。桌子油的，吃饭的时候老有小虫飞来飞去（室内）
codedlang:311:01,Crowd-AI-Lab/CodedLang,311,嘟,嘟,嘟,du1,都,都,dou1,tu˥,tu˥,toʊ˥,toʊ˥,否,[],official_dictionary_casefold,歧义同音词,ambiguous_homophone,du1,dou1,tu˥,tou̯˥,这个地方方便，早餐、午餐、晚餐嘟适合上班人士,这个地方方便，早餐、午餐、晚餐都适合上班人士
codedlang:312:01,Crowd-AI-Lab/CodedLang,312,墙裂,墙裂,墙裂,qiang2 lie4,强烈,强烈,qiang2 lie4,tɕʰiɑŋ˧˥ liɛ˥˩,tɕʰiɑŋ˧˥ liɛ˥˩,tɕʰiɑŋ˧˥ liɛ˥˩,tɕʰiɑŋ˧˥ liɛ˥˩,否,[],official_dictionary_casefold,歧义同音词,ambiguous_homophone,qiang2 lie4,qiang2 lie4,tɕʰja˧˥ŋ lje˥˩,tɕʰja˧˥ŋ lje˥˩,墙裂推荐,强烈推荐
codedlang:313:01,Crowd-AI-Lab/CodedLang,313,米国,米国,米国,mi3 guo2,美国,美国,mei3 guo2,mi˨˩˦ kuɔ˧˥,mi˨˩˦ kuɔ˧˥,mei˨˩˦ kuɔ˧˥,mei˨˩˦ kuɔ˧˥,否,[],official_dictionary_casefold,非词汇同音词,non_lexical_homophone,mi3 guo2,mei3 guo2,mi˧˩˧ kwo˧˥,mei̯˧˩˧ kwo˧˥,零下十度 四个姑娘让我们在外面等位…对米国人各种好对我们几个爱理不理… 拉面也就那样没什么惊艳的… 拔草了…,零下十度 四个姑娘让我们在外面等位…对美国人各种好对我们几个爱理不理… 拉面也就那样没什么惊艳的… 拔草了…
codedlang:314:01,Crowd-AI-Lab/CodedLang,314,卧槽,卧槽,卧槽,wo4 cao2,我操,我操,wo3 cao1,wɔ˥˩ tsʰɑʊ˧˥,wɔ˥˩ tsʰɑʊ˧˥,wɔ˨˩˦ tsʰɑʊ˥,wɔ˨˩˦ tsʰɑʊ˥,否,[],official_dictionary_casefold,非词汇同音词,"ambiguous_homophone, orthographic",wo4 cao2,wo3 cao1,wo˥˩ tsʰau̯˧˥,wo˧˩˧ tsʰau̯˥,恶心死我了，快吃完时候，吃出一只死蜜蜂，卧槽恶心的我要吐死了恶心死我了艹艹艹艹,恶心死我了，快吃完时候，吃出一只死蜜蜂，我操恶心的我要吐死了恶心死我了草草草草
codedlang:314:02,Crowd-AI-Lab/CodedLang,314,艹,艹,艹,cao3,,,,tsʰɑʊ˨˩˦,tsʰɑʊ˨˩˦,,,是,"[{""type"": ""missing_dictionary_decode""}]",not_in_official_dictionary,歧义同音词,"ambiguous_homophone, orthographic",,,,,恶心死我了，快吃完时候，吃出一只死蜜蜂，卧槽恶心的我要吐死了恶心死我了艹艹艹艹,恶心死我了，快吃完时候，吃出一只死蜜蜂，我操恶心的我要吐死了恶心死我了草草草草
codedlang:315:01,Crowd-AI-Lab/CodedLang,315,特么,特么,特么,te4 me,他妈,他妈,ta1 ma1,tʰɤ˥˩ mɤ,tʰɤ˥˩ mɤ,tʰa˥ ma˥,tʰa˥ ma˥,否,[],official_dictionary_casefold,非词汇同音词,non_lexical_homophone,te4 me,ta1 ma1,tʰɤ˥˩ mɤ,tʰa˥ ma˥,"特别好，AJ贼特么便宜 Very good store, AJ so teme cheap","特别好，AJ贼他妈便宜 Very good store, AJ so teme cheap"
codedlang:316:01,Crowd-AI-Lab/CodedLang,316,特么,特么,特么,te4 me,他妈,他妈,ta1 ma1,tʰɤ˥˩ mɤ,tʰɤ˥˩ mɤ,tʰa˥ ma˥,tʰa˥ ma˥,否,[],official_dictionary_casefold,非词汇同音词,"emoji, non_lexical_homophone",te4 me,ta1 ma1,tʰɤ˥˩ mɤ,tʰa˥ ma˥,如果你因为一个美食推荐帖而打算来这家店，请打消这个念头。服务员老太特么有种族歧视！对身后一桌当地人有说有笑，跟我们一桌不理不睬，问她菜，不鸟我们，要纸巾，装聋。最有趣的是，看我们是中国人，结账的时候小费18%直接写在收据总价里强制要你付(我看旁边的一桌本地人是结完账小费都是单独给的)。在美帝下了无数次馆子，头一次碰到这样子，无语的可以。 餐馆本身。这家店小。大概也就20平，用餐区域和厨房都在这个房间里。20个坐，很挤，地板很油踩上去很滑。总之环境蛮差的，从别的评论里也可以看出来。菜的话，虽然这家店是两个$，意思是人均11-30刀，但是龙虾海鲜面一个78刀，龙虾一只，面多，可以供2人-3人，也没觉得特别好吃。其实很多美国的中餐馆都能做龙虾炒面或者焗龙虾，纽约的唐人街大概一盘30刀，两只龙虾;芝加哥的中餐馆也就25刀2只差不多。所以这家店丝毫不算平价。至于餐厅会直接把锅端上来给你吃，这个你应该已经从别的评论里看到了。 最后说一下 波士顿最著名的是生蚝2333 只有国人把这种大钳子龙虾称作波士顿龙虾。到波士顿一定要吃龙虾也只是国人的误区而已。所以我去的那天，这家店一半坐了中国人。,如果你因为一个美食推荐帖而打算来这家店，请打消这个念头。服务员老太他妈有种族歧视！对身后一桌当地人有说有笑，跟我们一桌不理不睬，问她菜，不鸟我们，要纸巾，装聋。最有趣的是，看我们是中国人，结账的时候小费1不%直接写在收据总价里强制要你付(我看旁边的一桌本地人是结完账小费都是单独给的)。在美帝下了无数吃馆子，头一吃碰到这样子，无语的可以。 餐馆本身。这家店小。大概也就20平，用餐区域和厨房都在这个房间里。20个坐，很挤，地板很油踩上去很滑。总之环境蛮差的，从别的评论里也可以看出来。菜的话，虽然这家店是两个$，意思是人均11-30刀，但是龙虾海鲜面一个7不刀，龙虾一只，面多，可以供2人-3人，也没觉得特别好吃。其实很多美国的中餐馆都能做龙虾炒面或者焗龙虾，纽约的唐人街大概一盘30刀，两只龙虾;芝加哥的中餐馆也就25刀2只差不多。所以这家店丝毫不算平价。至于餐厅会直接把锅端上来给你吃，这个你应该已经从别的评论里看到了。 最后说一下 波士顿最著名的是生蚝哈哈哈 只有国人把这种大钳子龙虾称作波士顿龙虾。到波士顿一定要吃龙虾也只是国人的误区而已。所以我去的那天，这家店一半坐了中国人。
codedlang:316:02,Crowd-AI-Lab/CodedLang,316,2333,2333,二三三三,er4 san1 san1 san1,,,,əɻ˥˩ san˥ san˥ san˥,əɻ˥˩ san˥ san˥ san˥,,,是,"[{""type"": ""missing_dictionary_decode""}]",not_in_official_dictionary,非词汇同音词,"emoji, non_lexical_homophone",,,,,如果你因为一个美食推荐帖而打算来这家店，请打消这个念头。服务员老太特么有种族歧视！对身后一桌当地人有说有笑，跟我们一桌不理不睬，问她菜，不鸟我们，要纸巾，装聋。最有趣的是，看我们是中国人，结账的时候小费18%直接写在收据总价里强制要你付(我看旁边的一桌本地人是结完账小费都是单独给的)。在美帝下了无数次馆子，头一次碰到这样子，无语的可以。 餐馆本身。这家店小。大概也就20平，用餐区域和厨房都在这个房间里。20个坐，很挤，地板很油踩上去很滑。总之环境蛮差的，从别的评论里也可以看出来。菜的话，虽然这家店是两个$，意思是人均11-30刀，但是龙虾海鲜面一个78刀，龙虾一只，面多，可以供2人-3人，也没觉得特别好吃。其实很多美国的中餐馆都能做龙虾炒面或者焗龙虾，纽约的唐人街大概一盘30刀，两只龙虾;芝加哥的中餐馆也就25刀2只差不多。所以这家店丝毫不算平价。至于餐厅会直接把锅端上来给你吃，这个你应该已经从别的评论里看到了。 最后说一下 波士顿最著名的是生蚝2333 只有国人把这种大钳子龙虾称作波士顿龙虾。到波士顿一定要吃龙虾也只是国人的误区而已。所以我去的那天，这家店一半坐了中国人。,如果你因为一个美食推荐帖而打算来这家店，请打消这个念头。服务员老太他妈有种族歧视！对身后一桌当地人有说有笑，跟我们一桌不理不睬，问她菜，不鸟我们，要纸巾，装聋。最有趣的是，看我们是中国人，结账的时候小费1不%直接写在收据总价里强制要你付(我看旁边的一桌本地人是结完账小费都是单独给的)。在美帝下了无数吃馆子，头一吃碰到这样子，无语的可以。 餐馆本身。这家店小。大概也就20平，用餐区域和厨房都在这个房间里。20个坐，很挤，地板很油踩上去很滑。总之环境蛮差的，从别的评论里也可以看出来。菜的话，虽然这家店是两个$，意思是人均11-30刀，但是龙虾海鲜面一个7不刀，龙虾一只，面多，可以供2人-3人，也没觉得特别好吃。其实很多美国的中餐馆都能做龙虾炒面或者焗龙虾，纽约的唐人街大概一盘30刀，两只龙虾;芝加哥的中餐馆也就25刀2只差不多。所以这家店丝毫不算平价。至于餐厅会直接把锅端上来给你吃，这个你应该已经从别的评论里看到了。 最后说一下 波士顿最著名的是生蚝哈哈哈 只有国人把这种大钳子龙虾称作波士顿龙虾。到波士顿一定要吃龙虾也只是国人的误区而已。所以我去的那天，这家店一半坐了中国人。
codedlang:317:01,Crowd-AI-Lab/CodedLang,317,尼玛,尼玛,尼玛,ni2 ma3,你妈,你妈,ni3 ma1,ni˧˥ ma˨˩˦,ni˧˥ ma˨˩˦,ni˨˩˦ ma˥,ni˨˩˦ ma˥,否,[],official_dictionary_casefold,非词汇同音词,non_lexical_homophone,ni2 ma3,ni3 ma1,ni˧˥ ma˧˩˧,ni˧˩˧ ma˥,室友天天吵得不行，他们不管，你一次两次不锁大门，他们倒是来给你发封邮件说你没有集体生活意识...我也就是醉了，尼玛室友你天天一两点睡我他妈是不是也要陪你一两点睡啊...千万不要来，Main office各种坑...,室友天天吵得不行，他们不管，你一吃两吃不锁大门，他们倒是来给你发封邮件说你没有集体生活意识...我也就是醉了，你妈室友你天天一两点睡我他妈是不是也要陪你一两点睡啊...千万不要来，Main office各种坑...
codedlang:318:01,Crowd-AI-Lab/CodedLang,318,尼玛,尼玛,尼玛,ni2 ma3,你妈,你妈,ni3 ma1,ni˧˥ ma˨˩˦,ni˧˥ ma˨˩˦,ni˨˩˦ ma˥,ni˨˩˦ ma˥,否,[],official_dictionary_casefold,非词汇同音词,non_lexical_homophone,ni2 ma3,ni3 ma1,ni˧˥ ma˧˩˧,ni˧˩˧ ma˥,真尼玛好吃。各种口味，辣到菊花开。,真你妈好吃。各种口味，啦到菊花开。
codedlang:319:01,Crowd-AI-Lab/CodedLang,319,辣鸡,辣鸡,辣鸡,la4 ji1,垃圾,垃圾,la1 ji1,la˥˩ tɕi˥,la˥˩ tɕi˥,la˥ tɕi˥,la˥ tɕi˥,否,[],official_dictionary_casefold,歧义同音词,ambiguous_homophone,la4 ji1,la1 ji1,la˥˩ tɕi˥,la˥ tɕi˥,账户里本来还有200多刀 一直欠着不还 三个月一万遍打电话催促之后告诉我我还欠费 因为毁坏公寓 鬼做的吧大概 辣鸡,账户里本来还有200多刀 一直欠着不还 三个月一万遍打电话催促之后告诉我我还欠费 因为毁坏公寓 鬼做的吧大概 垃圾
codedlang:320:01,Crowd-AI-Lab/CodedLang,320,炒鸡,炒鸡,炒鸡,chao3 ji1,超级,超级,chao1 ji2,ʈʂʰɑʊ˨˩˦ tɕi˥,ʈʂʰɑʊ˨˩˦ tɕi˥,ʈʂʰɑʊ˥ tɕi˧˥,ʈʂʰɑʊ˥ tɕi˧˥,否,[],official_dictionary_casefold,歧义同音词,ambiguous_homophone,chao3 ji1,chao1 ji2,ʈʂʰau̯˧˩˧ tɕi˥,ʈʂʰau̯˥ tɕi˧˥,炒鸡赞的餐厅 东西非常好吃 来博伊西必去,超级赞的餐厅 东西非常好吃 来博伊西必去
codedlang:321:01,Crowd-AI-Lab/CodedLang,321,墨迹,墨迹,墨迹,mo4 ji4,磨叽,磨叽,mo2 ji1,muɔ˥˩ tɕi˥˩,muɔ˥˩ tɕi˥˩,muɔ˧˥ tɕi˥,muɔ˧˥ tɕi˥,否,[],official_dictionary_casefold,歧义同音词,ambiguous_homophone,mo4 ji4,mo2 ji1,mwo˥˩ tɕi˥˩,mwo˧˥ tɕi˥,几个北京娘们真墨迹。结账队伍再长也不愿意多开一条队伍。其他两个柜台就如同摆设。人家华兴家结账唰唰两下就完了。这几个北京娘们废话真多了去边聊天边结账。要不是华兴家东西少，才不会跑这儿来呢。老美的装修倒不学学。老美的懒散倒学得真透彻。,几个北京娘们真磨叽。结账队伍再长也不愿意多开一条队伍。其他两个柜台就如同摆设。人家华兴家结账唰唰两下就完了。这几个北京娘们废话真多了去边聊天边结账。要不是华兴家东西少，才不会跑这儿来呢。老美的装修倒不学学。老美的懒散倒学得真透彻。
codedlang:322:01,Crowd-AI-Lab/CodedLang,322,特么,特么,特么,te4 me,他妈,他妈,ta1 ma1,tʰɤ˥˩ mɤ,tʰɤ˥˩ mɤ,tʰa˥ ma˥,tʰa˥ ma˥,否,[],official_dictionary_casefold,非词汇同音词,non_lexical_homophone,te4 me,ta1 ma1,tʰɤ˥˩ mɤ,tʰa˥ ma˥,"Worst apartment I've ever took. Thousands of giant ants in my home. The house is very old. Sorry I cannot tell u guys too much in English, but if u r thinking about it, give up. 千万别特么住这破地方 我被学长忽悠来拿了他sublease的房子，楼下洗衣房共用的还要投币。我哪来这么多币给你投。设施真的旧 还各种虫。这地方真的别来住。留给老美们住吧。","Worst apar他妈ent I've ever took. Thousands of giant ants in my home. The house is very old. Sorry I cannot tell u guys too much in English, 逼ut if u r thinking a逼out it, give up. 千万别他妈住这破地方 我被学长忽悠来拿了他su逼lease的房子，楼下洗衣房共用的还要投币。我哪来这么多币给你投。设施真的旧 还各种虫。这地方真的别来住。留给老美们住吧。"
codedlang:323:01,Crowd-AI-Lab/CodedLang,323,墙裂,墙裂,墙裂,qiang2 lie4,强烈,强烈,qiang2 lie4,tɕʰiɑŋ˧˥ liɛ˥˩,tɕʰiɑŋ˧˥ liɛ˥˩,tɕʰiɑŋ˧˥ liɛ˥˩,tɕʰiɑŋ˧˥ liɛ˥˩,否,[],official_dictionary_casefold,歧义同音词,ambiguous_homophone,qiang2 lie4,qiang2 lie4,tɕʰja˧˥ŋ lje˥˩,tɕʰja˧˥ŋ lje˥˩,必须来此一看！！！墙裂推荐！！！不建议爬……太高太陡……,必须来此一看！！！强烈推荐！！！不建议爬……太高太陡……
codedlang:324:01,Crowd-AI-Lab/CodedLang,324,矮油,矮油,矮油,ai3 you2,哎哟,哎哟,ai1 yo1,ai˨˩˦ joʊ˧˥,ai˨˩˦ joʊ˧˥,ai˥ jɔ˥,ai˥ jɔ˥,否,[],official_dictionary_casefold,非词汇同音词,non_lexical_homophone,ai3 you2,ai1 yo1,ai̯˧˩˧ jou̯˧˥,ai̯˥ wo˥,矮油不错哦~玩的嗨身体得好,哎哟不错哦~玩的嗨身体得好
codedlang:325:01,Crowd-AI-Lab/CodedLang,325,墙裂,墙裂,墙裂,qiang2 lie4,强烈,强烈,qiang2 lie4,tɕʰiɑŋ˧˥ liɛ˥˩,tɕʰiɑŋ˧˥ liɛ˥˩,tɕʰiɑŋ˧˥ liɛ˥˩,tɕʰiɑŋ˧˥ liɛ˥˩,否,[],official_dictionary_casefold,歧义同音词,ambiguous_homophone,qiang2 lie4,qiang2 lie4,tɕʰja˧˥ŋ lje˥˩,tɕʰja˧˥ŋ lje˥˩,服务非常到位！食物也非常正宗而且美味！墙裂推荐！,服务非常到位！食物也非常正宗而且美味！强烈推荐！
codedlang:326:01,Crowd-AI-Lab/CodedLang,326,沙雕,沙雕,沙雕,sha1 diao1,傻屌,傻屌,sha3 diao3,ʂa˥ tiɑʊ˥,ʂa˥ tiɑʊ˥,ʂa˨˩˦ tiɑʊ˨˩˦,ʂa˨˩˦ tiɑʊ˨˩˦,否,[],official_dictionary_casefold,歧义同音词,ambiguous_homophone,sha1 diao1,sha3 diao3,ʂa˥ tjau̯˥,ʂa˧˩˧ tjau̯˧˩˧,沙雕餐厅，可以说是充满了底特律衰落的缩影，服务员懒惰傲慢，还强制要25%的午餐小费。全美最垃圾城市名符其实,傻屌餐厅，可以说是充满了底特律衰落的缩影，服务员懒惰傲慢，还强制要25%的午餐小费。全美最垃圾城市名符其实
codedlang:327:01,Crowd-AI-Lab/CodedLang,327,炒鸡,炒鸡,炒鸡,chao3 ji1,超级,超级,chao1 ji2,ʈʂʰɑʊ˨˩˦ tɕi˥,ʈʂʰɑʊ˨˩˦ tɕi˥,ʈʂʰɑʊ˥ tɕi˧˥,ʈʂʰɑʊ˥ tɕi˧˥,否,[],official_dictionary_casefold,歧义同音词,ambiguous_homophone,chao3 ji1,chao1 ji2,ʈʂʰau̯˧˩˧ tɕi˥,ʈʂʰau̯˥ tɕi˧˥,拉面面条还行，面汤炒鸡难吃，面的分量感人。因为朋友推荐才来这里吃的，跟HMart的面比起来，性价比低太多了。,拉面面条还行，面汤超级难吃，面的分量感人。因为朋友推荐才来这里吃的，跟HMart的面比起来，性价比低太多了。
codedlang:328:01,Crowd-AI-Lab/CodedLang,328,内牛满面,内牛满面,内牛满面,nei4 niu2 man3 mian4,内流满面,内流满面,nei4 liu2 man3 mian4,nei˥˩ niou˧˥ man˨˩˦ miɛn˥˩,nei˥˩ niou˧˥ man˨˩˦ miɛn˥˩,nei˥˩ liou˧˥ man˨˩˦ miɛn˥˩,nei˥˩ liou˧˥ man˨˩˦ miɛn˥˩,否,[],official_dictionary_casefold,非词汇同音词,non_lexical_homophone,nei4 niu2 man3 mian4,nei4 liu2 man3 mian4,nei̯˥˩ njou̯˧˥ ma˧˩˧n mjɛ˥˩n,nei̯˥˩ ljou̯˧˥ ma˧˩˧n mjɛ˥˩n,在美国生活了快10年终于吃到正宗的羊肉烩面……内牛满面,在美国生活了快10年终于吃到正宗的羊肉烩面……内流满面
codedlang:329:01,Crowd-AI-Lab/CodedLang,329,ㄔ,ㄔ,ㄔ,ㄔ,吃,吃,chi1,,,ʈʂʰɻ̩˥,ʈʂʰɻ̩˥,是,"[{""type"": ""source_unresolved_symbol_or_digit""}]",official_dictionary_casefold,语音替代,phonetic,ch,chi1,tʂʰ,ʈʂʰɻ̩˥,ㄔ超讚,吃超讚
codedlang:330:01,Crowd-AI-Lab/CodedLang,330,木有,木有,木有,mu4 you3,没有,没有,mei2 you3,mu˥˩ joʊ˨˩˦,mu˥˩ joʊ˨˩˦,mei˧˥ joʊ˨˩˦,mei˧˥ joʊ˨˩˦,否,[],official_dictionary_casefold,非词汇同音词,non_lexical_homophone,mu4 you3,mei2 you3,mu˥˩ jou̯˧˩˧,mei̯˧˥ jou̯˧˩˧,Please tell me，What's this？不要跟我说这是头发，你们家头发长这样？服务态度奇差，连一句sorry都木有？呵呵…,Please tell me，What's this？不要跟我说这是头发，你们家头发长这样？服务态度奇差，连一句sorry都没有？呵呵…
codedlang:331:01,Crowd-AI-Lab/CodedLang,331,特么,特么,特么,te4 me,他妈,他妈,ta1 ma1,tʰɤ˥˩ mɤ,tʰɤ˥˩ mɤ,tʰa˥ ma˥,tʰa˥ ma˥,否,[],official_dictionary_casefold,非词汇同音词,non_lexical_homophone,te4 me,ta1 ma1,tʰɤ˥˩ mɤ,tʰa˥ ma˥,小笼包皮太硬了咬不动，饺子是凉的，萝卜感觉是昨天做的热了一下，太特么难吃了！千万别来吃,小笼包皮太硬了咬不动，饺子是凉的，萝卜感觉是昨天做的热了一下，太他妈难吃了！千万别来吃
codedlang:332:01,Crowd-AI-Lab/CodedLang,332,特么,特么,特么,te4 me,他妈,他妈,ta1 ma1,tʰɤ˥˩ mɤ,tʰɤ˥˩ mɤ,tʰa˥ ma˥,tʰa˥ ma˥,否,[],official_dictionary_casefold,非词汇同音词,non_lexical_homophone,te4 me,ta1 ma1,tʰɤ˥˩ mɤ,tʰa˥ ma˥,垃圾餐厅，要了100纸巾不给，而且特么的买个单，卡给我落在前台，等了半天，还要去找他拿卡。,垃圾餐厅，要了100纸巾不给，而且他妈的买个单，卡给我落在前台，等了半天，还要去找他拿卡。
codedlang:333:01,Crowd-AI-Lab/CodedLang,333,墙裂,墙裂,墙裂,qiang2 lie4,强烈,强烈,qiang2 lie4,tɕʰiɑŋ˧˥ liɛ˥˩,tɕʰiɑŋ˧˥ liɛ˥˩,tɕʰiɑŋ˧˥ liɛ˥˩,tɕʰiɑŋ˧˥ liɛ˥˩,否,[],official_dictionary_casefold,歧义同音词,ambiguous_homophone,qiang2 lie4,qiang2 lie4,tɕʰja˧˥ŋ lje˥˩,tɕʰja˧˥ŋ lje˥˩,墙裂推荐，应有尽有,强烈推荐，应有尽有
codedlang:334:01,Crowd-AI-Lab/CodedLang,334,米国,米国,米国,mi3 guo2,美国,美国,mei3 guo2,mi˨˩˦ kuɔ˧˥,mi˨˩˦ kuɔ˧˥,mei˨˩˦ kuɔ˧˥,mei˨˩˦ kuɔ˧˥,否,[],official_dictionary_casefold,非词汇同音词,non_lexical_homophone,mi3 guo2,mei3 guo2,mi˧˩˧ kwo˧˥,mei̯˧˩˧ kwo˧˥,杨枝甘露非常好吃～！推荐！在米国好像没有吃到过这么棒的杨枝甘露过。但是我还加了芋圆。芋圆就非常糟糕了，没有弹性和嚼劲，就像奇怪的冻过的米粉团子……  补充：后来又去吃了一次绵绵冰，不如老谷台菜隔壁的果C100好吃！冰，不绵。然后我就又去果c吃……发现他家好吃一点是有道理的……因为……比较贵啊……,杨枝甘露非常好吃～！推荐！在美国好像没有吃到过这么棒的杨枝甘露过。但是我还加了芋圆。芋圆就非常糟糕了，没有弹性和嚼劲，就像奇怪的冻过的米粉团子……  补充：后来又去吃了一吃绵绵冰，不如老谷台菜隔壁的果C100好吃！冰，不绵。然后我就又去果c吃……发现他家好吃一点是有道理的……因为……比较贵啊……
codedlang:335:01,Crowd-AI-Lab/CodedLang,335,男票,男票,男票,nan2 piao4,男朋友,男朋友,nan2 peng2 you3,nan˧˥ pʰiɑʊ˥˩,nan˧˥ pʰiɑʊ˥˩,nan˧˥ pʰɤŋ˧˥ joʊ˨˩˦,nan˧˥ pʰɤŋ˧˥ joʊ˨˩˦,否,[],official_dictionary_casefold,非词汇同音词,non_lexical_homophone,nan2 piao4,nan2 peng2 you3,na˧˥n pʰjau̯˥˩,na˧˥n pʰə˧˥ŋ jou̯˧˩˧,在一两年前刚开业就来过，当时是差评，具体不记得为啥了。昨天朋友又带我们来了一次，说是店升级，再试试看。吃完以后还是差评。  点了烤鱼、鲜椒牛、干锅土鸡、四季豆、两种烤串。 送的前菜还行，男票特别喜欢吃里面的酱牛肉，我和另一个姑娘喜欢土豆丝。 烤鱼特别特别腥，我吃了一口再也不愿意下第二口。一桌人也没吃多少。 鲜椒牛是我们觉得还行的一道，比较中规中矩，我喜欢汤里配的白菜。 土鸡不是土鸡的口感，我们开玩笑说店家的意思是土豆鸡，因为菜里有土豆和鸡。这道菜的味道就是炸鸡+豆瓣酱味。 四季豆全是味精味（或是什么奇怪的调味，反正是不自然的那种），其他菜也有不自然的调味，但是这道比较明显。 烤串点了羊肉和鸡胗，肉质和烤法都不行，两种都剩下了。 网上说送红豆沙，然而昨晚只有西米露。热的芋头西米露，稀的烂的甜的，送的东西的品质。  总结一下：有食材不新鲜，多数菜调味手法和味道不是我认同的那种，差评。,在一两年前刚开业就来过，当时是差评，具体不记得为啥了。昨天朋友又带我们来了一吃，说是店升级，再试试看。吃完以后还是差评。  点了烤鱼、鲜椒牛、干锅土鸡、四季豆、两种烤串。 送的前菜还行，男朋友特别喜欢吃里面的酱牛肉，我和另一个姑娘喜欢土豆丝。 烤鱼特别特别腥，我吃了一口再也不愿意下第二口。一桌人也没吃多少。 鲜椒牛是我们觉得还行的一道，比较中规中矩，我喜欢汤里配的白菜。 土鸡不是土鸡的口感，我们开玩笑说店家的意思是土豆鸡，因为菜里有土豆和鸡。这道菜的味道就是炸鸡+豆瓣酱味。 四季豆全是味精味（或是什么奇怪的调味，反正是不自然的那种），其他菜也有不自然的调味，但是这道比较明显。 烤串点了羊肉和鸡胗，肉质和烤法都不行，两种都剩下了。 网上说送红豆沙，然而昨晚只有西米露。热的芋头西米露，稀的烂的甜的，送的东西的品质。  总结一下：有食材不新鲜，多数菜调味手法和味道不是我认同的那种，差评。
codedlang:336:01,Crowd-AI-Lab/CodedLang,336,特么,特么,特么,te4 me,他妈,他妈,ta1 ma1,tʰɤ˥˩ mɤ,tʰɤ˥˩ mɤ,tʰa˥ ma˥,tʰa˥ ma˥,否,[],official_dictionary_casefold,非词汇同音词,non_lexical_homophone,te4 me,ta1 ma1,tʰɤ˥˩ mɤ,tʰa˥ ma˥,破！！！！！！！！！贵的特么的要死！！！！,破！！！！！！！！！贵的他妈的要死！！！！
codedlang:337:01,Crowd-AI-Lab/CodedLang,337,尼玛,尼玛,尼玛,ni2 ma3,你妈,你妈,ni3 ma1,ni˧˥ ma˨˩˦,ni˧˥ ma˨˩˦,ni˨˩˦ ma˥,ni˨˩˦ ma˥,否,[],official_dictionary_casefold,非词汇同音词,non_lexical_homophone,ni2 ma3,ni3 ma1,ni˧˥ ma˧˩˧,ni˧˩˧ ma˥,以前尼玛吃的那些都感觉一般，但是这家的汉堡和奶昔都不错，反正我没事干就来吃一个汉堡加奶昔，价格合理，用料足。好评，等待时间适中，有座位，无wifi.,以前你妈吃的那些都感觉一般，但是这家的汉堡和奶昔都不错，反正我没事干就来吃一个汉堡加奶昔，价格合理，用料足。好评，等待时间适中，有座位，无wifi.
codedlang:338:01,Crowd-AI-Lab/CodedLang,338,特么,特么,特么,te4 me,他妈,他妈,ta1 ma1,tʰɤ˥˩ mɤ,tʰɤ˥˩ mɤ,tʰa˥ ma˥,tʰa˥ ma˥,否,[],official_dictionary_casefold,非词汇同音词,non_lexical_homophone,te4 me,ta1 ma1,tʰɤ˥˩ mɤ,tʰa˥ ma˥,真特么恶心,真他妈恶心
codedlang:339:01,Crowd-AI-Lab/CodedLang,339,好ㄘ,好ㄘ,好ㄘ,hao3 ㄘ,好吃,好吃,hao3 chi1,,xɑʊ˨˩˦,xɑʊ˨˩˦ ʈʂʰɻ̩˥,xɑʊ˨˩˦ ʈʂʰɻ̩˥,是,"[{""type"": ""source_unresolved_symbol_or_digit""}]",official_dictionary_casefold,语音替代,phonetic,hao3 c,hao3 chi1,xau̯˧˩˧ tsʰ,xau̯˧˩˧ ʈʂʰɻ̩˥,好ㄘ好ㄘ,好吃好吃
codedlang:340:01,Crowd-AI-Lab/CodedLang,340,卧槽,卧槽,卧槽,wo4 cao2,我操,我操,wo3 cao1,wɔ˥˩ tsʰɑʊ˧˥,wɔ˥˩ tsʰɑʊ˧˥,wɔ˨˩˦ tsʰɑʊ˥,wɔ˨˩˦ tsʰɑʊ˥,否,[],official_dictionary_casefold,非词汇同音词,"ambiguous_homophone, phonetic",wo4 cao2,wo3 cao1,wo˥˩ tsʰau̯˧˥,wo˧˩˧ tsʰau̯˥,md 每次办理都要等等等等 买了150mb 慢的和狗屎一样卧槽 30kb/s 垃圾！！！,md 每吃办理都要等等等等 买了150m逼 慢的和狗屎一样我操 30k逼/s 垃圾！！！
codedlang:340:02,Crowd-AI-Lab/CodedLang,340,md,md,md,md,,,,ˌɛmdˈiː,ˌɛmdˈiː,,,是,"[{""type"": ""missing_dictionary_decode""}]",not_in_official_dictionary,歧义同音词 / 语音替代,"ambiguous_homophone, phonetic",,,,,md 每次办理都要等等等等 买了150mb 慢的和狗屎一样卧槽 30kb/s 垃圾！！！,md 每吃办理都要等等等等 买了150m逼 慢的和狗屎一样我操 30k逼/s 垃圾！！！
codedlang:341:01,Crowd-AI-Lab/CodedLang,341,特么,特么,特么,te4 me,他妈,他妈,ta1 ma1,tʰɤ˥˩ mɤ,tʰɤ˥˩ mɤ,tʰa˥ ma˥,tʰa˥ ma˥,否,[],official_dictionary_casefold,非词汇同音词,non_lexical_homophone,te4 me,ta1 ma1,tʰɤ˥˩ mɤ,tʰa˥ ma˥,越来越糟 盲目扩张之典范。结果就是：面不是那个面了，馅儿不是那个馅儿了，皮也特么不是那个皮了（特色煎包现在什么几把玩意）。我听说现在店员厨师统统因为rediculous的低薪而跳走，作坊小店的抠b管理思维终归搞不来野心的连锁店。,越来越糟 盲目扩张之典范。结果就是：面不是那个面了，馅儿不是那个馅儿了，皮也他妈不是那个皮了（特色煎包现在什么鸡巴玩意）。我听说现在店员厨师统统因为rediculous的低薪而跳走，作坊小店的抠逼管理思维终归搞不来野心的连锁店。
codedlang:341:02,Crowd-AI-Lab/CodedLang,341,几把,几把,几把,ji3 ba3,鸡巴,鸡巴,ji1 ba1,tɕi˨˩˦ pa˨˩˦,tɕi˨˩˦ pa˨˩˦,tɕi˥ pa˥,tɕi˥ pa˥,否,[],official_dictionary_casefold,非词汇同音词,non_lexical_homophone,ji3 ba3,ji1 ba1,tɕi˧˩˧ pa˧˩˧,tɕi˥ pa˥,越来越糟 盲目扩张之典范。结果就是：面不是那个面了，馅儿不是那个馅儿了，皮也特么不是那个皮了（特色煎包现在什么几把玩意）。我听说现在店员厨师统统因为rediculous的低薪而跳走，作坊小店的抠b管理思维终归搞不来野心的连锁店。,越来越糟 盲目扩张之典范。结果就是：面不是那个面了，馅儿不是那个馅儿了，皮也他妈不是那个皮了（特色煎包现在什么鸡巴玩意）。我听说现在店员厨师统统因为rediculous的低薪而跳走，作坊小店的抠逼管理思维终归搞不来野心的连锁店。
codedlang:341:03,Crowd-AI-Lab/CodedLang,341,抠b,抠b,抠b,kou1 b,抠逼,抠逼,kou1 bi1,kʰoʊ˥ bˈiː,kʰoʊ˥ bˈiː,kʰoʊ˥ pi˥,kʰoʊ˥ pi˥,否,[],official_dictionary_casefold,语音替代,non_lexical_homophone,kou1 b,kou1 bi1,kʰou̯˥i pi˥,kʰou̯˥ pi˥,越来越糟 盲目扩张之典范。结果就是：面不是那个面了，馅儿不是那个馅儿了，皮也特么不是那个皮了（特色煎包现在什么几把玩意）。我听说现在店员厨师统统因为rediculous的低薪而跳走，作坊小店的抠b管理思维终归搞不来野心的连锁店。,越来越糟 盲目扩张之典范。结果就是：面不是那个面了，馅儿不是那个馅儿了，皮也他妈不是那个皮了（特色煎包现在什么鸡巴玩意）。我听说现在店员厨师统统因为rediculous的低薪而跳走，作坊小店的抠逼管理思维终归搞不来野心的连锁店。
codedlang:342:01,Crowd-AI-Lab/CodedLang,342,男票,男票,男票,nan2 piao4,男朋友,男朋友,nan2 peng2 you3,nan˧˥ pʰiɑʊ˥˩,nan˧˥ pʰiɑʊ˥˩,nan˧˥ pʰɤŋ˧˥ joʊ˨˩˦,nan˧˥ pʰɤŋ˧˥ joʊ˨˩˦,否,[],official_dictionary_casefold,非词汇同音词,non_lexical_homophone,nan2 piao4,nan2 peng2 you3,na˧˥n pʰjau̯˥˩,na˧˥n pʰə˧˥ŋ jou̯˧˩˧,"这里除了可以提供优质海鲜，坐拥观看雷尼尔山，waterfront海景和漂亮的小帆船们的最佳位置，还给食客们提供了在优雅的环境里边品红酒边慢慢欣赏落日的浪漫氛围，是不是听听都很心动？ *走到店门口会看到一个楼梯，这里温馨提示，走上楼梯后才会到达fine dining的Anthony’s 餐厅，一楼是环境更轻松随意的casual海鲜餐厅，两家环境大不同。 Anthony’s的菜单选择并不多，但样样经典。样样拿手。从以海鲜为主的entrée到融合了西方其他菜系，比如蟹肉意面或蒸螃蟹，随便点一样都不会让人失望。 惊喜第一弹：这家的鸡尾酒超！好！喝！可以说是颜值和实力都很在线了，是喜欢偏果味和不太苦的小编的最爱。点了一杯自家制作的lemonade配gin，和装在新鲜的一整个菠萝里端上来的Pier 66 Mai Tai。 如果不想在喝酒时被菠萝须子蹭到脸，可以把菠萝头取下来，想拍照的时候再重新装回去。两种酒的味道都是醇厚里不失果香，简直让人着迷。 惊喜第二弹：边喝鸡尾酒边看天空从淡蓝色变成粉红色，水面也被下沉的太阳染成金色的时候，小编和男票皱着眉头，无法决定头盘是点一听就很好吃的Crispy Calamari呢，还是听起来更好吃的吞拿鱼呢，这时候，Pier 66 Tower完美地解决了这个问题 – 那就是都！要！了！ 用更划算的价格点到用下午茶的摆盘方式端上来的软嫩多汁的牛肉粒，香煎吞拿鱼和烤的焦脆的鱿鱼圈，是不是听听都很值？ 惊喜第三弹：当服务生小姐姐说餐包是sourdough bread时，小编不仅心里咯噔一下，毕竟之前在面包房也踩过雷，买到过涩口的酸面包。 但端上来的切面面包热腾腾的，一口下去，哎？明明只有柔软和面包的香甜呀！这家的黄油也很可爱，做成了薄片香皂的形状，上面还摆了一颗小植物的软枝，用刀取一点，放在面包上化开一些再抹开，那滋味不要太享受。这时候要不是clam chowder端上桌，想起来后面还有很多美味等着尝，差点冲动地再要一筐面包。 惊喜第四弹：答应我，一定不要错过这家的Dungeness Crab Fettuccini! 超级软嫩，口感鲜香的蟹肉裹在意式宽面和蒜香奶油酱汁里，每一口下去都是罪恶感和发自内心的感叹：“妈呀，真好吃！”里面的西红柿和蘑菇能很好地中和掉奶油酱汁的厚度，使其香而不腻。 贴心提示：这家店虽然可以在Open Table上预约座位，但店家并不能保证预留观景最佳的靠窗位置。所有靠窗位子都是first come, first serve，所以想带朋友或家人来欣赏美景的小伙伴们最好早点到店里“抢占高地”喔！","这里除了可以提供优质海鲜，坐拥观看雷尼尔山，waterfront海景和漂亮的小帆船们的最佳位置，还给食客们提供了在优雅的环境里边品红酒边慢慢欣赏落日的浪漫氛围，是不是听听都很心动？ *走到店门口会看到一个楼梯，这里温馨提示，走上楼梯后才会到达fine dining的Anthony’s 餐厅，一楼是环境更轻松随意的casual海鲜餐厅，两家环境大不同。 Anthony’s的菜单选择并不多，但样样经典。样样拿手。从以海鲜为主的entrée到融合了西方其他菜系，比如蟹肉意面或蒸螃蟹，随便点一样都不会让人失望。 惊喜第一弹：这家的鸡尾酒超！好！喝！可以说是颜值和实力都很在线了，是喜欢偏果味和不太苦的小编的最爱。点了一杯自家制作的lemonade配gin，和装在新鲜的一整个菠萝里端上来的Pier 厉害厉害 Mai Tai。 如果不想在喝酒时被菠萝须子蹭到脸，可以把菠萝头取下来，想拍照的时候再重新装回去。两种酒的味道都是醇厚里不失果香，简直让人着迷。 惊喜第二弹：边喝鸡尾酒边看天空从淡蓝色变成粉红色，水面也被下沉的太阳染成金色的时候，小编和男朋友皱着眉头，无法决定头盘是点一听就很好吃的Crispy Calamari呢，还是听起来更好吃的吞拿鱼呢，这时候，Pier 厉害厉害 Tower完美地解决了这个问题 – 那就是都！要！了！ 用更划算的价格点到用下午茶的摆盘方式端上来的软嫩多汁的牛肉粒，香煎吞拿鱼和烤的焦脆的鱿鱼圈，是不是听听都很值？ 惊喜第三弹：当服务生小姐姐说餐包是sourdough 逼read时，小编不仅心里咯噔一下，毕竟之前在面包房也踩过雷，买到过涩口的酸面包。 但端上来的切面面包热腾腾的，一口下去，哎？明明只有柔软和面包的香甜呀！这家的黄油也很可爱，做成了薄片香皂的形状，上面还摆了一颗小植物的软枝，用刀取一点，放在面包上化开一些再抹开，那滋味不要太享受。这时候要不是clam chowder端上桌，想起来后面还有很多美味等着尝，差点冲动地再要一筐面包。 惊喜第四弹：答应我，一定不要错过这家的啲ungeness Cra逼 Fettuccini! 超级软嫩，口感鲜香的蟹肉裹在意式宽面和蒜香奶油酱汁里，每一口下去都是罪恶感和发自内心的感叹：“妈呀，真好吃！”里面的西红柿和蘑菇能很好地中和掉奶油酱汁的厚度，使其香而不腻。 贴心提示：这家店虽然可以在Open Ta逼le上预约座位，但店家并不能保证预留观景最佳的靠窗位置。所有靠窗位子都是first come, first serve，所以想带朋友或家人来欣赏美景的小伙伴们最好早点到店里“抢占高地”喔！"
codedlang:343:01,Crowd-AI-Lab/CodedLang,343,米国,米国,米国,mi3 guo2,美国,美国,mei3 guo2,mi˨˩˦ kuɔ˧˥,mi˨˩˦ kuɔ˧˥,mei˨˩˦ kuɔ˧˥,mei˨˩˦ kuɔ˧˥,否,[],official_dictionary_casefold,非词汇同音词,non_lexical_homophone,mi3 guo2,mei3 guo2,mi˧˩˧ kwo˧˥,mei̯˧˩˧ kwo˧˥,孩子最喜欢滑索了，在我们温哥华都没有这么好免费的滑索，孩子们玩了一个夏天还是没玩够，所以决定明天再去米国玩,孩子最喜欢滑索了，在我们温哥华都没有这么好免费的滑索，孩子们玩了一个夏天还是没玩够，所以决定明天再去美国玩
codedlang:344:01,Crowd-AI-Lab/CodedLang,344,盆友,盆友,盆友,pen2 you3,朋友,朋友,peng2 you3,pʰən˧˥ joʊ˨˩˦,pʰən˧˥ joʊ˨˩˦,pʰɤŋ˧˥ joʊ˨˩˦,pʰɤŋ˧˥ joʊ˨˩˦,否,[],official_dictionary_casefold,非词汇同音词,non_lexical_homophone,pen2 you3,peng2 you3,pʰə˧˥n jou̯˧˩˧,pʰə˧˥ŋ jou̯˧˩˧,可以欣赏到日本枫树丶亚细亚枫树等，还有专门为小盆友准备的Adventure Packs等活动。,可以欣赏到日本枫树丶亚细亚枫树等，还有专门为小朋友准备的Adventure Packs等活动。
codedlang:345:01,Crowd-AI-Lab/CodedLang,345,墙裂,墙裂,墙裂,qiang2 lie4,强烈,强烈,qiang2 lie4,tɕʰiɑŋ˧˥ liɛ˥˩,tɕʰiɑŋ˧˥ liɛ˥˩,tɕʰiɑŋ˧˥ liɛ˥˩,tɕʰiɑŋ˧˥ liɛ˥˩,否,[],official_dictionary_casefold,歧义同音词,ambiguous_homophone,qiang2 lie4,qiang2 lie4,tɕʰja˧˥ŋ lje˥˩,tɕʰja˧˥ŋ lje˥˩,烧烤碳烤的烟熏味道很足，很好吃。店里调的沾酱很有北方特色，味道很好。锅包肉墙裂推荐。,烧烤碳烤的烟熏味道很足，很好吃。店里调的沾酱很有北方特色，味道很好。锅包肉强烈推荐。
codedlang:346:01,Crowd-AI-Lab/CodedLang,346,辣鸡,辣鸡,辣鸡,la4 ji1,垃圾,垃圾,la1 ji1,la˥˩ tɕi˥,la˥˩ tɕi˥,la˥ tɕi˥,la˥ tɕi˥,否,[],official_dictionary_casefold,歧义同音词,ambiguous_homophone,la4 ji1,la1 ji1,la˥˩ tɕi˥,la˥ tɕi˥,辣鸡,垃圾
codedlang:347:01,Crowd-AI-Lab/CodedLang,347,神马,神马,神马,shen2 ma3,什么,什么,shen2 me,ʂən˧˥ ma˨˩˦,ʂən˧˥ ma˨˩˦,ʂən˧˥ mɤ,ʂən˧˥ mɤ,否,[],official_dictionary_casefold,歧义同音词,ambiguous_homophone,shen2 ma3,shen2 me,ʂə˧˥n ma˧˩˧,ʂə˧˥n mɤ,jarky 神马cake还不错，蔬菜鸡肉沙拉简直好评,jarky 什么cake还不错，蔬菜鸡肉沙拉简直好评
codedlang:348:01,Crowd-AI-Lab/CodedLang,348,特么,特么,特么,te4 me,他妈,他妈,ta1 ma1,tʰɤ˥˩ mɤ,tʰɤ˥˩ mɤ,tʰa˥ ma˥,tʰa˥ ma˥,否,[],official_dictionary_casefold,非词汇同音词,non_lexical_homophone,te4 me,ta1 ma1,tʰɤ˥˩ mɤ,tʰa˥ ma˥,太特么难吃，不应该叫麻辣香锅、叫麻辣咸锅。不对，既不香，也不辣，应该叫乱炒咸锅,太他妈难吃，不应该叫麻啦香锅、叫麻啦咸锅。不对，既不香，也不啦，应该叫乱炒咸锅
codedlang:349:01,Crowd-AI-Lab/CodedLang,349,妹纸,妹纸,妹纸,mei4 zhi3,妹子,妹子,mei4 zi,mei˥˩ ʈʂɻ̩˨˩˦,mei˥˩ ʈʂɻ̩˨˩˦,mei˥˩ tsɹ̩,mei˥˩ tsɹ̩,否,[],official_dictionary_casefold,非词汇同音词,non_lexical_homophone,mei4 zhi3,mei4 zi,mei̯˥˩ ʈʂɻ̩˧˩˧,mei̯˥˩ tsɹ̩,我一有时间就来hebe做脸， 每次都要找茜茜. 这妹纸 手法很专业 人也很逗. Hebe环境很不错又干净 又有舒适的音乐 特别放松！[呲牙][呲牙],我一有时间就来he逼e做脸， 每吃都要找茜茜. 这妹子 手法很专业 人也很逗. He逼e环境很不错又干净 又有舒适的音乐 特别放松！[呲牙][呲牙]
codedlang:350:01,Crowd-AI-Lab/CodedLang,350,温油,温油,温油,wen1 you2,温柔,温柔,wen1 rou2,wən˥ joʊ˧˥,wən˥ joʊ˧˥,wən˥ ɻoʊ˧˥,wən˥ ɻoʊ˧˥,否,[],official_dictionary_casefold,非词汇同音词,non_lexical_homophone,wen1 you2,wen1 rou2,wə˥n jou̯˧˥,wə˥n ɻou̯˧˥,给茜茜和zoey小姐姐手动好评～ 细心又温油，周末必去的地方 特别relax,给茜茜和zoey小姐姐手动好评～ 细心又温柔，周末必去的地方 特别relax
codedlang:351:01,Crowd-AI-Lab/CodedLang,351,温油,温油,温油,wen1 you2,温柔,温柔,wen1 rou2,wən˥ joʊ˧˥,wən˥ joʊ˧˥,wən˥ ɻoʊ˧˥,wən˥ ɻoʊ˧˥,否,[],official_dictionary_casefold,非词汇同音词,non_lexical_homophone,wen1 you2,wen1 rou2,wə˥n jou̯˧˥,wə˥n ɻou̯˧˥,推荐！Zoey小姐姐还有每个美容师小姐姐都很好很温油！每次去都是很好的体验！！,推荐！Zoey小姐姐还有每个美容师小姐姐都很好很温柔！每吃去都是很好的体验！！
codedlang:352:01,Crowd-AI-Lab/CodedLang,352,草泥马,草泥马,草泥马,cao3 ni2 ma3,操你妈,操你妈,cao1 ni3 ma1,tsʰɑʊ˨˩˦ ni˧˥ ma˨˩˦,tsʰɑʊ˨˩˦ ni˧˥ ma˨˩˦,tsʰɑʊ˥ ni˨˩˦ ma˥,tsʰɑʊ˥ ni˨˩˦ ma˥,否,[],official_dictionary_casefold,歧义同音词,"ambiguous_homophone, non_lexical_homophone",cao3 ni2 ma3,cao1 ni3 ma1,tsʰau̯˧˩˧ ni˧˥ ma˧˩˧,tsʰau̯˥ ni˧˩˧ ma˥,这家店真的品质真差 特别是上门的装东西的人 装完了东西不扔还一脸嫌弃的看着我说小费给的少 我真的草泥马 给你小费还那么嫌弃还说不够一餐 你特么还想给你一张钱？？？这种那么缺德人真的人间罕见 去哪工作都是一个败类 工作态度不好就算了 还嫌弃小费少？？？？ 我可以保证这小费够你吃两天了 还少 对你态度好一点也没卵用 这种人真的无语,这家店真的品质真差 特别是上门的装东西的人 装完了东西不扔还一脸嫌弃的看着我说小费给的少 我真的操你妈 给你小费还那么嫌弃还说不够一餐 你他妈还想给你一张钱？？？这种那么缺德人真的人间罕见 去哪工作都是一个败类 工作态度不好就算了 还嫌弃小费少？？？？ 我可以保证这小费够你吃两天了 还少 对你态度好一点也没卵用 这种人真的无语
codedlang:352:02,Crowd-AI-Lab/CodedLang,352,特么,特么,特么,te4 me,他妈,他妈,ta1 ma1,tʰɤ˥˩ mɤ,tʰɤ˥˩ mɤ,tʰa˥ ma˥,tʰa˥ ma˥,否,[],official_dictionary_casefold,非词汇同音词,"ambiguous_homophone, non_lexical_homophone",te4 me,ta1 ma1,tʰɤ˥˩ mɤ,tʰa˥ ma˥,这家店真的品质真差 特别是上门的装东西的人 装完了东西不扔还一脸嫌弃的看着我说小费给的少 我真的草泥马 给你小费还那么嫌弃还说不够一餐 你特么还想给你一张钱？？？这种那么缺德人真的人间罕见 去哪工作都是一个败类 工作态度不好就算了 还嫌弃小费少？？？？ 我可以保证这小费够你吃两天了 还少 对你态度好一点也没卵用 这种人真的无语,这家店真的品质真差 特别是上门的装东西的人 装完了东西不扔还一脸嫌弃的看着我说小费给的少 我真的操你妈 给你小费还那么嫌弃还说不够一餐 你他妈还想给你一张钱？？？这种那么缺德人真的人间罕见 去哪工作都是一个败类 工作态度不好就算了 还嫌弃小费少？？？？ 我可以保证这小费够你吃两天了 还少 对你态度好一点也没卵用 这种人真的无语
codedlang:353:01,Crowd-AI-Lab/CodedLang,353,木有,木有,木有,mu4 you3,没有,没有,mei2 you3,mu˥˩ joʊ˨˩˦,mu˥˩ joʊ˨˩˦,mei˧˥ joʊ˨˩˦,mei˧˥ joʊ˨˩˦,否,[],official_dictionary_casefold,非词汇同音词,non_lexical_homophone,mu4 you3,mei2 you3,mu˥˩ jou̯˧˩˧,mei̯˧˥ jou̯˧˩˧,新旧工作交替间，木有保险…来测新冠，这里不收任何费用，采集的小哥也很温柔，每一步骤都提醒可能引起的不适…赞,新旧工作交替间，没有保险…来测新冠，这里不收任何费用，采集的小哥也很温柔，每一步骤都提醒可能引起的不适…赞
codedlang:354:01,Crowd-AI-Lab/CodedLang,354,尼玛,尼玛,尼玛,ni2 ma3,你妈,你妈,ni3 ma1,ni˧˥ ma˨˩˦,ni˧˥ ma˨˩˦,ni˨˩˦ ma˥,ni˨˩˦ ma˥,否,[],official_dictionary_casefold,非词汇同音词,non_lexical_homophone,ni2 ma3,ni3 ma1,ni˧˥ ma˧˩˧,ni˧˩˧ ma˥,尼玛就是一个坑！,你妈就是一个坑！
codedlang:355:01,Crowd-AI-Lab/CodedLang,355,盆友,盆友,盆友,pen2 you3,朋友,朋友,peng2 you3,pʰən˧˥ joʊ˨˩˦,pʰən˧˥ joʊ˨˩˦,pʰɤŋ˧˥ joʊ˨˩˦,pʰɤŋ˧˥ joʊ˨˩˦,否,[],official_dictionary_casefold,非词汇同音词,non_lexical_homophone,pen2 you3,peng2 you3,pʰə˧˥n jou̯˧˩˧,pʰə˧˥ŋ jou̯˧˩˧,RUDE!RUDE!RUDE! Terrible experience!态度十分的恶劣恶劣恶劣，非常后悔带着我一岁半的宝宝过去这里验血。前台态度很差就算了，抱着宝宝抽血的时候给我摆姿势真是用狠劲，对小孩的情绪也是零容忍零安抚，还抱怨小孩儿挣扎，业务能力也是极其的差，针来回抽插，插进去又像在扫雷一样的左右来回，抽完血小盆友还是歇斯底里的一直哭，直到哭累了睡着了，除了在婴儿期这样哭过后来还是第一次这么哭，小孩儿不会表达，看着小孩儿受这样的罪真是后悔想哭，后悔没在最开始感觉不好的时候及时离开，反正是一次极其不好的经历。,RU啲E!RU啲E!RU啲E! Terri逼le experience!态度十分的恶劣恶劣恶劣，非常后悔带着我一岁半的宝宝过去这里验血。前台态度很差就算了，抱着宝宝抽血的时候给我摆姿势真是用狠劲，对小孩的情绪也是零容忍零安抚，还抱怨小孩儿挣扎，业务能力也是极其的差，针来回抽插，插进去又像在扫雷一样的左右来回，抽完血小朋友还是歇斯底里的一直哭，直到哭累了睡着了，除了在婴儿期这样哭过后来还是第一吃这么哭，小孩儿不会表达，看着小孩儿受这样的罪真是后悔想哭，后悔没在最开始感觉不好的时候及时离开，反正是一吃极其不好的经历。
codedlang:356:01,Crowd-AI-Lab/CodedLang,356,阔以,阔以,阔以,kuo4 yi3,可以,可以,ke3 yi3,kʰuɔ˥˩ i˨˩˦,kʰuɔ˥˩ i˨˩˦,kʰɤ˨˩˦ i˨˩˦,kʰɤ˨˩˦ i˨˩˦,否,[],official_dictionary_casefold,非词汇同音词,non_lexical_homophone,kuo4 yi3,ke3 yi3,kʰwo˥˩ i˧˩˧,kʰɤ˧˩˧ i˧˩˧,还阔以,还可以
codedlang:357:01,Crowd-AI-Lab/CodedLang,357,辣鸡,辣鸡,辣鸡,la4 ji1,垃圾,垃圾,la1 ji1,la˥˩ tɕi˥,la˥˩ tɕi˥,la˥ tɕi˥,la˥ tɕi˥,否,[],official_dictionary_casefold,歧义同音词,ambiguous_homophone,la4 ji1,la1 ji1,la˥˩ tɕi˥,la˥ tɕi˥,太辣鸡了，建议去曼哈顿的chase，更专业和耐心,太垃圾了，建议去曼哈顿的chase，更专业和耐心
codedlang:358:01,Crowd-AI-Lab/CodedLang,358,帅锅,帅锅,帅锅,shuai4 guo1,帅哥,帅哥,shuai4 ge1,ʂuai˥˩ kuɔ˥,ʂuai˥˩ kuɔ˥,ʂuai˥˩ kɤ˥,ʂuai˥˩ kɤ˥,否,[],official_dictionary_casefold,非词汇同音词,non_lexical_homophone,shuai4 guo1,shuai4 ge1,ʂwai̯˥˩ kwo˥,ʂwai̯˥˩ kɤ˥,前台帅锅服务不错！,前台帅哥服务不错！
codedlang:359:01,Crowd-AI-Lab/CodedLang,359,辣鸡,辣鸡,辣鸡,la4 ji1,垃圾,垃圾,la1 ji1,la˥˩ tɕi˥,la˥˩ tɕi˥,la˥ tɕi˥,la˥ tɕi˥,否,[],official_dictionary_casefold,歧义同音词,ambiguous_homophone,la4 ji1,la1 ji1,la˥˩ tɕi˥,la˥ tɕi˥,几个服务的老太婆不是一般的态度差，感觉来买像是欠了他几百万似的，辣鸡,几个服务的老太婆不是一般的态度差，感觉来买像是欠了他几百万似的，垃圾
codedlang:360:01,Crowd-AI-Lab/CodedLang,360,辣鸡,辣鸡,辣鸡,la4 ji1,垃圾,垃圾,la1 ji1,la˥˩ tɕi˥,la˥˩ tɕi˥,la˥ tɕi˥,la˥ tɕi˥,否,[],official_dictionary_casefold,歧义同音词,ambiguous_homophone,la4 ji1,la1 ji1,la˥˩ tɕi˥,la˥ tɕi˥,辣鸡前台。果断换医生！,垃圾前台。果断换医生！
codedlang:361:01,Crowd-AI-Lab/CodedLang,361,炒鸡,炒鸡,炒鸡,chao3 ji1,超级,超级,chao1 ji2,ʈʂʰɑʊ˨˩˦ tɕi˥,ʈʂʰɑʊ˨˩˦ tɕi˥,ʈʂʰɑʊ˥ tɕi˧˥,ʈʂʰɑʊ˥ tɕi˧˥,否,[],official_dictionary_casefold,歧义同音词,ambiguous_homophone,chao3 ji1,chao1 ji2,ʈʂʰau̯˧˩˧ tɕi˥,ʈʂʰau̯˥ tɕi˧˥,"黄医生和aria都炒鸡nice,好喜欢他们，一听朋友说做牙齿，我就推荐黄医生，小伙伴们，需要做牙的赶紧约黄医生哦。","黄医生和aria都超级nice,好喜欢他们，一听朋友说做牙齿，我就推荐黄医生，小伙伴们，需要做牙的赶紧约黄医生哦。"
codedlang:362:01,Crowd-AI-Lab/CodedLang,362,辣鸡,辣鸡,辣鸡,la4 ji1,垃圾,垃圾,la1 ji1,la˥˩ tɕi˥,la˥˩ tɕi˥,la˥ tɕi˥,la˥ tɕi˥,否,[],official_dictionary_casefold,歧义同音词,ambiguous_homophone,la4 ji1,la1 ji1,la˥˩ tɕi˥,la˥ tɕi˥,态度太差了，尤其那个Alex女的...恶心死你！辣鸡邮局,态度太差了，尤其那个Alex女的...恶心死你！垃圾邮局
codedlang:363:01,Crowd-AI-Lab/CodedLang,363,特么,特么,特么,te4 me,他妈,他妈,ta1 ma1,tʰɤ˥˩ mɤ,tʰɤ˥˩ mɤ,tʰa˥ ma˥,tʰa˥ ma˥,否,[],official_dictionary_casefold,非词汇同音词,non_lexical_homophone,te4 me,ta1 ma1,tʰɤ˥˩ mɤ,tʰa˥ ma˥,态度真特么差,态度真他妈差
codedlang:364:01,Crowd-AI-Lab/CodedLang,364,辣鸡,辣鸡,辣鸡,la4 ji1,垃圾,垃圾,la1 ji1,la˥˩ tɕi˥,la˥˩ tɕi˥,la˥ tɕi˥,la˥ tɕi˥,否,[],official_dictionary_casefold,歧义同音词,ambiguous_homophone,la4 ji1,la1 ji1,la˥˩ tɕi˥,la˥ tɕi˥,辣鸡... 他店在56 我在57。就一条街的送过来。没一样是热的... 而且 东西还是酸的... 第二天直接拉肚子,垃圾... 他店在5厉害 我在57。就一条街的送过来。没一样是热的... 而且 东西还是酸的... 第二天直接拉肚子
codedlang:365:01,Crowd-AI-Lab/CodedLang,365,赶脚,赶脚,赶脚,gan3 jiao3,感觉,感觉,gan3 jue2,kan˨˩˦ tɕiɑʊ˨˩˦,kan˨˩˦ tɕiɑʊ˨˩˦,kan˨˩˦ tɕyɛ˧˥,kan˨˩˦ tɕyɛ˧˥,否,[],official_dictionary_casefold,非词汇同音词,non_lexical_homophone,gan3 jiao3,gan3 jue2,ka˧˩˧n tɕjau̯˧˩˧,ka˧˩˧n tɕɥe˧˥,环境服务五星，特别像国内苏式牛肉面的赶脚,环境服务五星，特别像国内苏式牛肉面的感觉
codedlang:366:01,Crowd-AI-Lab/CodedLang,366,辣鸡,辣鸡,辣鸡,la4 ji1,垃圾,垃圾,la1 ji1,la˥˩ tɕi˥,la˥˩ tɕi˥,la˥ tɕi˥,la˥ tɕi˥,否,[],official_dictionary_casefold,歧义同音词,ambiguous_homophone,la4 ji1,la1 ji1,la˥˩ tɕi˥,la˥ tɕi˥,垃圾菜和辣鸡服务，海鲜汤里只有个空贝壳，走的时候偷了我们的墨镜还说我们没给小费，明明给了15%的小费，问了半天才把眼镜给我们，店里一股厕所味,垃圾菜和垃圾服务，海鲜汤里只有个空贝壳，走的时候偷了我们的墨镜还说我们没给小费，明明给了15%的小费，问了半天才把眼镜给我们，店里一股厕所味
codedlang:367:01,Crowd-AI-Lab/CodedLang,367,墨迹,墨迹,墨迹,mo4 ji4,磨叽,磨叽,mo2 ji1,muɔ˥˩ tɕi˥˩,muɔ˥˩ tɕi˥˩,muɔ˧˥ tɕi˥,muɔ˧˥ tɕi˥,否,[],official_dictionary_casefold,歧义同音词,ambiguous_homophone,mo4 ji4,mo2 ji1,mwo˥˩ tɕi˥˩,mwo˧˥ tɕi˥,服务态度不好  贷款方面给你打马虎眼 等回家找专业人士一看 利息高到吓人 2w多的车 利息1w多  买车的时候答应你的优惠 等你签完字的时候 才发现一分不少  办事效率墨迹的不行 下午两点去的 给你墨迹到下班  经常把你自己丢在那里 半天找不到人 各种套路在里面 把你耍得团团转！好多年没骂过脏话现在只想说  麻痹的垃圾车行,服务态度不好  贷款方面给你打马虎眼 等回家找专业人士一看 利息高到吓人 2w多的车 利息1w多  买车的时候答应你的优惠 等你签完字的时候 才发现一分不少  办事效率磨叽的不行 下午两点去的 给你磨叽到下班  经常把你自己丢在那里 半天找不到人 各种套路在里面 把你耍得团团转！好多年没骂过脏话现在只想说  麻痹的垃圾车行
codedlang:368:01,Crowd-AI-Lab/CodedLang,368,集美,集美,集美,ji2 mei3,姐妹,姐妹,jie3 mei4,tɕi˧˥ mei˨˩˦,tɕi˧˥ mei˨˩˦,tɕiɛ˨˩˦ mei˥˩,tɕiɛ˨˩˦ mei˥˩,否,[],official_dictionary_casefold,非词汇同音词,non_lexical_homophone,ji2 mei3,jie3 mei4,tɕi˧˥ mei̯˧˩˧,tɕje˧˩˧ mei̯˥˩,在法拉盛很好玩的地方，娃娃店好可爱，整个店粉色系装饰很可爱适合集美们来打卡拍照📷$1抓一次，娃娃不但很好抓而且店员小哥很nice 都会帮忙摆好位置。 我们抓了15个 可以换了一个超大抱枕。p,在法拉盛很好玩的地方，娃娃店好可爱，整个店粉色系装饰很可爱适合姐妹们来打卡拍照📷$1抓一吃，娃娃不但很好抓而且店员小哥很nice 都会帮忙摆好位置。 我们抓了15个 可以换了一个超大抱枕。p
codedlang:369:01,Crowd-AI-Lab/CodedLang,369,炒鸡,炒鸡,炒鸡,chao3 ji1,超级,超级,chao1 ji2,ʈʂʰɑʊ˨˩˦ tɕi˥,ʈʂʰɑʊ˨˩˦ tɕi˥,ʈʂʰɑʊ˥ tɕi˧˥,ʈʂʰɑʊ˥ tɕi˧˥,否,[],official_dictionary_casefold,歧义同音词,ambiguous_homophone,chao3 ji1,chao1 ji2,ʈʂʰau̯˧˩˧ tɕi˥,ʈʂʰau̯˥ tɕi˧˥,千层蛋糕炒鸡好吃的！第一次买全味道的，超级好吃！甜而不腻！,千层蛋糕超级好吃的！第一吃买全味道的，超级好吃！甜而不腻！
codedlang:370:01,Crowd-AI-Lab/CodedLang,370,炒鸡,炒鸡,炒鸡,chao3 ji1,超级,超级,chao1 ji2,ʈʂʰɑʊ˨˩˦ tɕi˥,ʈʂʰɑʊ˨˩˦ tɕi˥,ʈʂʰɑʊ˥ tɕi˧˥,ʈʂʰɑʊ˥ tɕi˧˥,否,[],official_dictionary_casefold,歧义同音词,ambiguous_homophone,chao3 ji1,chao1 ji2,ʈʂʰau̯˧˩˧ tɕi˥,ʈʂʰau̯˥ tɕi˧˥,真的服务态度没话说！留住我的就是味道和服务！超级推荐西红柿口味的鱼！牛蛙也炒鸡入味！牛肉串是我在法拉盛吃过最好吃的！,真的服务态度没话说！留住我的就是味道和服务！超级推荐西红柿口味的鱼！牛蛙也超级入味！牛肉串是我在法拉盛吃过最好吃的！
codedlang:371:01,Crowd-AI-Lab/CodedLang,371,炒鸡,炒鸡,炒鸡,chao3 ji1,超级,超级,chao1 ji2,ʈʂʰɑʊ˨˩˦ tɕi˥,ʈʂʰɑʊ˨˩˦ tɕi˥,ʈʂʰɑʊ˥ tɕi˧˥,ʈʂʰɑʊ˥ tɕi˧˥,否,[],official_dictionary_casefold,歧义同音词,ambiguous_homophone,chao3 ji1,chao1 ji2,ʈʂʰau̯˧˩˧ tɕi˥,ʈʂʰau̯˥ tɕi˧˥,炒鸡好吃的一家网红店，服务也很好，装修风格是复古的90年代的路边摊的感觉，关键是价格还很良心，才五毛钱一串，本人比较推荐传统锅，又麻又辣很过瘾，经典锅其实也不错拉，适合不能太吃辣的，唯一缺点就是等位有点久，不过等了两个小时吃到这么好吃的串串也值了,超级好吃的一家网红店，服务也很好，装修风格是复古的90年代的路边摊的感觉，关键是价格还很良心，才五毛钱一串，本人比较推荐传统锅，又麻又啦很过瘾，经典锅其实也不错拉，适合不能太吃啦的，唯一缺点就是等位有点久，不过等了两个小时吃到这么好吃的串串也值了
codedlang:372:01,Crowd-AI-Lab/CodedLang,372,墙裂,墙裂,墙裂,qiang2 lie4,强烈,强烈,qiang2 lie4,tɕʰiɑŋ˧˥ liɛ˥˩,tɕʰiɑŋ˧˥ liɛ˥˩,tɕʰiɑŋ˧˥ liɛ˥˩,tɕʰiɑŋ˧˥ liɛ˥˩,否,[],official_dictionary_casefold,歧义同音词,ambiguous_homophone,qiang2 lie4,qiang2 lie4,tɕʰja˧˥ŋ lje˥˩,tɕʰja˧˥ŋ lje˥˩,在美留学的微信必备公众号！给三号客服小哥哥点赞！很耐心，很专业～很好的解决了我的疑惑。墙裂推荐给经常在美有各种法律困惑的小伙伴们。,在美留学的微信必备公众号！给三号客服小哥哥点赞！很耐心，很专业～很好的解决了我的疑惑。强烈推荐给经常在美有各种法律困惑的小伙伴们。
codedlang:373:01,Crowd-AI-Lab/CodedLang,373,特么,特么,特么,te4 me,他妈,他妈,ta1 ma1,tʰɤ˥˩ mɤ,tʰɤ˥˩ mɤ,tʰa˥ ma˥,tʰa˥ ma˥,否,[],official_dictionary_casefold,非词汇同音词,non_lexical_homophone,te4 me,ta1 ma1,tʰɤ˥˩ mɤ,tʰa˥ ma˥,这特么难吃 除了豆腐脑 全是凉的。早上7:30 油条 煎饼 都是凉的。卫生评价C。吃完我恶心。,这他妈难吃 除了豆腐脑 全是凉的。早上7:30 油条 煎饼 都是凉的。卫生评价C。吃完我恶心。
codedlang:374:01,Crowd-AI-Lab/CodedLang,374,沙雕,沙雕,沙雕,sha1 diao1,傻屌,傻屌,sha3 diao3,ʂa˥ tiɑʊ˥,ʂa˥ tiɑʊ˥,ʂa˨˩˦ tiɑʊ˨˩˦,ʂa˨˩˦ tiɑʊ˨˩˦,否,[],official_dictionary_casefold,歧义同音词,ambiguous_homophone,sha1 diao1,sha3 diao3,ʂa˥ tjau̯˥,ʂa˧˩˧ tjau̯˧˩˧,今天在海底捞给朋友安排了一次社死的惊喜，很满意，第一波男员工出来唱单身情歌时惊吓到寿星，差点起来尬舞了…第二波生日祝福歌直接把寿星送到桌子底下，笑翻了。很谢谢Carrie，Kevin，Alister贴心的服务，特别是Carrie小姐姐 被寿星沙雕的模样逗得笑开了花，哈哈哈哈哈，海底捞真是个庆祝生日的好地方，只要你不尴尬，尴尬的都是别人。,今天在海底捞给朋友安排了一吃社死的惊喜，很满意，第一波男员工出来唱单身情歌时惊吓到寿星，差点起来尬舞了…第二波生日祝福歌直接把寿星送到桌子底下，笑翻了。很谢谢Carrie，Kevin，Alister贴心的服务，特别是Carrie小姐姐 被寿星傻屌的模样逗得笑开了花，哈哈哈哈哈，海底捞真是个庆祝生日的好地方，只要你不尴尬，尴尬的都是别人。
codedlang:375:01,Crowd-AI-Lab/CodedLang,375,阔爱,阔爱,阔爱,kuo4 ai4,可爱,可爱,ke3 ai4,kʰuɔ˥˩ ai˥˩,kʰuɔ˥˩ ai˥˩,kʰɤ˨˩˦ ai˥˩,kʰɤ˨˩˦ ai˥˩,否,[],official_dictionary_casefold,非词汇同音词,non_lexical_homophone,kuo4 ai4,ke3 ai4,kʰwo˥˩ ai̯˥˩,kʰɤ˧˩˧ ai̯˥˩,我喜欢海底捞的Karry跟阔爱的大恐龙，这边在疫情期间做的卫生和疫情防控真的好好，即便是在疫情节日期间，大家服务都好好，下次还来！！！比心❤️,我喜欢海底捞的Karry跟可爱的大恐龙，这边在疫情期间做的卫生和疫情防控真的好好，即便是在疫情节日期间，大家服务都好好，下吃还来！！！比心❤️
codedlang:376:01,Crowd-AI-Lab/CodedLang,376,曹尼玛,曹尼玛,曹尼玛,cao2 ni2 ma3,操你妈,操你妈,cao1 ni3 ma1,tsʰɑʊ˧˥ ni˧˥ ma˨˩˦,tsʰɑʊ˧˥ ni˧˥ ma˨˩˦,tsʰɑʊ˥ ni˨˩˦ ma˥,tsʰɑʊ˥ ni˨˩˦ ma˥,否,[],official_dictionary_casefold,非词汇同音词,non_lexical_homophone,cao2 ni2 ma3,cao1 ni3 ma1,tsʰau̯˧˥ ni˧˥ ma˧˩˧,tsʰau̯˥ ni˧˩˧ ma˥,卖的都是垃圾！  买回来的鱼都是有病的鱼！  出了店门口就不负责了   曹尼玛……,卖的都是垃圾！  买回来的鱼都是有病的鱼！  出了店门口就不负责了   操你妈……
codedlang:377:01,Crowd-AI-Lab/CodedLang,377,辣鸡,辣鸡,辣鸡,la4 ji1,垃圾,垃圾,la1 ji1,la˥˩ tɕi˥,la˥˩ tɕi˥,la˥ tɕi˥,la˥ tɕi˥,否,[],official_dictionary_casefold,歧义同音词,ambiguous_homophone,la4 ji1,la1 ji1,la˥˩ tɕi˥,la˥ tɕi˥,我想说这里好多地方真的不合理。 在这个地方刚开的时候我和我朋友去开会员捧场。他们当时的活动是介绍一位新会员，可以送网费10块。我和我朋友一起去的，按理说当时算相互介绍，每个人多送10块就好了。非要说是24小时后，再介绍新来的才算。但是我就和我的朋友一起去那里玩。难道那一天我们俩还不可以一起玩了？ 其次，在过节的时候，网费竟然翻倍。有的店面节假日收费收费贵这个可以理解，但是你网吧。顾客进去是机器服务顾客。机器又不是人，你网费凭什么在节假日贵？ 再者，就是最有问题的地方就是，鼠标不好用。可以看出外设都是网鱼自己公司定制的。但是讲道理，你们的那个鼠标真的很难用。需要用很大的力才可以使用。打游戏的时候非常难受。  所以说，总结就是，收费不可理，收费贵，鼠标键盘难用。现在卡里还有20多，但是完全不想去玩。外设实在太难受。  可以说，辣鸡的,我想说这里好多地方真的不合理。 在这个地方刚开的时候我和我朋友去开会员捧场。他们当时的活动是介绍一位新会员，可以送网费10块。我和我朋友一起去的，按理说当时算相互介绍，每个人多送10块就好了。非要说是24小时后，再介绍新来的才算。但是我就和我的朋友一起去那里玩。难道那一天我们俩还不可以一起玩了？ 其吃，在过节的时候，网费竟然翻倍。有的店面节假日收费收费贵这个可以理解，但是你网吧。顾客进去是机器服务顾客。机器又不是人，你网费凭什么在节假日贵？ 再者，就是最有问题的地方就是，鼠标不好用。可以看出外设都是网鱼自己公司定制的。但是讲道理，你们的那个鼠标真的很难用。需要用很大的力才可以使用。打游戏的时候非常难受。  所以说，总结就是，收费不可理，收费贵，鼠标键盘难用。现在卡里还有20多，但是完全不想去玩。外设实在太难受。  可以说，垃圾的
codedlang:378:01,Crowd-AI-Lab/CodedLang,378,炒鸡,炒鸡,炒鸡,chao3 ji1,超级,超级,chao1 ji2,ʈʂʰɑʊ˨˩˦ tɕi˥,ʈʂʰɑʊ˨˩˦ tɕi˥,ʈʂʰɑʊ˥ tɕi˧˥,ʈʂʰɑʊ˥ tɕi˧˥,否,[],official_dictionary_casefold,歧义同音词,ambiguous_homophone,chao3 ji1,chao1 ji2,ʈʂʰau̯˧˩˧ tɕi˥,ʈʂʰau̯˥ tɕi˧˥,网管态度炒鸡好！小姐姐特别漂亮！吹爆这家店，让我美国找到了家的感觉！,网管态度超级好！小姐姐特别漂亮！吹爆这家店，让我美国找到了家的感觉！
codedlang:379:01,Crowd-AI-Lab/CodedLang,379,8,8,八,ba1,不,不,bu4,pa˥,pa˥,pu˥˩,pu˥˩,否,[],official_dictionary_casefold,歧义同音词,ambiguous_homophone,ba1,bu4,pa˥,pu˥˩,8太行,不太行
codedlang:380:01,Crowd-AI-Lab/CodedLang,380,辣鸡,辣鸡,辣鸡,la4 ji1,垃圾,垃圾,la1 ji1,la˥˩ tɕi˥,la˥˩ tɕi˥,la˥ tɕi˥,la˥ tɕi˥,否,[],official_dictionary_casefold,歧义同音词,ambiguous_homophone,la4 ji1,la1 ji1,la˥˩ tɕi˥,la˥ tɕi˥,辣鸡前台 态度👎,垃圾前台 态度👎
codedlang:381:01,Crowd-AI-Lab/CodedLang,381,稀饭,稀饭,稀饭,xi1 fan4,喜欢,喜欢,xi3 huan1,ɕi˥ fan˥˩,ɕi˥ fan˥˩,ɕi˨˩˦ xuan˥,ɕi˨˩˦ xuan˥,否,[],official_dictionary_casefold,歧义同音词,ambiguous_homophone,xi1 fan4,xi3 huan1,ɕi˥ fa˥˩n,ɕi˧˩˧ xwa˥n,很好吃😋稀饭店里的抹茶卷,很好吃😋喜欢店里的抹茶卷
codedlang:382:01,Crowd-AI-Lab/CodedLang,382,尼玛,尼玛,尼玛,ni2 ma3,你妈,你妈,ni3 ma1,ni˧˥ ma˨˩˦,ni˧˥ ma˨˩˦,ni˨˩˦ ma˥,ni˨˩˦ ma˥,否,[],official_dictionary_casefold,非词汇同音词,non_lexical_homophone,ni2 ma3,ni3 ma1,ni˧˥ ma˧˩˧,ni˧˩˧ ma˥,垃圾服务 坐地起价 说好六十，尼玛到地方涨120 黑心商家。,垃圾服务 坐地起价 说好六十，你妈到地方涨120 黑心商家。
codedlang:383:01,Crowd-AI-Lab/CodedLang,383,墨迹,墨迹,墨迹,mo4 ji4,磨叽,磨叽,mo2 ji1,muɔ˥˩ tɕi˥˩,muɔ˥˩ tɕi˥˩,muɔ˧˥ tɕi˥,muɔ˧˥ tɕi˥,否,[],official_dictionary_casefold,歧义同音词,ambiguous_homophone,mo4 ji4,mo2 ji1,mwo˥˩ tɕi˥˩,mwo˧˥ tɕi˥,我刚刚从这里出来。 刚算钱的时候 看到整理蔬菜的员工因为两个老太太挑菜 挑的比较墨迹 就大声骂她们滚蛋。 我就想 你家里没有奶奶吗 怎么能对客人这样 就算不是客人你也不能这么骂俩老奶奶啊 我也是服了,我刚刚从这里出来。 刚算钱的时候 看到整理蔬菜的员工因为两个老太太挑菜 挑的比较磨叽 就大声骂她们滚蛋。 我就想 你家里没有奶奶吗 怎么能对客人这样 就算不是客人你也不能这么骂俩老奶奶啊 我也是服了
codedlang:384:01,Crowd-AI-Lab/CodedLang,384,草泥马,草泥马,草泥马,cao3 ni2 ma3,操你妈,操你妈,cao1 ni3 ma1,tsʰɑʊ˨˩˦ ni˧˥ ma˨˩˦,tsʰɑʊ˨˩˦ ni˧˥ ma˨˩˦,tsʰɑʊ˥ ni˨˩˦ ma˥,tsʰɑʊ˥ ni˨˩˦ ma˥,否,[],official_dictionary_casefold,歧义同音词,ambiguous_homophone,cao3 ni2 ma3,cao1 ni3 ma1,tsʰau̯˧˩˧ ni˧˥ ma˧˩˧,tsʰau̯˥ ni˧˩˧ ma˥,"全美国最垃圾的大通银行之一，管理混乱,歧视中国人。草泥马","全美国最垃圾的大通银行之一，管理混乱,歧视中国人。操你妈"
codedlang:385:01,Crowd-AI-Lab/CodedLang,385,草泥马,草泥马,草泥马,cao3 ni2 ma3,操你妈,操你妈,cao1 ni3 ma1,tsʰɑʊ˨˩˦ ni˧˥ ma˨˩˦,tsʰɑʊ˨˩˦ ni˧˥ ma˨˩˦,tsʰɑʊ˥ ni˨˩˦ ma˥,tsʰɑʊ˥ ni˨˩˦ ma˥,否,[],official_dictionary_casefold,歧义同音词,ambiguous_homophone,cao3 ni2 ma3,cao1 ni3 ma1,tsʰau̯˧˩˧ ni˧˥ ma˧˩˧,tsʰau̯˥ ni˧˩˧ ma˥,这里的工作人员服务态度非常恶劣，难道政府工作就是铁饭碗？没人管？这家经理应该炒鱿鱼！对中国人非常不友好！草泥马b,这里的工作人员服务态度非常恶劣，难道政府工作就是铁饭碗？没人管？这家经理应该炒鱿鱼！对中国人非常不友好！操你妈逼
codedlang:386:01,Crowd-AI-Lab/CodedLang,386,木有,木有,木有,mu4 you3,没有,没有,mei2 you3,mu˥˩ joʊ˨˩˦,mu˥˩ joʊ˨˩˦,mei˧˥ joʊ˨˩˦,mei˧˥ joʊ˨˩˦,否,[],official_dictionary_casefold,非词汇同音词,non_lexical_homophone,mu4 you3,mei2 you3,mu˥˩ jou̯˧˩˧,mei̯˧˥ jou̯˧˩˧,木有menu .,没有menu .
codedlang:387:01,Crowd-AI-Lab/CodedLang,387,炒鸡,炒鸡,炒鸡,chao3 ji1,超级,超级,chao1 ji2,ʈʂʰɑʊ˨˩˦ tɕi˥,ʈʂʰɑʊ˨˩˦ tɕi˥,ʈʂʰɑʊ˥ tɕi˧˥,ʈʂʰɑʊ˥ tɕi˧˥,否,[],official_dictionary_casefold,歧义同音词,ambiguous_homophone,chao3 ji1,chao1 ji2,ʈʂʰau̯˧˩˧ tɕi˥,ʈʂʰau̯˥ tɕi˧˥,好吃哇。虾锅特别好吃！超级辣的炒鸡爽。说不好吃的你们太不会吃了🤷🏻‍♀️ （建议不吃辣的你们就不要去吃了，因为不辣就特别咸鲜）味道跟辣味的比差上十万八千里。,好吃哇。虾锅特别好吃！超级啦的超级爽。说不好吃的你们太不会吃了🤷🏻‍♀️ （建议不吃啦的你们就不要去吃了，因为不啦就特别咸鲜）味道跟啦味的比差上十万八千里。
codedlang:388:01,Crowd-AI-Lab/CodedLang,388,盆友,盆友,盆友,pen2 you3,朋友,朋友,peng2 you3,pʰən˧˥ joʊ˨˩˦,pʰən˧˥ joʊ˨˩˦,pʰɤŋ˧˥ joʊ˨˩˦,pʰɤŋ˧˥ joʊ˨˩˦,否,[],official_dictionary_casefold,非词汇同音词,non_lexical_homophone,pen2 you3,peng2 you3,pʰə˧˥n jou̯˧˩˧,pʰə˧˥ŋ jou̯˧˩˧,做了预约，我还得等多一个钟头，那我的预约意义何在？上桌之后没有主动给我们添水，上菜速度慢，服务过于被动，咸鲜锅，只有咸，没有鲜，香辣锅，有点甜，辣味只有刷菜的时候有，最重要的，盆友们，量太少了，等那么久，味道还一般，还不让我们吃饱，我来饭店是干什么来的，熏了一身味道，回家洗澡玩的么，不推荐不推荐，绝对不推荐！,做了预约，我还得等多一个钟头，那我的预约意义何在？上桌之后没有主动给我们添水，上菜速度慢，服务过于被动，咸鲜锅，只有咸，没有鲜，香啦锅，有点甜，啦味只有刷菜的时候有，最重要的，朋友们，量太少了，等那么久，味道还一般，还不让我们吃饱，我来饭店是干什么来的，熏了一身味道，回家洗澡玩的么，不推荐不推荐，绝对不推荐！
codedlang:389:01,Crowd-AI-Lab/CodedLang,389,滚粗,滚粗,滚粗,gun3 cu1,滚出,滚出,gun3 chu1,kuən˨˩˦ tsʰu˥,kuən˨˩˦ tsʰu˥,kuən˨˩˦ ʈʂʰu˥,kuən˨˩˦ ʈʂʰu˥,否,[],official_dictionary_casefold,非词汇同音词,non_lexical_homophone,gun3 cu1,gun3 chu1,kwə˧˩˧n tsʰu˥,kwə˧˩˧n ʈʂʰu˥,东西还行，性价比不高。不能刷卡，还打税这点不能忍。做生意谁不知道谁啊。差评滚粗。,东西还行，性价比不高。不能刷卡，还打税这点不能忍。做生意谁不知道谁啊。差评滚出。
codedlang:390:01,Crowd-AI-Lab/CodedLang,390,炒鸡,炒鸡,炒鸡,chao3 ji1,超级,超级,chao1 ji2,ʈʂʰɑʊ˨˩˦ tɕi˥,ʈʂʰɑʊ˨˩˦ tɕi˥,ʈʂʰɑʊ˥ tɕi˧˥,ʈʂʰɑʊ˥ tɕi˧˥,否,[],official_dictionary_casefold,歧义同音词,ambiguous_homophone,chao3 ji1,chao1 ji2,ʈʂʰau̯˧˩˧ tɕi˥,ʈʂʰau̯˥ tɕi˧˥,周末的时候和朋友一起去了，店里装修很棒东西也很好吃！推荐！吃完也不会有味道，可以说是非常棒了～～～～ 推荐横膈膜和厚牛舌，真的炒鸡好吃！价格也比预计的便宜. 纳入烤肉必吃名单！,周末的时候和朋友一起去了，店里装修很棒东西也很好吃！推荐！吃完也不会有味道，可以说是非常棒了～～～～ 推荐横膈膜和厚牛舌，真的超级好吃！价格也比预计的便宜. 纳入烤肉必吃名单！
codedlang:391:01,Crowd-AI-Lab/CodedLang,391,墙裂,墙裂,墙裂,qiang2 lie4,强烈,强烈,qiang2 lie4,tɕʰiɑŋ˧˥ liɛ˥˩,tɕʰiɑŋ˧˥ liɛ˥˩,tɕʰiɑŋ˧˥ liɛ˥˩,tɕʰiɑŋ˧˥ liɛ˥˩,否,[],official_dictionary_casefold,歧义同音词,ambiguous_homophone,qiang2 lie4,qiang2 lie4,tɕʰja˧˥ŋ lje˥˩,tɕʰja˧˥ŋ lje˥˩,刘师傅技术一流，速度快态度也好，价格还便宜！墙裂推荐。,刘师傅技术一流，速度快态度也好，价格还便宜！强烈推荐。
codedlang:392:01,Crowd-AI-Lab/CodedLang,392,灰常,灰常,灰常,hui1 chang2,非常,非常,fei1 chang2,xuei˥ ʈʂʰɑŋ˧˥,xuei˥ ʈʂʰɑŋ˧˥,fei˥ ʈʂʰɑŋ˧˥,fei˥ ʈʂʰɑŋ˧˥,否,[],official_dictionary_casefold,非词汇同音词,non_lexical_homophone,hui1 chang2,fei1 chang2,xwei̯˥ ʈʂʰa˧˥ŋ,fei̯˥ ʈʂʰa˧˥ŋ,点餐态度灰常不好,点餐态度非常不好
codedlang:393:01,Crowd-AI-Lab/CodedLang,393,妹纸,妹纸,妹纸,mei4 zhi3,妹子,妹子,mei4 zi,mei˥˩ ʈʂɻ̩˨˩˦,mei˥˩ ʈʂɻ̩˨˩˦,mei˥˩ tsɹ̩,mei˥˩ tsɹ̩,否,[],official_dictionary_casefold,非词汇同音词,non_lexical_homophone,mei4 zhi3,mei4 zi,mei̯˥˩ ʈʂɻ̩˧˩˧,mei̯˥˩ tsɹ̩,漂亮的妹纸，好吃的甜点。😄😄,漂亮的妹子，好吃的甜点。😄😄
codedlang:394:01,Crowd-AI-Lab/CodedLang,394,草泥马,草泥马,草泥马,cao3 ni2 ma3,操你妈,操你妈,cao1 ni3 ma1,tsʰɑʊ˨˩˦ ni˧˥ ma˨˩˦,tsʰɑʊ˨˩˦ ni˧˥ ma˨˩˦,tsʰɑʊ˥ ni˨˩˦ ma˥,tsʰɑʊ˥ ni˨˩˦ ma˥,否,[],official_dictionary_casefold,歧义同音词,ambiguous_homophone,cao3 ni2 ma3,cao1 ni3 ma1,tsʰau̯˧˩˧ ni˧˥ ma˧˩˧,tsʰau̯˥ ni˧˩˧ ma˥,巨难吃无比。怎么形容呢... 就是糕点师今天谈恋爱了撒点糖吧，哎呀不小心一整罐都搭进去了呢（巨甜无比，齁甜齁甜）！蛋糕昨天烤的有点多。哎呀怎么被压起来了。无所谓啦那些人也吃不出来（蛋糕体：实，干）。非要形容有点像干掉的pound cake。 我点了一个手雷：forbidden fruit 和 好丽友巧克力派： earl gray。 再拿刀子往下切的时候感觉到了无比的阻力....真的非常像块石头。我心里就咯噔了一声。可是我还是安慰自己，横切面看着还可以...  一口蛋糕吃下去，甜，腻，实在。内心就已经是一万头草泥马呼啸而过了。  反正我吃了一口..就吃不下去了：）没吃过这么难吃的甜品 ：）（在我的想象里，长这样好看的甜品口感应该是轻盈的慕斯+清爽的奶油）呵呵...我为什么要信纽约美食君...被骗多少次了还不吸取教训...  点了杯喝的乌龙茶奶盖。中等偏....下....茶还ok，奶盖...又是一个用力过度的表现....非典都过了少放点盐巴...不用这么敦厚老实吧...  不过，好看是挺好看的。味道就是typical 网红甜品店。装修不错。结账给的名片是木头的。一星给个branding吧。不然我真的是想打个负分：）,巨难吃无比。怎么形容呢... 就是糕点师今天谈恋爱了撒点糖吧，哎呀不小心一整罐都搭进去了呢（巨甜无比，齁甜齁甜）！蛋糕昨天烤的有点多。哎呀怎么被压起来了。无所谓啦那些人也吃不出来（蛋糕体：实，干）。非要形容有点像干掉的pound cake。 我点了一个手雷：for逼idden fruit 和 好丽友巧克力派： earl gray。 再拿刀子往下切的时候感觉到了无比的阻力....真的非常像块石头。我心里就咯噔了一声。可是我还是安慰自己，横切面看着还可以...  一口蛋糕吃下去，甜，腻，实在。内心就已经是一万头操你妈呼啸而过了。  反正我吃了一口..就吃不下去了：）没吃过这么难吃的甜品 ：）（在我的想象里，长这样好看的甜品口感应该是轻盈的慕斯+清爽的奶油）呵呵...我为什么要信纽约美食君...被骗多少吃了还不吸取教训...  点了杯喝的乌龙茶奶盖。中等偏....下....茶还ok，奶盖...又是一个用力过度的表现....非典都过了少放点盐巴...不用这么敦厚老实吧...  不过，好看是挺好看的。味道就是typical 网红甜品店。装修不错。结账给的名片是木头的。一星给个逼randing吧。不然我真的是想打个负分：）
codedlang:395:01,Crowd-AI-Lab/CodedLang,395,特么,特么,特么,te4 me,他妈,他妈,ta1 ma1,tʰɤ˥˩ mɤ,tʰɤ˥˩ mɤ,tʰa˥ ma˥,tʰa˥ ma˥,否,[],official_dictionary_casefold,非词汇同音词,non_lexical_homophone,te4 me,ta1 ma1,tʰɤ˥˩ mɤ,tʰa˥ ma˥,我付了300块去他们在34街的办公室预约30分钟律师咨询。听了1分钟我觉得是大专生水平，听了3分钟我觉得是高中生水平，听了5分钟我觉得是初中生水平，听了10分钟我觉得是小学生水平，听完30分钟我觉得“律师”应该吃氯丙嗪的水平啊啊啊啊啊。 就这水平还敢自称哈佛律师团队？我呸！你特么哈尔滨佛学院的吧。,我付了300块去他们在34街的办公室预约30分钟律师咨询。听了1分钟我觉得是大专生水平，听了3分钟我觉得是高中生水平，听了5分钟我觉得是初中生水平，听了10分钟我觉得是小学生水平，听完30分钟我觉得“律师”应该吃氯丙嗪的水平啊啊啊啊啊。 就这水平还敢自称哈佛律师团队？我呸！你他妈哈尔滨佛学院的吧。
codedlang:396:01,Crowd-AI-Lab/CodedLang,396,艹,艹,艹,cao3,,,,tsʰɑʊ˨˩˦,tsʰɑʊ˨˩˦,,,是,"[{""type"": ""missing_dictionary_decode""}]",not_in_official_dictionary,语音替代 / 非词汇同音词,"non_lexical_homophone, orthographic, phonetic",,,,,艹尼玛币的垃圾公司，赶紧倒闭吧，好不容易网上卖东西，结果客人退货，退货就算了，你牠妈的还收了那么多的手续费，老子没挣一分钱你TMD还收手续费！做梦去吧，操你妈逼的，还让讨债公司来收费，你他妈的真贱啊。去死吧老子一毛都不会给的！,草你妈逼的垃圾公司，赶紧倒闭吧，好不容易网上卖东西，结果客人退货，退货就算了，你他妈的还收了那么多的手续费，老子没挣一分钱你他妈的还收手续费！做梦去吧，操你妈逼的，还让讨债公司来收费，你他妈的真贱啊。去死吧老子一毛都不会给的！
codedlang:396:02,Crowd-AI-Lab/CodedLang,396,你牠妈,你牠妈,你牠妈,ni3 ta1 ma1,你他妈,你他妈,ni3 ta1 ma1,ni˨˩˦ tʰa˥ ma˥,ni˨˩˦ tʰa˥ ma˥,ni˨˩˦ tʰa˥ ma˥,ni˨˩˦ tʰa˥ ma˥,否,[],official_dictionary_casefold,非词汇同音词,"non_lexical_homophone, orthographic, phonetic",ni3 ta1 ma1,ni3 ta1 ma1,ni˧˩˧ tʰa˥ ma˥,ni˧˩˧ tʰa˥ ma˥,艹尼玛币的垃圾公司，赶紧倒闭吧，好不容易网上卖东西，结果客人退货，退货就算了，你牠妈的还收了那么多的手续费，老子没挣一分钱你TMD还收手续费！做梦去吧，操你妈逼的，还让讨债公司来收费，你他妈的真贱啊。去死吧老子一毛都不会给的！,草你妈逼的垃圾公司，赶紧倒闭吧，好不容易网上卖东西，结果客人退货，退货就算了，你他妈的还收了那么多的手续费，老子没挣一分钱你他妈的还收手续费！做梦去吧，操你妈逼的，还让讨债公司来收费，你他妈的真贱啊。去死吧老子一毛都不会给的！
codedlang:396:03,Crowd-AI-Lab/CodedLang,396,尼玛币,尼玛币,尼玛币,ni2 ma3 bi4,你妈逼,你妈逼,ni3 ma1 bi1,ni˧˥ ma˨˩˦ pi˥˩,ni˧˥ ma˨˩˦ pi˥˩,ni˨˩˦ ma˥ pi˥,ni˨˩˦ ma˥ pi˥,否,[],official_dictionary_casefold,非词汇同音词,"non_lexical_homophone, orthographic, phonetic",ni2 ma3 bi4,ni3 ma1 bi1,ni˧˥ ma˧˩˧ pi˥˩,ni˧˩˧ ma˥ pi˥,艹尼玛币的垃圾公司，赶紧倒闭吧，好不容易网上卖东西，结果客人退货，退货就算了，你牠妈的还收了那么多的手续费，老子没挣一分钱你TMD还收手续费！做梦去吧，操你妈逼的，还让讨债公司来收费，你他妈的真贱啊。去死吧老子一毛都不会给的！,草你妈逼的垃圾公司，赶紧倒闭吧，好不容易网上卖东西，结果客人退货，退货就算了，你他妈的还收了那么多的手续费，老子没挣一分钱你他妈的还收手续费！做梦去吧，操你妈逼的，还让讨债公司来收费，你他妈的真贱啊。去死吧老子一毛都不会给的！
codedlang:396:04,Crowd-AI-Lab/CodedLang,396,TMD,TMD,TMD,TMD,他妈的,他妈的,ta1 ma1 de,tˌiːˌɛmdˈiː,tˌiːˌɛmdˈiː,tʰa˥ ma˥ tɤ,tʰa˥ ma˥ tɤ,否,[],official_dictionary_casefold,语音替代,"non_lexical_homophone, orthographic, phonetic",tmd,ta1 ma1 de,ˈti ˈɛm ti,tʰa˥ ma˥ tɤ,艹尼玛币的垃圾公司，赶紧倒闭吧，好不容易网上卖东西，结果客人退货，退货就算了，你牠妈的还收了那么多的手续费，老子没挣一分钱你TMD还收手续费！做梦去吧，操你妈逼的，还让讨债公司来收费，你他妈的真贱啊。去死吧老子一毛都不会给的！,草你妈逼的垃圾公司，赶紧倒闭吧，好不容易网上卖东西，结果客人退货，退货就算了，你他妈的还收了那么多的手续费，老子没挣一分钱你他妈的还收手续费！做梦去吧，操你妈逼的，还让讨债公司来收费，你他妈的真贱啊。去死吧老子一毛都不会给的！
codedlang:397:01,Crowd-AI-Lab/CodedLang,397,炒鸡,炒鸡,炒鸡,chao3 ji1,超级,超级,chao1 ji2,ʈʂʰɑʊ˨˩˦ tɕi˥,ʈʂʰɑʊ˨˩˦ tɕi˥,ʈʂʰɑʊ˥ tɕi˧˥,ʈʂʰɑʊ˥ tɕi˧˥,否,[],official_dictionary_casefold,歧义同音词,ambiguous_homophone,chao3 ji1,chao1 ji2,ʈʂʰau̯˧˩˧ tɕi˥,ʈʂʰau̯˥ tɕi˧˥,是看了公众号推荐来的 很多人排队 珍珠份量炒鸡足！还是挺好喝的 ！,是看了公众号推荐来的 很多人排队 珍珠份量超级足！还是挺好喝的 ！
codedlang:398:01,Crowd-AI-Lab/CodedLang,398,劳资,劳资,劳资,lao2 zi1,老子,老子,lao3 zi,lɑʊ˧˥ tsɹ̩˥,lɑʊ˧˥ tsɹ̩˥,lɑʊ˨˩˦ tsɹ̩,lɑʊ˨˩˦ tsɹ̩,否,[],official_dictionary_casefold,歧义同音词,ambiguous_homophone,lao2 zi1,lao3 zi,lau̯˧˥ tsɹ̩˥,lau̯˧˩˧ tsɹ̩,里面工作人员他妈的架子摆的这么大 劳资又没欠你们钱  废物些,里面工作人员他妈的架子摆的这么大 老子又没欠你们钱  废物些
codedlang:399:01,Crowd-AI-Lab/CodedLang,399,妹纸,妹纸,妹纸,mei4 zhi3,妹子,妹子,mei4 zi,mei˥˩ ʈʂɻ̩˨˩˦,mei˥˩ ʈʂɻ̩˨˩˦,mei˥˩ tsɹ̩,mei˥˩ tsɹ̩,否,[],official_dictionary_casefold,非词汇同音词,non_lexical_homophone,mei4 zhi3,mei4 zi,mei̯˥˩ ʈʂɻ̩˧˩˧,mei̯˥˩ tsɹ̩,有中文服务工作人员也很友好这妹纸会很细心帮忙解决了我账户问题，我会推荐给朋友来这边解决一切疑难问题,有中文服务工作人员也很友好这妹子会很细心帮忙解决了我账户问题，我会推荐给朋友来这边解决一切疑难问题
codedlang:400:01,Crowd-AI-Lab/CodedLang,400,辣鸡,辣鸡,辣鸡,la4 ji1,垃圾,垃圾,la1 ji1,la˥˩ tɕi˥,la˥˩ tɕi˥,la˥ tɕi˥,la˥ tɕi˥,否,[],official_dictionary_casefold,歧义同音词,ambiguous_homophone,la4 ji1,la1 ji1,la˥˩ tɕi˥,la˥ tɕi˥,辣鸡,垃圾
codedlang:401:01,Crowd-AI-Lab/CodedLang,401,辣鸡,辣鸡,辣鸡,la4 ji1,垃圾,垃圾,la1 ji1,la˥˩ tɕi˥,la˥˩ tɕi˥,la˥ tɕi˥,la˥ tɕi˥,否,[],official_dictionary_casefold,歧义同音词,ambiguous_homophone,la4 ji1,la1 ji1,la˥˩ tɕi˥,la˥ tɕi˥,Racist   国人真的别去这个辣鸡牌子了 D💩G,Racist   国人真的别去这个垃圾牌子了 啲💩G
codedlang:402:01,Crowd-AI-Lab/CodedLang,402,木有,木有,木有,mu4 you3,没有,没有,mei2 you3,mu˥˩ joʊ˨˩˦,mu˥˩ joʊ˨˩˦,mei˧˥ joʊ˨˩˦,mei˧˥ joʊ˨˩˦,否,[],official_dictionary_casefold,非词汇同音词,non_lexical_homophone,mu4 you3,mei2 you3,mu˥˩ jou̯˧˩˧,mei̯˧˥ jou̯˧˩˧,就头次想叫个外卖吃吃看，一份千层蛋糕就这样塌了瞬间没心情。 炸酱拌面偏咸 外卖小哥也是一脸嫌弃的，小费给了一句谢谢都木有,就头吃想叫个外卖吃吃看，一份千层蛋糕就这样塌了瞬间没心情。 炸酱拌面偏咸 外卖小哥也是一脸嫌弃的，小费给了一句谢谢都没有
codedlang:403:01,Crowd-AI-Lab/CodedLang,403,特么,特么,特么,te4 me,他妈,他妈,ta1 ma1,tʰɤ˥˩ mɤ,tʰɤ˥˩ mɤ,tʰa˥ ma˥,tʰa˥ ma˥,否,[],official_dictionary_casefold,非词汇同音词,non_lexical_homophone,te4 me,ta1 ma1,tʰɤ˥˩ mɤ,tʰa˥ ma˥,特么的喝完发现头发,他妈的喝完发现头发
codedlang:404:01,Crowd-AI-Lab/CodedLang,404,卧槽,卧槽,卧槽,wo4 cao2,我操,我操,wo3 cao1,wɔ˥˩ tsʰɑʊ˧˥,wɔ˥˩ tsʰɑʊ˧˥,wɔ˨˩˦ tsʰɑʊ˥,wɔ˨˩˦ tsʰɑʊ˥,否,[],official_dictionary_casefold,非词汇同音词,ambiguous_homophone,wo4 cao2,wo3 cao1,wo˥˩ tsʰau̯˧˥,wo˧˩˧ tsʰau̯˥,相当牛逼了 卧槽🌾👌,相当牛逼了 我操🌾👌
codedlang:405:01,Crowd-AI-Lab/CodedLang,405,辣鸡,辣鸡,辣鸡,la4 ji1,垃圾,垃圾,la1 ji1,la˥˩ tɕi˥,la˥˩ tɕi˥,la˥ tɕi˥,la˥ tɕi˥,否,[],official_dictionary_casefold,歧义同音词,ambiguous_homophone,la4 ji1,la1 ji1,la˥˩ tɕi˥,la˥ tɕi˥,什么辣鸡送外卖的东西  人不送到门口来还嫌消费啥  自己什么样的态度还想要小费啊 送外卖钱怎么好挣的吗  什么东西真是,什么垃圾送外卖的东西  人不送到门口来还嫌消费啥  自己什么样的态度还想要小费啊 送外卖钱怎么好挣的吗  什么东西真是
codedlang:406:01,Crowd-AI-Lab/CodedLang,406,辣鸡,辣鸡,辣鸡,la4 ji1,垃圾,垃圾,la1 ji1,la˥˩ tɕi˥,la˥˩ tɕi˥,la˥ tɕi˥,la˥ tɕi˥,否,[],official_dictionary_casefold,歧义同音词,ambiguous_homophone,la4 ji1,la1 ji1,la˥˩ tɕi˥,la˥ tɕi˥,辣鸡泳池迟早药丸，首先人多得不得了人群素质低，全部都来插队，其次检查人员效率低得不得了，宁愿去Conny island 都不来这里的辣鸡泳池.等一个小时都拍不到一半，不敢来了.,垃圾泳池迟早要丸，首先人多得不得了人群素质低，全部都来插队，其吃检查人员效率低得不得了，宁愿去Conny island 都不来这里的垃圾泳池.等一个小时都拍不到一半，不敢来了.
codedlang:407:01,Crowd-AI-Lab/CodedLang,407,好ㄘ,好ㄘ,好ㄘ,hao3 ㄘ,好吃,好吃,hao3 chi1,,xɑʊ˨˩˦,xɑʊ˨˩˦ ʈʂʰɻ̩˥,xɑʊ˨˩˦ ʈʂʰɻ̩˥,是,"[{""type"": ""source_unresolved_symbol_or_digit""}]",official_dictionary_casefold,语音替代,phonetic,hao3 c,hao3 chi1,xau̯˧˩˧ tsʰ,xau̯˧˩˧ ʈʂʰɻ̩˥,好ㄘ,好吃
codedlang:408:01,Crowd-AI-Lab/CodedLang,408,尼玛,尼玛,尼玛,ni2 ma3,你妈,你妈,ni3 ma1,ni˧˥ ma˨˩˦,ni˧˥ ma˨˩˦,ni˨˩˦ ma˥,ni˨˩˦ ma˥,否,[],official_dictionary_casefold,非词汇同音词,non_lexical_homophone,ni2 ma3,ni3 ma1,ni˧˥ ma˧˩˧,ni˧˩˧ ma˥,简直不能更坑了！图片宣传的巨好看 实物让我震惊！！！ 这尼玛是什么 面包片夹肉松呗？ 然后那个什么网红芋泥脏脏茶也难很的一批 现在的公众号的良心被狗吃了 推之前不看看实物？？  拿个黑盘子就把我打发了？ 就是冲这个蛋糕去的！图片里可以拉丝的麻薯在哪里，肉松上的海苔碎在哪里？ 到底会做蛋糕吗 戚风的皮一点都不松软！ 还有陷中间不加点美乃滋？去下厨房学一学基础的好吗 以为有漂亮的装修就无敌了是不 好的产品才是能否继续火下起的关键吧 一生黑了 再见 一定会告诉周边所有人,简直不能更坑了！图片宣传的巨好看 实物让我震惊！！！ 这你妈是什么 面包片夹肉松呗？ 然后那个什么网红芋泥脏脏茶也难很的一批 现在的公众号的良心被狗吃了 推之前不看看实物？？  拿个黑盘子就把我打发了？ 就是冲这个蛋糕去的！图片里可以拉丝的麻薯在哪里，肉松上的海苔碎在哪里？ 到底会做蛋糕吗 戚风的皮一点都不松软！ 还有陷中间不加点美乃滋？去下厨房学一学基础的好吗 以为有漂亮的装修就无敌了是不 好的产品才是能否继续火下起的关键吧 一生黑了 再见 一定会告诉周边所有人
codedlang:409:01,Crowd-AI-Lab/CodedLang,409,嘟,嘟,嘟,du1,都,都,dou1,tu˥,tu˥,toʊ˥,toʊ˥,否,[],official_dictionary_casefold,歧义同音词,ambiguous_homophone,du1,dou1,tu˥,tou̯˥,垃圾酒店一间 冰箱坏 床单嘟是用过的,垃圾酒店一间 冰箱坏 床单都是用过的
codedlang:410:01,Crowd-AI-Lab/CodedLang,410,墨迹,墨迹,墨迹,mo4 ji4,磨叽,磨叽,mo2 ji1,muɔ˥˩ tɕi˥˩,muɔ˥˩ tɕi˥˩,muɔ˧˥ tɕi˥,muɔ˧˥ tɕi˥,否,[],official_dictionary_casefold,歧义同音词,ambiguous_homophone,mo4 ji4,mo2 ji1,mwo˥˩ tɕi˥˩,mwo˧˥ tɕi˥,最不好的体验 退押金是真的墨迹 就是说昨天已经退还我了 等了这么长时间 所有的预约都没了,最不好的体验 退押金是真的磨叽 就是说昨天已经退还我了 等了这么长时间 所有的预约都没了
codedlang:411:01,Crowd-AI-Lab/CodedLang,411,墙裂,墙裂,墙裂,qiang2 lie4,强烈,强烈,qiang2 lie4,tɕʰiɑŋ˧˥ liɛ˥˩,tɕʰiɑŋ˧˥ liɛ˥˩,tɕʰiɑŋ˧˥ liɛ˥˩,tɕʰiɑŋ˧˥ liɛ˥˩,否,[],official_dictionary_casefold,歧义同音词,ambiguous_homophone,qiang2 lie4,qiang2 lie4,tɕʰja˧˥ŋ lje˥˩,tɕʰja˧˥ŋ lje˥˩,无意中在opentable搜到这家店，去了之后发现we hit the pot。 很随意但味道很精致的法国小馆，墙裂推荐tasting menu，他家的鱼做的很棒，有可能7道菜中4道与seafood有关。可以吃出来他们在尝试不同的烹饪手段和食材，味觉或口感上会有想不到的惊喜，不是那种老厨子做出来的感觉，风格很年轻，me like it。虽然没有星级，但我觉得味道上不输1星甚至2星店，人均70刀左右吧，非常划算。you know，我喜欢小馆。,无意中在openta逼le搜到这家店，去了之后发现we hit the pot。 很随意但味道很精致的法国小馆，强烈推荐tasting menu，他家的鱼做的很棒，有可能7道菜中4道与seafood有关。可以吃出来他们在尝试不同的烹饪手段和食材，味觉或口感上会有想不到的惊喜，不是那种老厨子做出来的感觉，风格很年轻，me like it。虽然没有星级，但我觉得味道上不输1星甚至2星店，人均70刀左右吧，非常划算。you know，我喜欢小馆。
codedlang:412:01,Crowd-AI-Lab/CodedLang,412,墙裂,墙裂,墙裂,qiang2 lie4,强烈,强烈,qiang2 lie4,tɕʰiɑŋ˧˥ liɛ˥˩,tɕʰiɑŋ˧˥ liɛ˥˩,tɕʰiɑŋ˧˥ liɛ˥˩,tɕʰiɑŋ˧˥ liɛ˥˩,否,[],official_dictionary_casefold,歧义同音词,ambiguous_homophone,qiang2 lie4,qiang2 lie4,tɕʰja˧˥ŋ lje˥˩,tɕʰja˧˥ŋ lje˥˩,墙裂推荐!服务亲切热情，很地道的川味餐厅，还有很特别的麻婆豆腐已经吃过5次啦 ~~~~,强烈推荐!服务亲切热情，很地道的川味餐厅，还有很特别的麻婆豆腐已经吃过5吃啦 ~~~~
codedlang:413:01,Crowd-AI-Lab/CodedLang,413,好ㄘ,好ㄘ,好ㄘ,hao3 ㄘ,好吃,好吃,hao3 chi1,,xɑʊ˨˩˦,xɑʊ˨˩˦ ʈʂʰɻ̩˥,xɑʊ˨˩˦ ʈʂʰɻ̩˥,是,"[{""type"": ""source_unresolved_symbol_or_digit""}]",official_dictionary_casefold,语音替代,phonetic,hao3 c,hao3 chi1,xau̯˧˩˧ tsʰ,xau̯˧˩˧ ʈʂʰɻ̩˥,台灣的必勝客比較好ㄘ,台灣的必勝客比較好吃
codedlang:414:01,Crowd-AI-Lab/CodedLang,414,D,D,D,D,啲,啲,di1,dˈiː,dˈiː,ti˥,ti˥,否,[],official_dictionary_casefold,语音替代,phonetic,D,di1,ˈdi,ti˥,價錢偏貴，態度麻麻。食物水準差，比如講，珍珠雞D米唔透 燒賣有骨頭，D員工嘟懶理 ，特別系新設外賣部 ，亂收費， 冇收據， 奶茶， 加啡，似飲屎水 。尼世嘟唔會再去,價錢偏貴，態度麻麻。食物水準差，比如講，珍珠雞啲米唔透 燒賣有骨頭，啲員工都懶理 ，特別系新設外賣部 ，亂收費， 冇收據， 奶茶， 加啡，似飲屎水 。尼世都唔會再去
codedlang:415:01,Crowd-AI-Lab/CodedLang,415,特么,特么,特么,te4 me,他妈,他妈,ta1 ma1,tʰɤ˥˩ mɤ,tʰɤ˥˩ mɤ,tʰa˥ ma˥,tʰa˥ ma˥,否,[],official_dictionary_casefold,非词汇同音词,non_lexical_homophone,te4 me,ta1 ma1,tʰɤ˥˩ mɤ,tʰa˥ ma˥,你特么的就因为我讲国语.让我等了20分钟？？？就奶茶而已..你给我弄这么久..后面排了那么多人都走了..扑街.....,你他妈的就因为我讲国语.让我等了20分钟？？？就奶茶而已..你给我弄这么久..后面排了那么多人都走了..扑街.....
codedlang:416:01,Crowd-AI-Lab/CodedLang,416,炒鸡,炒鸡,炒鸡,chao3 ji1,超级,超级,chao1 ji2,ʈʂʰɑʊ˨˩˦ tɕi˥,ʈʂʰɑʊ˨˩˦ tɕi˥,ʈʂʰɑʊ˥ tɕi˧˥,ʈʂʰɑʊ˥ tɕi˧˥,否,[],official_dictionary_casefold,歧义同音词,"ambiguous_homophone, phonetic",chao3 ji1,chao1 ji2,ʈʂʰau̯˧˩˧ tɕi˥,ʈʂʰau̯˥ tɕi˧˥,前几年来这里吃 感觉一般 这次有震惊到我. 小姐姐的服务炒鸡好 人也很温柔 扒虾小能手 。joan小姐姐v5 给小姐姐摇旗,前几年来这里吃 感觉一般 这吃有震惊到我. 小姐姐的服务超级好 人也很温柔 扒虾小能手 。joan小姐姐威武 给小姐姐摇旗
codedlang:416:02,Crowd-AI-Lab/CodedLang,416,v5,v5,v五,v wu3,威武,威武,wei1 wu3,y u˨˩˦,y u˨˩˦,wei˥ u˨˩˦,wei˥ u˨˩˦,否,[],official_dictionary_casefold,语音替代,"ambiguous_homophone, phonetic",v wu3,wei1 wu3,ˈvi u˧˩˧,wei̯˥ u˧˩˧,前几年来这里吃 感觉一般 这次有震惊到我. 小姐姐的服务炒鸡好 人也很温柔 扒虾小能手 。joan小姐姐v5 给小姐姐摇旗,前几年来这里吃 感觉一般 这吃有震惊到我. 小姐姐的服务超级好 人也很温柔 扒虾小能手 。joan小姐姐威武 给小姐姐摇旗
codedlang:417:01,Crowd-AI-Lab/CodedLang,417,辣鸡,辣鸡,辣鸡,la4 ji1,垃圾,垃圾,la1 ji1,la˥˩ tɕi˥,la˥˩ tɕi˥,la˥ tɕi˥,la˥ tɕi˥,否,[],official_dictionary_casefold,歧义同音词,ambiguous_homophone,la4 ji1,la1 ji1,la˥˩ tɕi˥,la˥ tɕi˥,辣鸡餐饮店，服务很好，但抵不住食物辣鸡，冷冻的肉的年龄估计比我年纪还大，一点肉该有的口感都没有，烤盘刷油没刷子，用过的烤盘店主也不做个盒子让服务员装着拿走，而是直接拿着走着通道上，烫到人怎么办。应付比一般朋友还低一层面的亲戚的好去处。肉，很，难，吃。,垃圾餐饮店，服务很好，但抵不住食物垃圾，冷冻的肉的年龄估计比我年纪还大，一点肉该有的口感都没有，烤盘刷油没刷子，用过的烤盘店主也不做个盒子让服务员装着拿走，而是直接拿着走着通道上，烫到人怎么办。应付比一般朋友还低一层面的亲戚的好去处。肉，很，难，吃。
codedlang:418:01,Crowd-AI-Lab/CodedLang,418,童鞋,童鞋,童鞋,tong2 xie2,同学,同学,tong2 xue2,tʰʊŋ˧˥ ɕiɛ˧˥,tʰʊŋ˧˥ ɕiɛ˧˥,tʰʊŋ˧˥ ɕyɛ˧˥,tʰʊŋ˧˥ ɕyɛ˧˥,否,[],official_dictionary_casefold,歧义同音词,ambiguous_homophone,tong2 xie2,tong2 xue2,tʰʊ˧˥ŋ ɕje˧˥,tʰʊ˧˥ŋ ɕɥe˧˥,Jacky 的服务态度让我们非常满意，从始至终都是微笑热情，不厌其烦，想吃的开心的童鞋们就让他为你服务保证满意😉,Jacky 的服务态度让我们非常满意，从始至终都是微笑热情，不厌其烦，想吃的开心的同学们就让他为你服务保证满意😉
codedlang:419:01,Crowd-AI-Lab/CodedLang,419,炒鸡,炒鸡,炒鸡,chao3 ji1,超级,超级,chao1 ji2,ʈʂʰɑʊ˨˩˦ tɕi˥,ʈʂʰɑʊ˨˩˦ tɕi˥,ʈʂʰɑʊ˥ tɕi˧˥,ʈʂʰɑʊ˥ tɕi˧˥,否,[],official_dictionary_casefold,歧义同音词,ambiguous_homophone,chao3 ji1,chao1 ji2,ʈʂʰau̯˧˩˧ tɕi˥,ʈʂʰau̯˥ tɕi˧˥,匠烧的服务都炒鸡好！服务员小哥哥小姐姐烤的肉也是很好吃，环境舒适整洁！最适合小团体聚会或者吃饭！😊疯狂打call🤟,匠烧的服务都超级好！服务员小哥哥小姐姐烤的肉也是很好吃，环境舒适整洁！最适合小团体聚会或者吃饭！😊疯狂打call🤟
codedlang:420:01,Crowd-AI-Lab/CodedLang,420,炒鸡,炒鸡,炒鸡,chao3 ji1,超级,超级,chao1 ji2,ʈʂʰɑʊ˨˩˦ tɕi˥,ʈʂʰɑʊ˨˩˦ tɕi˥,ʈʂʰɑʊ˥ tɕi˧˥,ʈʂʰɑʊ˥ tɕi˧˥,否,[],official_dictionary_casefold,歧义同音词,ambiguous_homophone,chao3 ji1,chao1 ji2,ʈʂʰau̯˧˩˧ tɕi˥,ʈʂʰau̯˥ tɕi˧˥,有特色的烤肉 味道不错 环境也OK 主要服务态度炒鸡棒 （就是灯光照射不够匀称 这个可以调解一下）总结 物有所值,有特色的烤肉 味道不错 环境也OK 主要服务态度超级棒 （就是灯光照射不够匀称 这个可以调解一下）总结 物有所值
codedlang:421:01,Crowd-AI-Lab/CodedLang,421,炒鸡,炒鸡,炒鸡,chao3 ji1,超级,超级,chao1 ji2,ʈʂʰɑʊ˨˩˦ tɕi˥,ʈʂʰɑʊ˨˩˦ tɕi˥,ʈʂʰɑʊ˥ tɕi˧˥,ʈʂʰɑʊ˥ tɕi˧˥,否,[],official_dictionary_casefold,歧义同音词,ambiguous_homophone,chao3 ji1,chao1 ji2,ʈʂʰau̯˧˩˧ tɕi˥,ʈʂʰau̯˥ tɕi˧˥,没有对比就没有伤害，昨天去了鸟人，今天到这里，差距太大了。汤头不鲜而是非常咸！喝多一口都觉得对身体不好。量也比鸟人少了不少，超级不划算。最令人无语的是这个地方炒鸡吵，音乐不算，店员总是大声地说莫名其妙的日语，虽然说是日料店但是不知道为什么就是觉得感觉有点被冒犯的感觉。之前去日料店并没有过。总之，体验无比之差，永远不会再来了！,没有对比就没有伤害，昨天去了鸟人，今天到这里，差距太大了。汤头不鲜而是非常咸！喝多一口都觉得对身体不好。量也比鸟人少了不少，超级不划算。最令人无语的是这个地方超级吵，音乐不算，店员总是大声地说莫名其妙的日语，虽然说是日料店但是不知道为什么就是觉得感觉有点被冒犯的感觉。之前去日料店并没有过。总之，体验无比之差，永远不会再来了！
codedlang:422:01,Crowd-AI-Lab/CodedLang,422,特么,特么,特么,te4 me,他妈,他妈,ta1 ma1,tʰɤ˥˩ mɤ,tʰɤ˥˩ mɤ,tʰa˥ ma˥,tʰa˥ ma˥,否,[],official_dictionary_casefold,非词汇同音词,non_lexical_homophone,te4 me,ta1 ma1,tʰɤ˥˩ mɤ,tʰa˥ ma˥,我特么的第一次买到酸的西瓜..里面都烂掉的那种感觉..而且感觉疫情之后.就各种开始乱来了.上次牛肉买回去第二天也换掉了.还是放冰箱里的.还有一些很多这种事情本来不计较了.结果昨天特么的买了一个西瓜.今天打开酸了..你真特么的牛逼..严重怀疑你们现在是不是都在卖快过期的食品.,我他妈的第一吃买到酸的西瓜..里面都烂掉的那种感觉..而且感觉疫情之后.就各种开始乱来了.上吃牛肉买回去第二天也换掉了.还是放冰箱里的.还有一些很多这种事情本来不计较了.结果昨天他妈的买了一个西瓜.今天打开酸了..你真他妈的牛逼..严重怀疑你们现在是不是都在卖快过期的食品.
codedlang:423:01,Crowd-AI-Lab/CodedLang,423,童鞋,童鞋,童鞋,tong2 xie2,同学,同学,tong2 xue2,tʰʊŋ˧˥ ɕiɛ˧˥,tʰʊŋ˧˥ ɕiɛ˧˥,tʰʊŋ˧˥ ɕyɛ˧˥,tʰʊŋ˧˥ ɕyɛ˧˥,否,[],official_dictionary_casefold,歧义同音词,ambiguous_homophone,tong2 xie2,tong2 xue2,tʰʊ˧˥ŋ ɕje˧˥,tʰʊ˧˥ŋ ɕɥe˧˥,微信公众号写姓名加注流程是不需要预约，大老远开车过来说从5月起都需要预约。大厅里有海报说欢迎关注公众账号，这么重要的公示却不更新。白跑一趟。需要办理护照加注的童鞋们先预约吧！,微信公众号写姓名加注流程是不需要预约，大老远开车过来说从5月起都需要预约。大厅里有海报说欢迎关注公众账号，这么重要的公示却不更新。白跑一趟。需要办理护照加注的同学们先预约吧！
codedlang:424:01,Crowd-AI-Lab/CodedLang,424,曹尼玛,曹尼玛,曹尼玛,cao2 ni2 ma3,操你妈,操你妈,cao1 ni3 ma1,tsʰɑʊ˧˥ ni˧˥ ma˨˩˦,tsʰɑʊ˧˥ ni˧˥ ma˨˩˦,tsʰɑʊ˥ ni˨˩˦ ma˥,tsʰɑʊ˥ ni˨˩˦ ma˥,否,[],official_dictionary_casefold,非词汇同音词,non_lexical_homophone,cao2 ni2 ma3,cao1 ni3 ma1,tsʰau̯˧˥ ni˧˥ ma˧˩˧,tsʰau̯˥ ni˧˩˧ ma˥,我曹尼玛。,我操你妈。
codedlang:425:01,Crowd-AI-Lab/CodedLang,425,辣鸡,辣鸡,辣鸡,la4 ji1,垃圾,垃圾,la1 ji1,la˥˩ tɕi˥,la˥˩ tɕi˥,la˥ tɕi˥,la˥ tɕi˥,否,[],official_dictionary_casefold,歧义同音词,ambiguous_homophone,la4 ji1,la1 ji1,la˥˩ tɕi˥,la˥ tɕi˥,辣鸡黑5只是噱头，排队排了40分钟，打折百分之40的都是夏天穿的，以后再也不会来这个辣鸡的地方了,垃圾黑5只是噱头，排队排了40分钟，打折百分之40的都是夏天穿的，以后再也不会来这个垃圾的地方了
codedlang:426:01,Crowd-AI-Lab/CodedLang,426,ㄔ,ㄔ,ㄔ,ㄔ,吃,吃,chi1,,,ʈʂʰɻ̩˥,ʈʂʰɻ̩˥,是,"[{""type"": ""source_unresolved_symbol_or_digit""}]",official_dictionary_casefold,语音替代,phonetic,ch,chi1,tʂʰ,ʈʂʰɻ̩˥,吃素一定要ㄔ,吃素一定要吃
codedlang:427:01,Crowd-AI-Lab/CodedLang,427,卧槽,卧槽,卧槽,wo4 cao2,我操,我操,wo3 cao1,wɔ˥˩ tsʰɑʊ˧˥,wɔ˥˩ tsʰɑʊ˧˥,wɔ˨˩˦ tsʰɑʊ˥,wɔ˨˩˦ tsʰɑʊ˥,否,[],official_dictionary_casefold,非词汇同音词,ambiguous_homophone,wo4 cao2,wo3 cao1,wo˥˩ tsʰau̯˧˥,wo˧˩˧ tsʰau̯˥,11/29晚上和朋友去吃了烧烤，上菜的时候，问了朋友你点了这个吗？我朋友说没有，我也没点，于是跟服务员说，这个不是我们的。他说这个就是你们点的，首先确定我们两个绝对100%确定没有点这个东西，那个男服务员非要给我们，背后还听到骂我们这桌，卧槽有病吧！不行一定要让他们吃下去，然后还听到他跟另一个说好像是上桌的客人点的，没有更新…！？这个男服务员因为你的失误就要我们来买单吗？没有好的服务态度加上不礼貌，一个三十几岁的男服务员说脏话真的呵呵！真的很反感！一直很喜欢你们的烧烤，但这次的问题呵呵！希望老板能重视起来！,11/29晚上和朋友去吃了烧烤，上菜的时候，问了朋友你点了这个吗？我朋友说没有，我也没点，于是跟服务员说，这个不是我们的。他说这个就是你们点的，首先确定我们两个绝对100%确定没有点这个东西，那个男服务员非要给我们，背后还听到骂我们这桌，我操有病吧！不行一定要让他们吃下去，然后还听到他跟另一个说好像是上桌的客人点的，没有更新…！？这个男服务员因为你的失误就要我们来买单吗？没有好的服务态度加上不礼貌，一个三十几岁的男服务员说脏话真的呵呵！真的很反感！一直很喜欢你们的烧烤，但这吃的问题呵呵！希望老板能重视起来！
codedlang:428:01,Crowd-AI-Lab/CodedLang,428,特么,特么,特么,te4 me,他妈,他妈,ta1 ma1,tʰɤ˥˩ mɤ,tʰɤ˥˩ mɤ,tʰa˥ ma˥,tʰa˥ ma˥,否,[],official_dictionary_casefold,非词汇同音词,non_lexical_homophone,te4 me,ta1 ma1,tʰɤ˥˩ mɤ,tʰa˥ ma˥,物价再怎么涨，你这份韭菜八块钱那也是不合理，这是一口没动过的，跟特么吃剩的是的,物价再怎么涨，你这份韭菜八块钱那也是不合理，这是一口没动过的，跟他妈吃剩的是的
codedlang:429:01,Crowd-AI-Lab/CodedLang,429,草泥马,草泥马,草泥马,cao3 ni2 ma3,操你妈,操你妈,cao1 ni3 ma1,tsʰɑʊ˨˩˦ ni˧˥ ma˨˩˦,tsʰɑʊ˨˩˦ ni˧˥ ma˨˩˦,tsʰɑʊ˥ ni˨˩˦ ma˥,tsʰɑʊ˥ ni˨˩˦ ma˥,否,[],official_dictionary_casefold,歧义同音词,ambiguous_homophone,cao3 ni2 ma3,cao1 ni3 ma1,tsʰau̯˧˩˧ ni˧˥ ma˧˩˧,tsʰau̯˥ ni˧˩˧ ma˥,看见门口贴着图片“新疆红柳羊肉串”就进去试了一下，不好吃！“生串儿”吃完回家拉肚子；随便点了几个菜，觉得没有好吃的。感觉食物不新鲜。这些都不是重点，我居然眼睁睁地看着服务员从垃圾桶里把刚才用过的红柳枝捡出来，我问他这个是重复使用的吗？他说当然了，不然得用多少红柳枝！顿时心里一万只草泥马奔腾而过！多少人的口水？从垃圾桶里捡出几次？想想都恶心！,看见门口贴着图片“新疆红柳羊肉串”就进去试了一下，不好吃！“生串儿”吃完回家拉肚子；随便点了几个菜，觉得没有好吃的。感觉食物不新鲜。这些都不是重点，我居然眼睁睁地看着服务员从垃圾桶里把刚才用过的红柳枝捡出来，我问他这个是重复使用的吗？他说当然了，不然得用多少红柳枝！顿时心里一万只操你妈奔腾而过！多少人的口水？从垃圾桶里捡出几吃？想想都恶心！
codedlang:430:01,Crowd-AI-Lab/CodedLang,430,特么,特么,特么,te4 me,他妈,他妈,ta1 ma1,tʰɤ˥˩ mɤ,tʰɤ˥˩ mɤ,tʰa˥ ma˥,tʰa˥ ma˥,否,[],official_dictionary_casefold,非词汇同音词,non_lexical_homophone,te4 me,ta1 ma1,tʰɤ˥˩ mɤ,tʰa˥ ma˥,我特么食物中毒了，12点去吃的，1点多回家，五点就胃痛开始吐，吐完好一点了，再考虑要不要打911💀，就剩半条命了,我他妈食物中毒了，12点去吃的，1点多回家，五点就胃痛开始吐，吐完好一点了，再考虑要不要打911💀，就剩半条命了
codedlang:431:01,Crowd-AI-Lab/CodedLang,431,草泥马,草泥马,草泥马,cao3 ni2 ma3,操你妈,操你妈,cao1 ni3 ma1,tsʰɑʊ˨˩˦ ni˧˥ ma˨˩˦,tsʰɑʊ˨˩˦ ni˧˥ ma˨˩˦,tsʰɑʊ˥ ni˨˩˦ ma˥,tsʰɑʊ˥ ni˨˩˦ ma˥,否,[],official_dictionary_casefold,歧义同音词,ambiguous_homophone,cao3 ni2 ma3,cao1 ni3 ma1,tsʰau̯˧˩˧ ni˧˥ ma˧˩˧,tsʰau̯˥ ni˧˩˧ ma˥,草泥马的坑爹玩意，一个菜只能陪一碗饭，他娘的还要加钱，真是醉了，我以为中国同胞很和善，服务态度还差！还是在midtown 绝了 pretty nice restaurant,操你妈的坑爹玩意，一个菜只能陪一碗饭，他娘的还要加钱，真是醉了，我以为中国同胞很和善，服务态度还差！还是在midtown 绝了 pretty nice restaurant
codedlang:432:01,Crowd-AI-Lab/CodedLang,432,草泥马,草泥马,草泥马,cao3 ni2 ma3,操你妈,操你妈,cao1 ni3 ma1,tsʰɑʊ˨˩˦ ni˧˥ ma˨˩˦,tsʰɑʊ˨˩˦ ni˧˥ ma˨˩˦,tsʰɑʊ˥ ni˨˩˦ ma˥,tsʰɑʊ˥ ni˨˩˦ ma˥,否,[],official_dictionary_casefold,歧义同音词,ambiguous_homophone,cao3 ni2 ma3,cao1 ni3 ma1,tsʰau̯˧˩˧ ni˧˥ ma˧˩˧,tsʰau̯˥ ni˧˩˧ ma˥,草泥马  辣鸡了吧。卫生 ！！糟糕,操你妈  垃圾了吧。卫生 ！！糟糕
codedlang:432:02,Crowd-AI-Lab/CodedLang,432,辣鸡,辣鸡,辣鸡,la4 ji1,垃圾,垃圾,la1 ji1,la˥˩ tɕi˥,la˥˩ tɕi˥,la˥ tɕi˥,la˥ tɕi˥,否,[],official_dictionary_casefold,歧义同音词,ambiguous_homophone,la4 ji1,la1 ji1,la˥˩ tɕi˥,la˥ tɕi˥,草泥马  辣鸡了吧。卫生 ！！糟糕,操你妈  垃圾了吧。卫生 ！！糟糕
codedlang:433:01,Crowd-AI-Lab/CodedLang,433,妈个比,妈个比,妈个比,ma1 ge4 bi3,妈个逼,妈个逼,ma1 ge4 bi1,ma˥ kɤ˥˩ pi˨˩˦,ma˥ kɤ˥˩ pi˨˩˦,ma˥ kɤ˥˩ pi˥,ma˥ kɤ˥˩ pi˥,否,[],official_dictionary_casefold,非词汇同音词,non_lexical_homophone,ma1 ge4 bi3,ma1 ge4 bi1,ma˥ kɤ˥˩ pi˧˩˧,ma˥ kɤ˥˩ pi˥,傻逼才来，18年的车，亮灯了，给他们去修，和我说线被老鼠咬了，妈个比，线头被老鼠咬的还是人剪的我看不出来？我着急把车给客人，就让他们修，一修就他妈7天，尼玛币，接线7天啊。每天都是说第二天就好，不然早尼玛开走别的地方修了。垃圾地方。日,傻逼才来，1不年的车，亮灯了，给他们去修，和我说线被老鼠咬了，妈个逼，线头被老鼠咬的还是人剪的我看不出来？我着急把车给客人，就让他们修，一修就他妈7天，你妈逼，接线7天啊。每天都是说第二天就好，不然早你妈开走别的地方修了。垃圾地方。日
codedlang:433:02,Crowd-AI-Lab/CodedLang,433,尼玛币,尼玛币,尼玛币,ni2 ma3 bi4,你妈逼,你妈逼,ni3 ma1 bi1,ni˧˥ ma˨˩˦ pi˥˩,ni˧˥ ma˨˩˦ pi˥˩,ni˨˩˦ ma˥ pi˥,ni˨˩˦ ma˥ pi˥,否,[],official_dictionary_casefold,非词汇同音词,non_lexical_homophone,ni2 ma3 bi4,ni3 ma1 bi1,ni˧˥ ma˧˩˧ pi˥˩,ni˧˩˧ ma˥ pi˥,傻逼才来，18年的车，亮灯了，给他们去修，和我说线被老鼠咬了，妈个比，线头被老鼠咬的还是人剪的我看不出来？我着急把车给客人，就让他们修，一修就他妈7天，尼玛币，接线7天啊。每天都是说第二天就好，不然早尼玛开走别的地方修了。垃圾地方。日,傻逼才来，1不年的车，亮灯了，给他们去修，和我说线被老鼠咬了，妈个逼，线头被老鼠咬的还是人剪的我看不出来？我着急把车给客人，就让他们修，一修就他妈7天，你妈逼，接线7天啊。每天都是说第二天就好，不然早你妈开走别的地方修了。垃圾地方。日
codedlang:433:03,Crowd-AI-Lab/CodedLang,433,尼玛,尼玛,尼玛,ni2 ma3,你妈,你妈,ni3 ma1,ni˧˥ ma˨˩˦,ni˧˥ ma˨˩˦,ni˨˩˦ ma˥,ni˨˩˦ ma˥,否,[],official_dictionary_casefold,非词汇同音词,non_lexical_homophone,ni2 ma3,ni3 ma1,ni˧˥ ma˧˩˧,ni˧˩˧ ma˥,傻逼才来，18年的车，亮灯了，给他们去修，和我说线被老鼠咬了，妈个比，线头被老鼠咬的还是人剪的我看不出来？我着急把车给客人，就让他们修，一修就他妈7天，尼玛币，接线7天啊。每天都是说第二天就好，不然早尼玛开走别的地方修了。垃圾地方。日,傻逼才来，1不年的车，亮灯了，给他们去修，和我说线被老鼠咬了，妈个逼，线头被老鼠咬的还是人剪的我看不出来？我着急把车给客人，就让他们修，一修就他妈7天，你妈逼，接线7天啊。每天都是说第二天就好，不然早你妈开走别的地方修了。垃圾地方。日
codedlang:434:01,Crowd-AI-Lab/CodedLang,434,特么,特么,特么,te4 me,他妈,他妈,ta1 ma1,tʰɤ˥˩ mɤ,tʰɤ˥˩ mɤ,tʰa˥ ma˥,tʰa˥ ma˥,否,[],official_dictionary_casefold,非词汇同音词,non_lexical_homophone,te4 me,ta1 ma1,tʰɤ˥˩ mɤ,tʰa˥ ma˥,巨特么好吃啊,巨他妈好吃啊
codedlang:435:01,Crowd-AI-Lab/CodedLang,435,米国,米国,米国,mi3 guo2,美国,美国,mei3 guo2,mi˨˩˦ kuɔ˧˥,mi˨˩˦ kuɔ˧˥,mei˨˩˦ kuɔ˧˥,mei˨˩˦ kuɔ˧˥,否,[],official_dictionary_casefold,非词汇同音词,non_lexical_homophone,mi3 guo2,mei3 guo2,mi˧˩˧ kwo˧˥,mei̯˧˩˧ kwo˧˥,"今晚请来自米国的老同学夫妇，上次来送白松露油的老饕朋友，这回送俺上好巧克力吃。  这是很喜爱的La Maison 巧克力，而DP列这家巧克力专卖店，在西餐里面，好像文不对题。  这家55年历史的法国巧克力创始人Robert Lixe，当年还到瑞士取经，它家的巧克力，结合了法国和瑞士巧克力的优点。  产品低调，从包装到造型都古朴实在，简单大方。  一般只爱黑巧，但这家的牛奶巧，也很能接受，主要它家产品低甜，更显出巧克力香醇，牛奶巧亦然。  而只用纯粹巧克力豆脂，不加其他一般的植物棕榈油。  它的每款产品，外皮巧克了部分非常精致，而内里ganache格外丝滑不粘不腻，很适口。入口觉得是巧克力在爱抚丁香舌，而吃完久久鼻腔呼吸还带香气。  讲强烈个性，是不够的，但非常法国淑女，大家闺秀不张扬，透着自信和自然美，很有底气的那种。温柔里含劲道。  口味许多，都很不错，特别擅用香料，茴香，肉桂，香草,罗勒等皆入巧，喜欢。  总店当然在巴黎，除这家纽约份分店，伦敦，坎城，东京，香港，也都有分店，网上可以网购，送货很多国家，但中国大陆还没这项服务，最近是去中华香港分店买了。","今晚请来自美国的老同学夫妇，上吃来送白松露油的老饕朋友，这回送俺上好巧克力吃。  这是很喜爱的La Maison 巧克力，而啲P列这家巧克力专卖店，在西餐里面，好像文不对题。  这家55年历史的法国巧克力创始人Ro逼ert Lixe，当年还到瑞士取经，它家的巧克力，结合了法国和瑞士巧克力的优点。  产品低调，从包装到造型都古朴实在，简单大方。  一般只爱黑巧，但这家的牛奶巧，也很能接受，主要它家产品低甜，更显出巧克力香醇，牛奶巧亦然。  而只用纯粹巧克力豆脂，不加其他一般的植物棕榈油。  它的每款产品，外皮巧克了部分非常精致，而内里干ache格外丝滑不粘不腻，很适口。入口觉得是巧克力在爱抚丁香舌，而吃完久久鼻腔呼吸还带香气。  讲强烈个性，是不够的，但非常法国淑女，大家闺秀不张扬，透着自信和自然美，很有底气的那种。温柔里含劲道。  口味许多，都很不错，特别擅用香料，茴香，肉桂，香草,罗勒等皆入巧，喜欢。  总店当然在巴黎，除这家纽约份分店，伦敦，坎城，东京，香港，也都有分店，网上可以网购，送货很多国家，但中国大陆还没这项服务，最近是去中华香港分店买了。"
codedlang:436:01,Crowd-AI-Lab/CodedLang,436,木有,木有,木有,mu4 you3,没有,没有,mei2 you3,mu˥˩ joʊ˨˩˦,mu˥˩ joʊ˨˩˦,mei˧˥ joʊ˨˩˦,mei˧˥ joʊ˨˩˦,否,[],official_dictionary_casefold,非词汇同音词,non_lexical_homophone,mu4 you3,mei2 you3,mu˥˩ jou̯˧˩˧,mei̯˧˥ jou̯˧˩˧,给店家留言：我猜测中街换了厨师，我本身是忠实食客，因为炒菜之前太好吃了，很像国内的小馆子味道，但今天点了五个菜加两个 串太失望了，我老公各吃一口就决定不吃了。浪费了一百多刀的外卖费。  猪肉炖粉条猪肉是臭的，我只是吃了点瘦肉就吃不下去了，小龙虾放太久了感觉在吃虾皮，又咸又臭臭的，里面的芋头感觉就是放在那里很久跟芋头干一样，也木有小龙虾的汁水浸润，感觉就是小龙虾上面放了芋头干。 酸菜粉丝以前对于我们简直是招牌一样的存在，这次不酸也没有其他味道。麻婆豆腐可以下饭但很像西式中餐！葱油拌面是最廉价的中华面，不是应该细面吗？中华面不吸葱油香味。希望厨师还是能回来吧，这样的话真的不会点下一次。,给店家留言：我猜测中街换了厨师，我本身是忠实食客，因为炒菜之前太好吃了，很像国内的小馆子味道，但今天点了五个菜加两个 串太失望了，我老公各吃一口就决定不吃了。浪费了一百多刀的外卖费。  猪肉炖粉条猪肉是臭的，我只是吃了点瘦肉就吃不下去了，小龙虾放太久了感觉在吃虾皮，又咸又臭臭的，里面的芋头感觉就是放在那里很久跟芋头干一样，也没有小龙虾的汁水浸润，感觉就是小龙虾上面放了芋头干。 酸菜粉丝以前对于我们简直是招牌一样的存在，这吃不酸也没有其他味道。麻婆豆腐可以下饭但很像西式中餐！葱油拌面是最廉价的中华面，不是应该细面吗？中华面不吸葱油香味。希望厨师还是能回来吧，这样的话真的不会点下一吃。
codedlang:437:01,Crowd-AI-Lab/CodedLang,437,墙裂,墙裂,墙裂,qiang2 lie4,强烈,强烈,qiang2 lie4,tɕʰiɑŋ˧˥ liɛ˥˩,tɕʰiɑŋ˧˥ liɛ˥˩,tɕʰiɑŋ˧˥ liɛ˥˩,tɕʰiɑŋ˧˥ liɛ˥˩,否,[],official_dictionary_casefold,歧义同音词,ambiguous_homophone,qiang2 lie4,qiang2 lie4,tɕʰja˧˥ŋ lje˥˩,tɕʰja˧˥ŋ lje˥˩,墙裂推荐的一家店 跟朋友经常一起来 牛蛙五星好评 服务态度也超级好 好吃好吃好吃 重要的事情说三遍,强烈推荐的一家店 跟朋友经常一起来 牛蛙五星好评 服务态度也超级好 好吃好吃好吃 重要的事情说三遍
codedlang:438:01,Crowd-AI-Lab/CodedLang,438,炒鸡,炒鸡,炒鸡,chao3 ji1,超级,超级,chao1 ji2,ʈʂʰɑʊ˨˩˦ tɕi˥,ʈʂʰɑʊ˨˩˦ tɕi˥,ʈʂʰɑʊ˥ tɕi˧˥,ʈʂʰɑʊ˥ tɕi˧˥,否,[],official_dictionary_casefold,歧义同音词,ambiguous_homophone,chao3 ji1,chao1 ji2,ʈʂʰau̯˧˩˧ tɕi˥,ʈʂʰau̯˥ tɕi˧˥,小哥哥小姐姐都好nice，服务炒鸡棒！还很幽默，海鲜锅和烤鱼，每次必点！,小哥哥小姐姐都好nice，服务超级棒！还很幽默，海鲜锅和烤鱼，每吃必点！
codedlang:439:01,Crowd-AI-Lab/CodedLang,439,炒鸡,炒鸡,炒鸡,chao3 ji1,超级,超级,chao1 ji2,ʈʂʰɑʊ˨˩˦ tɕi˥,ʈʂʰɑʊ˨˩˦ tɕi˥,ʈʂʰɑʊ˥ tɕi˧˥,ʈʂʰɑʊ˥ tɕi˧˥,否,[],official_dictionary_casefold,歧义同音词,ambiguous_homophone,chao3 ji1,chao1 ji2,ʈʂʰau̯˧˩˧ tɕi˥,ʈʂʰau̯˥ tɕi˧˥,我的发型师非常懂我，知道如何帮我设计我的发型，来纽约第一次碰到这么懂我的发型师.炒鸡满意,我的发型师非常懂我，知道如何帮我设计我的发型，来纽约第一吃碰到这么懂我的发型师.超级满意
codedlang:440:01,Crowd-AI-Lab/CodedLang,440,草泥马,草泥马,草泥马,cao3 ni2 ma3,操你妈,操你妈,cao1 ni3 ma1,tsʰɑʊ˨˩˦ ni˧˥ ma˨˩˦,tsʰɑʊ˨˩˦ ni˧˥ ma˨˩˦,tsʰɑʊ˥ ni˨˩˦ ma˥,tsʰɑʊ˥ ni˨˩˦ ma˥,否,[],official_dictionary_casefold,歧义同音词,"ambiguous_homophone, phonetic",cao3 ni2 ma3,cao1 ni3 ma1,tsʰau̯˧˩˧ ni˧˥ ma˧˩˧,tsʰau̯˥ ni˧˩˧ ma˥,请不要在Lexus of Brooklyn做任何保养和购买车子，简单的换机油，在电话上说好报价$90多，等取车子的时候 ，账单是$528！这是一家非常不靠谱的车行，完全是骗子车行！最后经理出面给我折扣，但是我还要付款$380，完全和电话上谈的价格不一样！我看了单子，换机油人工费用居然收了$285！我只是普通的es车子，不是在给911保时捷换机油。我只想对接待我的西语代表骗子说： 草泥马JB,请不要在Lexus of Brooklyn做任何保养和购买车子，简单的换机油，在电话上说好报价$90多，等取车子的时候 ，账单是$52不！这是一家非常不靠谱的车行，完全是骗子车行！最后经理出面给我折扣，但是我还要付款$3不0，完全和电话上谈的价格不一样！我看了单子，换机油人工费用居然收了$2不5！我只是普通的es车子，不是在给911保时捷换机油。我只想对接待我的西语代表骗子说： 操你妈鸡巴
codedlang:440:02,Crowd-AI-Lab/CodedLang,440,JB,JB,JB,JB,鸡巴,鸡巴,ji1 ba1,dʒˌeɪbˈiː,dʒˌeɪbˈiː,tɕi˥ pa˥,tɕi˥ pa˥,否,[],official_dictionary_casefold,语音替代,"ambiguous_homophone, phonetic",jb,ji1 ba1,ˈdʒeɪ pi˥,tɕi˥ pa˥,请不要在Lexus of Brooklyn做任何保养和购买车子，简单的换机油，在电话上说好报价$90多，等取车子的时候 ，账单是$528！这是一家非常不靠谱的车行，完全是骗子车行！最后经理出面给我折扣，但是我还要付款$380，完全和电话上谈的价格不一样！我看了单子，换机油人工费用居然收了$285！我只是普通的es车子，不是在给911保时捷换机油。我只想对接待我的西语代表骗子说： 草泥马JB,请不要在Lexus of Brooklyn做任何保养和购买车子，简单的换机油，在电话上说好报价$90多，等取车子的时候 ，账单是$52不！这是一家非常不靠谱的车行，完全是骗子车行！最后经理出面给我折扣，但是我还要付款$3不0，完全和电话上谈的价格不一样！我看了单子，换机油人工费用居然收了$2不5！我只是普通的es车子，不是在给911保时捷换机油。我只想对接待我的西语代表骗子说： 操你妈鸡巴
codedlang:441:01,Crowd-AI-Lab/CodedLang,441,辣鸡,辣鸡,辣鸡,la4 ji1,垃圾,垃圾,la1 ji1,la˥˩ tɕi˥,la˥˩ tɕi˥,la˥ tɕi˥,la˥ tɕi˥,否,[],official_dictionary_casefold,歧义同音词,ambiguous_homophone,la4 ji1,la1 ji1,la˥˩ tɕi˥,la˥ tɕi˥,辣鸡,垃圾
codedlang:442:01,Crowd-AI-Lab/CodedLang,442,好ㄘ,好ㄘ,好ㄘ,hao3 ㄘ,好吃,好吃,hao3 chi1,,xɑʊ˨˩˦,xɑʊ˨˩˦ ʈʂʰɻ̩˥,xɑʊ˨˩˦ ʈʂʰɻ̩˥,是,"[{""type"": ""source_unresolved_symbol_or_digit""}]",official_dictionary_casefold,语音替代,phonetic,hao3 c,hao3 chi1,xau̯˧˩˧ tsʰ,xau̯˧˩˧ ʈʂʰɻ̩˥,炸雞好ㄘ，不要點漢堡,炸雞好吃，不要點漢堡
codedlang:443:01,Crowd-AI-Lab/CodedLang,443,木有,木有,木有,mu4 you3,没有,没有,mei2 you3,mu˥˩ joʊ˨˩˦,mu˥˩ joʊ˨˩˦,mei˧˥ joʊ˨˩˦,mei˧˥ joʊ˨˩˦,否,[],official_dictionary_casefold,非词汇同音词,non_lexical_homophone,mu4 you3,mei2 you3,mu˥˩ jou̯˧˩˧,mei̯˧˥ jou̯˧˩˧,超喜欢ariana 还有edwin的服务，男的帅，女的靓，服务还很贴心，sweet的感觉有木有，当然也少不了lee小哥哥了，服务五星啊，那必须的,超喜欢ariana 还有edwin的服务，男的帅，女的靓，服务还很贴心，sweet的感觉有没有，当然也少不了lee小哥哥了，服务五星啊，那必须的
codedlang:444:01,Crowd-AI-Lab/CodedLang,444,墨迹,墨迹,墨迹,mo4 ji4,磨叽,磨叽,mo2 ji1,muɔ˥˩ tɕi˥˩,muɔ˥˩ tɕi˥˩,muɔ˧˥ tɕi˥,muɔ˧˥ tɕi˥,否,[],official_dictionary_casefold,歧义同音词,ambiguous_homophone,mo4 ji4,mo2 ji1,mwo˥˩ tɕi˥˩,mwo˧˥ tɕi˥,垃圾，菜一般不说人很操蛋，老板服务员一个个臭脸的跟欠了钱似的，最主要是服务员一个个上海人墨迹嘴，嗬那嘴上功夫一般人都来不了，最最差劲的是 买单乱加钱 中国人专门欺负中国人嘛？,垃圾，菜一般不说人很操蛋，老板服务员一个个臭脸的跟欠了钱似的，最主要是服务员一个个上海人磨叽嘴，嗬那嘴上功夫一般人都来不了，最最差劲的是 买单乱加钱 中国人专门欺负中国人嘛？
codedlang:445:01,Crowd-AI-Lab/CodedLang,445,特么,特么,特么,te4 me,他妈,他妈,ta1 ma1,tʰɤ˥˩ mɤ,tʰɤ˥˩ mɤ,tʰa˥ ma˥,tʰa˥ ma˥,否,[],official_dictionary_casefold,非词汇同音词,non_lexical_homophone,te4 me,ta1 ma1,tʰɤ˥˩ mɤ,tʰa˥ ma˥,吃完就拉肚子，但是真是好特么好吃啊,吃完就拉肚子，但是真是好他妈好吃啊
codedlang:446:01,Crowd-AI-Lab/CodedLang,446,卧槽,卧槽,卧槽,wo4 cao2,我操,我操,wo3 cao1,wɔ˥˩ tsʰɑʊ˧˥,wɔ˥˩ tsʰɑʊ˧˥,wɔ˨˩˦ tsʰɑʊ˥,wɔ˨˩˦ tsʰɑʊ˥,否,[],official_dictionary_casefold,非词汇同音词,ambiguous_homophone,wo4 cao2,wo3 cao1,wo˥˩ tsʰau̯˧˥,wo˧˩˧ tsʰau̯˥,真的要吓尿了卧槽。。。,真的要吓尿了我操。。。
codedlang:447:01,Crowd-AI-Lab/CodedLang,447,尼玛,尼玛,尼玛,ni2 ma3,你妈,你妈,ni3 ma1,ni˧˥ ma˨˩˦,ni˧˥ ma˨˩˦,ni˨˩˦ ma˥,ni˨˩˦ ma˥,否,[],official_dictionary_casefold,非词汇同音词,non_lexical_homophone,ni2 ma3,ni3 ma1,ni˧˥ ma˧˩˧,ni˧˩˧ ma˥,一家在唐人街的火锅店，一点创意也没有，抄袭大陆的概念，也就算了，在微信打广告，好吧，打电话去预约，居然很凶的回答不会讲中文，那叫一个会中文的过来吧，居然说没有。尼玛，接电话的装逼还是老板的脑壳坏掉了，在唐人街做生意你不会中文，那你在微信用中文打什么广告啊，果断取消包厢预约， 你就装逼继续做老外生意吧。,一家在唐人街的火锅店，一点创意也没有，抄袭大陆的概念，也就算了，在微信打广告，好吧，打电话去预约，居然很凶的回答不会讲中文，那叫一个会中文的过来吧，居然说没有。你妈，接电话的装逼还是老板的脑壳坏掉了，在唐人街做生意你不会中文，那你在微信用中文打什么广告啊，果断取消包厢预约， 你就装逼继续做老外生意吧。
codedlang:448:01,Crowd-AI-Lab/CodedLang,448,盆友,盆友,盆友,pen2 you3,朋友,朋友,peng2 you3,pʰən˧˥ joʊ˨˩˦,pʰən˧˥ joʊ˨˩˦,pʰɤŋ˧˥ joʊ˨˩˦,pʰɤŋ˧˥ joʊ˨˩˦,否,[],official_dictionary_casefold,非词汇同音词,non_lexical_homophone,pen2 you3,peng2 you3,pʰə˧˥n jou̯˧˩˧,pʰə˧˥ŋ jou̯˧˩˧,可能是门口街在装修，不太好找，以后应该会拆掉好找，其他的都特别棒，手拉的面条很劲道，点了一个推荐的茄子，味道也很好，去过他家其他分店吃，味道一样，我家小盆友特别喜欢吃,可能是门口街在装修，不太好找，以后应该会拆掉好找，其他的都特别棒，手拉的面条很劲道，点了一个推荐的茄子，味道也很好，去过他家其他分店吃，味道一样，我家小朋友特别喜欢吃
codedlang:449:01,Crowd-AI-Lab/CodedLang,449,卧槽,卧槽,卧槽,wo4 cao2,我操,我操,wo3 cao1,wɔ˥˩ tsʰɑʊ˧˥,wɔ˥˩ tsʰɑʊ˧˥,wɔ˨˩˦ tsʰɑʊ˥,wɔ˨˩˦ tsʰɑʊ˥,否,[],official_dictionary_casefold,非词汇同音词,ambiguous_homophone,wo4 cao2,wo3 cao1,wo˥˩ tsʰau̯˧˥,wo˧˩˧ tsʰau̯˥,这里龙虾肥又大 本想吟诗赠天下 奈何自己没文化 只能卧槽虾好大,这里龙虾肥又大 本想吟诗赠天下 奈何自己没文化 只能我操虾好大
codedlang:450:01,Crowd-AI-Lab/CodedLang,450,阔以,阔以,阔以,kuo4 yi3,可以,可以,ke3 yi3,kʰuɔ˥˩ i˨˩˦,kʰuɔ˥˩ i˨˩˦,kʰɤ˨˩˦ i˨˩˦,kʰɤ˨˩˦ i˨˩˦,否,[],official_dictionary_casefold,非词汇同音词,non_lexical_homophone,kuo4 yi3,ke3 yi3,kʰwo˥˩ i˧˩˧,kʰɤ˧˩˧ i˧˩˧,还阔以,还可以
codedlang:451:01,Crowd-AI-Lab/CodedLang,451,灰常,灰常,灰常,hui1 chang2,非常,非常,fei1 chang2,xuei˥ ʈʂʰɑŋ˧˥,xuei˥ ʈʂʰɑŋ˧˥,fei˥ ʈʂʰɑŋ˧˥,fei˥ ʈʂʰɑŋ˧˥,否,[],official_dictionary_casefold,非词汇同音词,non_lexical_homophone,hui1 chang2,fei1 chang2,xwei̯˥ ʈʂʰa˧˥ŋ,fei̯˥ ʈʂʰa˧˥ŋ,不管多忙服务态度灰常好,不管多忙服务态度非常好
codedlang:452:01,Crowd-AI-Lab/CodedLang,452,炒鸡,炒鸡,炒鸡,chao3 ji1,超级,超级,chao1 ji2,ʈʂʰɑʊ˨˩˦ tɕi˥,ʈʂʰɑʊ˨˩˦ tɕi˥,ʈʂʰɑʊ˥ tɕi˧˥,ʈʂʰɑʊ˥ tɕi˧˥,否,[],official_dictionary_casefold,歧义同音词,ambiguous_homophone,chao3 ji1,chao1 ji2,ʈʂʰau̯˧˩˧ tɕi˥,ʈʂʰau̯˥ tɕi˧˥,真的太一般！再也不来了……也奉劝大家不要白花钱了！我们已经退了一个蒜蓉炸籽鸡！除了看着还行外 里面全是生的还有血丝 ！乍凉三个人一人吃了一块再也没动筷子！油条炒鸡硬菜及其不新鲜 也不好吃 ，我们还点了鸡爪 明显是冻了很多次那种的.. 肉也没有劲道了。奶黄包 我是最期待的 但是太失望了，我只咬了一口 奶黄像蒸蛋 也太难吃了！不会再去消费就对了。在这里还要说一句 服务人员的素质 可以说基本没有素质可谈 除了几个男服务员 很礼貌的服务之外 几个年轻女领台 走路都横冲直撞我们好几次。就在门口扎堆站着 还有一位老女服务员 举手半天 就是看不见人家。我们三个表示在法拉盛吃饭吃过最差劲的一次。之前在国内家人本身开饭店的 所以对于细节我们也是很挑剔的。😊,真的太一般！再也不来了……也奉劝大家不要白花钱了！我们已经退了一个蒜蓉炸籽鸡！除了看着还行外 里面全是生的还有血丝 ！乍凉三个人一人吃了一块再也没动筷子！油条超级硬菜及其不新鲜 也不好吃 ，我们还点了鸡爪 明显是冻了很多吃那种的.. 肉也没有劲道了。奶黄包 我是最期待的 但是太失望了，我只咬了一口 奶黄像蒸蛋 也太难吃了！不会再去消费就对了。在这里还要说一句 服务人员的素质 可以说基本没有素质可谈 除了几个男服务员 很礼貌的服务之外 几个年轻女领台 走路都横冲直撞我们好几吃。就在门口扎堆站着 还有一位老女服务员 举手半天 就是看不见人家。我们三个表示在法拉盛吃饭吃过最差劲的一吃。之前在国内家人本身开饭店的 所以对于细节我们也是很挑剔的。😊
codedlang:453:01,Crowd-AI-Lab/CodedLang,453,男票,男票,男票,nan2 piao4,男朋友,男朋友,nan2 peng2 you3,nan˧˥ pʰiɑʊ˥˩,nan˧˥ pʰiɑʊ˥˩,nan˧˥ pʰɤŋ˧˥ joʊ˨˩˦,nan˧˥ pʰɤŋ˧˥ joʊ˨˩˦,否,[],official_dictionary_casefold,非词汇同音词,non_lexical_homophone,nan2 piao4,nan2 peng2 you3,na˧˥n pʰjau̯˥˩,na˧˥n pʰə˧˥ŋ jou̯˧˩˧,不管别人说 反正我给五星 在这里遇到高中同学 带男票见爸妈 过生日 很有纪念意义的地方,不管别人说 反正我给五星 在这里遇到高中同学 带男朋友见爸妈 过生日 很有纪念意义的地方
codedlang:454:01,Crowd-AI-Lab/CodedLang,454,妹纸,妹纸,妹纸,mei4 zhi3,妹子,妹子,mei4 zi,mei˥˩ ʈʂɻ̩˨˩˦,mei˥˩ ʈʂɻ̩˨˩˦,mei˥˩ tsɹ̩,mei˥˩ tsɹ̩,否,[],official_dictionary_casefold,非词汇同音词,non_lexical_homophone,mei4 zhi3,mei4 zi,mei̯˥˩ ʈʂɻ̩˧˩˧,mei̯˥˩ tsɹ̩,只想说如果是华人的模样，最好想想再进去。你只会莫名其妙收到白眼，对外国人嬉皮笑脸，一转眼就对华人态度很差。里面的两位带位妹纸并没有惹到她们，却遭受到白眼。再也不会进去了！,只想说如果是华人的模样，最好想想再进去。你只会莫名其妙收到白眼，对外国人嬉皮笑脸，一转眼就对华人态度很差。里面的两位带位妹子并没有了到她们，却遭受到白眼。再也不会进去了！
codedlang:455:01,Crowd-AI-Lab/CodedLang,455,尼玛,尼玛,尼玛,ni2 ma3,你妈,你妈,ni3 ma1,ni˧˥ ma˨˩˦,ni˧˥ ma˨˩˦,ni˨˩˦ ma˥,ni˨˩˦ ma˥,否,[],official_dictionary_casefold,非词汇同音词,non_lexical_homophone,ni2 ma3,ni3 ma1,ni˧˥ ma˧˩˧,ni˧˩˧ ma˥,来试了试法拉盛的“大喜”，乘兴而来 败兴而归。 爆炒肝片一上来就是三片血淋淋的教训，叫经理处理一下，居然回锅炒了回来还是有一片没熟。 香辣肥肠蛙.....估计主厨真是吃盐长大，这盐量差点把我齁死，本以为是盐没炒开，结果多试了几块我直接放筷子了。 最后上来的是沸腾鱼.....尼玛的明明说的雨，我吃了面上的几片鱼居然下面全是鱼骨头，我餐馆里开饭都不用的鱼骨头........ 所谓“大喜”，徒有虚名。垃圾。,来试了试法拉盛的“大喜”，乘兴而来 败兴而归。 爆炒肝片一上来就是三片血淋淋的教训，叫经理处理一下，居然回锅炒了回来还是有一片没熟。 香啦肥肠蛙.....估计主厨真是吃盐长大，这盐量差点把我齁死，本以为是盐没炒开，结果多试了几块我直接放筷子了。 最后上来的是沸腾鱼.....你妈的明明说的雨，我吃了面上的几片鱼居然下面全是鱼骨头，我餐馆里开饭都不用的鱼骨头........ 所谓“大喜”，徒有虚名。垃圾。
codedlang:456:01,Crowd-AI-Lab/CodedLang,456,笔芯,笔芯,笔芯,bi3 xin1,比心,比心,bi3 xin1,pi˨˩˦ ɕin˥,pi˨˩˦ ɕin˥,pi˨˩˦ ɕin˥,pi˨˩˦ ɕin˥,否,[],official_dictionary_casefold,歧义同音词,ambiguous_homophone,bi3 xin1,bi3 xin1,pi˧˩˧ ɕi˥n,pi˧˩˧ ɕi˥n,服务牛逼 放国歌牛逼 Jason烤的牛逼 笔芯❤️,服务牛逼 放国歌牛逼 Jason烤的牛逼 比心❤️
codedlang:457:01,Crowd-AI-Lab/CodedLang,457,尼玛,尼玛,尼玛,ni2 ma3,你妈,你妈,ni3 ma1,ni˧˥ ma˨˩˦,ni˧˥ ma˨˩˦,ni˨˩˦ ma˥,ni˨˩˦ ma˥,否,[],official_dictionary_casefold,非词汇同音词,non_lexical_homophone,ni2 ma3,ni3 ma1,ni˧˥ ma˧˩˧,ni˧˩˧ ma˥,什么玩意、进店叫个锅底就一人没了20块钱 这太尼玛逼的坑钱吧 而且还是强制性收你这些什么破开胃菜啥的 你没问客人要不要就给然后收钱 ！还是按人算、菜还那么贵 鱼豆腐八个 收你八块钱 一个一块？什么破店以后都不来！,什么玩意、进店叫个锅底就一人没了20块钱 这太你妈逼的坑钱吧 而且还是强制性收你这些什么破开胃菜啥的 你没问客人要不要就给然后收钱 ！还是按人算、菜还那么贵 鱼豆腐八个 收你八块钱 一个一块？什么破店以后都不来！
codedlang:458:01,Crowd-AI-Lab/CodedLang,458,赶脚,赶脚,赶脚,gan3 jiao3,感觉,感觉,gan3 jue2,kan˨˩˦ tɕiɑʊ˨˩˦,kan˨˩˦ tɕiɑʊ˨˩˦,kan˨˩˦ tɕyɛ˧˥,kan˨˩˦ tɕyɛ˧˥,否,[],official_dictionary_casefold,非词汇同音词,non_lexical_homophone,gan3 jiao3,gan3 jue2,ka˧˩˧n tɕjau̯˧˩˧,ka˧˩˧n tɕɥe˧˥,本来害怕咖喱不合口味，没想到日本咖喱酸酸甜甜还挺好吃的～女生点小份或者中份就好哦～扣下来的一星在环境上，有点点脏乱的赶脚，但是便宜嘛！,本来害怕咖喱不合口味，没想到日本咖喱酸酸甜甜还挺好吃的～女生点小份或者中份就好哦～扣下来的一星在环境上，有点点脏乱的感觉，但是便宜嘛！
codedlang:459:01,Crowd-AI-Lab/CodedLang,459,赶脚,赶脚,赶脚,gan3 jiao3,感觉,感觉,gan3 jue2,kan˨˩˦ tɕiɑʊ˨˩˦,kan˨˩˦ tɕiɑʊ˨˩˦,kan˨˩˦ tɕyɛ˧˥,kan˨˩˦ tɕyɛ˧˥,否,[],official_dictionary_casefold,非词汇同音词,non_lexical_homophone,gan3 jiao3,gan3 jue2,ka˧˩˧n tɕjau̯˧˩˧,ka˧˩˧n tɕɥe˧˥,赶在他们下班前两分钟进去买了个，本来想买抹茶泡芙的但是卖完了，只剩下红茶的泡芙，出乎意外的特别好吃。有在国内吃贝儿多爸爸的赶脚，纽约的甜品实在太甜了难得找到这种不是很甜的好吃的甜品。第二次又去买了四块蛋糕，草莓蛋糕太太太太好吃了，强烈推荐。抹茶慕斯也不错。抹茶味很浓。唯一不好吃的就是芝麻脆巧克皮那款，太甜。还有一个星期离开纽约还会光临的。,赶在他们下班前两分钟进去买了个，本来想买抹茶泡芙的但是卖完了，只剩下红茶的泡芙，出乎意外的特别好吃。有在国内吃贝儿多爸爸的感觉，纽约的甜品实在太甜了难得找到这种不是很甜的好吃的甜品。第二吃又去买了四块蛋糕，草莓蛋糕太太太太好吃了，强烈推荐。抹茶慕斯也不错。抹茶味很浓。唯一不好吃的就是芝麻脆巧克皮那款，太甜。还有一个星期离开纽约还会光临的。
codedlang:460:01,Crowd-AI-Lab/CodedLang,460,好ㄘ,好ㄘ,好ㄘ,hao3 ㄘ,好吃,好吃,hao3 chi1,,xɑʊ˨˩˦,xɑʊ˨˩˦ ʈʂʰɻ̩˥,xɑʊ˨˩˦ ʈʂʰɻ̩˥,是,"[{""type"": ""source_unresolved_symbol_or_digit""}]",official_dictionary_casefold,语音替代,phonetic,hao3 c,hao3 chi1,xau̯˧˩˧ tsʰ,xau̯˧˩˧ ʈʂʰɻ̩˥,好ㄘ,好吃
codedlang:461:01,Crowd-AI-Lab/CodedLang,461,灰常,灰常,灰常,hui1 chang2,非常,非常,fei1 chang2,xuei˥ ʈʂʰɑŋ˧˥,xuei˥ ʈʂʰɑŋ˧˥,fei˥ ʈʂʰɑŋ˧˥,fei˥ ʈʂʰɑŋ˧˥,否,[],official_dictionary_casefold,非词汇同音词,non_lexical_homophone,hui1 chang2,fei1 chang2,xwei̯˥ ʈʂʰa˧˥ŋ,fei̯˥ ʈʂʰa˧˥ŋ,灰常棒，下次一定再来,非常棒，下吃一定再来
codedlang:462:01,Crowd-AI-Lab/CodedLang,462,神马,神马,神马,shen2 ma3,什么,什么,shen2 me,ʂən˧˥ ma˨˩˦,ʂən˧˥ ma˨˩˦,ʂən˧˥ mɤ,ʂən˧˥ mɤ,否,[],official_dictionary_casefold,歧义同音词,ambiguous_homophone,shen2 ma3,shen2 me,ʂə˧˥n ma˧˩˧,ʂə˧˥n mɤ,只要带钱就行了。神马都有。😁,只要带钱就行了。什么都有。😁
codedlang:463:01,Crowd-AI-Lab/CodedLang,463,木有,木有,木有,mu4 you3,没有,没有,mei2 you3,mu˥˩ joʊ˨˩˦,mu˥˩ joʊ˨˩˦,mei˧˥ joʊ˨˩˦,mei˧˥ joʊ˨˩˦,否,[],official_dictionary_casefold,非词汇同音词,non_lexical_homophone,mu4 you3,mei2 you3,mu˥˩ jou̯˧˩˧,mei̯˧˥ jou̯˧˩˧,木有冷气,没有冷气
codedlang:464:01,Crowd-AI-Lab/CodedLang,464,特么,特么,特么,te4 me,他妈,他妈,ta1 ma1,tʰɤ˥˩ mɤ,tʰɤ˥˩ mɤ,tʰa˥ ma˥,tʰa˥ ma˥,否,[],official_dictionary_casefold,非词汇同音词,non_lexical_homophone,te4 me,ta1 ma1,tʰɤ˥˩ mɤ,tʰa˥ ma˥,这家简直太特么好吃了,这家简直太他妈好吃了
codedlang:465:01,Crowd-AI-Lab/CodedLang,465,好ㄘ,好ㄘ,好ㄘ,hao3 ㄘ,好吃,好吃,hao3 chi1,,xɑʊ˨˩˦,xɑʊ˨˩˦ ʈʂʰɻ̩˥,xɑʊ˨˩˦ ʈʂʰɻ̩˥,是,"[{""type"": ""source_unresolved_symbol_or_digit""}]",official_dictionary_casefold,语音替代,phonetic,hao3 c,hao3 chi1,xau̯˧˩˧ tsʰ,xau̯˧˩˧ ʈʂʰɻ̩˥,好ㄘ,好吃
codedlang:466:01,Crowd-AI-Lab/CodedLang,466,男票,男票,男票,nan2 piao4,男朋友,男朋友,nan2 peng2 you3,nan˧˥ pʰiɑʊ˥˩,nan˧˥ pʰiɑʊ˥˩,nan˧˥ pʰɤŋ˧˥ joʊ˨˩˦,nan˧˥ pʰɤŋ˧˥ joʊ˨˩˦,否,[],official_dictionary_casefold,非词汇同音词,non_lexical_homophone,nan2 piao4,nan2 peng2 you3,na˧˥n pʰjau̯˥˩,na˧˥n pʰə˧˥ŋ jou̯˧˩˧,男票是个军迷超级喜欢战斗机航母这些。是军迷的小伙伴不要错过哦！旁边还有潜水艇可以进入内部参观。票买的值！,男朋友是个军迷超级喜欢战斗机航母这些。是军迷的小伙伴不要错过哦！旁边还有潜水艇可以进入内部参观。票买的值！
codedlang:467:01,Crowd-AI-Lab/CodedLang,467,草泥马,草泥马,草泥马,cao3 ni2 ma3,操你妈,操你妈,cao1 ni3 ma1,tsʰɑʊ˨˩˦ ni˧˥ ma˨˩˦,tsʰɑʊ˨˩˦ ni˧˥ ma˨˩˦,tsʰɑʊ˥ ni˨˩˦ ma˥,tsʰɑʊ˥ ni˨˩˦ ma˥,否,[],official_dictionary_casefold,歧义同音词,ambiguous_homophone,cao3 ni2 ma3,cao1 ni3 ma1,tsʰau̯˧˩˧ ni˧˥ ma˧˩˧,tsʰau̯˥ ni˧˩˧ ma˥,suck 草泥马，suck一个各就像欠你吗几百万一样的丑几把鬼脸，suck等的时间有他吗超几把长…,suck 操你妈，suck一个各就像欠你吗几百万一样的丑鸡巴鬼脸，suck等的时间有他吗超鸡巴长…
codedlang:467:02,Crowd-AI-Lab/CodedLang,467,几把,几把,几把,ji3 ba3,鸡巴,鸡巴,ji1 ba1,tɕi˨˩˦ pa˨˩˦,tɕi˨˩˦ pa˨˩˦,tɕi˥ pa˥,tɕi˥ pa˥,否,[],official_dictionary_casefold,非词汇同音词,ambiguous_homophone,ji3 ba3,ji1 ba1,tɕi˧˩˧ pa˧˩˧,tɕi˥ pa˥,suck 草泥马，suck一个各就像欠你吗几百万一样的丑几把鬼脸，suck等的时间有他吗超几把长…,suck 操你妈，suck一个各就像欠你吗几百万一样的丑鸡巴鬼脸，suck等的时间有他吗超鸡巴长…
codedlang:468:01,Crowd-AI-Lab/CodedLang,468,墙裂,墙裂,墙裂,qiang2 lie4,强烈,强烈,qiang2 lie4,tɕʰiɑŋ˧˥ liɛ˥˩,tɕʰiɑŋ˧˥ liɛ˥˩,tɕʰiɑŋ˧˥ liɛ˥˩,tɕʰiɑŋ˧˥ liɛ˥˩,否,[],official_dictionary_casefold,歧义同音词,ambiguous_homophone,qiang2 lie4,qiang2 lie4,tɕʰja˧˥ŋ lje˥˩,tɕʰja˧˥ŋ lje˥˩,抱着试试看的心情过来的。点了四个菜。味道都非常的棒，墙裂推荐！！！,抱着试试看的心情过来的。点了四个菜。味道都非常的棒，强烈推荐！！！
codedlang:469:01,Crowd-AI-Lab/CodedLang,469,炒鸡,炒鸡,炒鸡,chao3 ji1,超级,超级,chao1 ji2,ʈʂʰɑʊ˨˩˦ tɕi˥,ʈʂʰɑʊ˨˩˦ tɕi˥,ʈʂʰɑʊ˥ tɕi˧˥,ʈʂʰɑʊ˥ tɕi˧˥,否,[],official_dictionary_casefold,歧义同音词,ambiguous_homophone,chao3 ji1,chao1 ji2,ʈʂʰau̯˧˩˧ tɕi˥,ʈʂʰau̯˥ tɕi˧˥,很美式风格的一家店。各种摇滚和玛丽莲梦露。各种菜量都非常大。芝士焗暑是我吃过最好吃的！(不在菜单里，和服务员说明即可。很大份！)扣掉的一星给他家的卡布奇诺(也不在菜单里)踩雷了炒鸡难喝！_(:з)∠)_,很美式风格的一家店。各种摇滚和玛丽莲梦露。各种菜量都非常大。芝士焗暑是我吃过最好吃的！(不在菜单里，和服务员说明即可。很大份！)扣掉的一星给他家的卡布奇诺(也不在菜单里)踩雷了超级难喝！_(:з)∠)_
codedlang:470:01,Crowd-AI-Lab/CodedLang,470,辣鸡,辣鸡,辣鸡,la4 ji1,垃圾,垃圾,la1 ji1,la˥˩ tɕi˥,la˥˩ tɕi˥,la˥ tɕi˥,la˥ tɕi˥,否,[],official_dictionary_casefold,歧义同音词,ambiguous_homophone,la4 ji1,la1 ji1,la˥˩ tɕi˥,la˥ tɕi˥,辣鸡 又贵又难吃,垃圾 又贵又难吃
codedlang:471:01,Crowd-AI-Lab/CodedLang,471,木有,木有,木有,mu4 you3,没有,没有,mei2 you3,mu˥˩ joʊ˨˩˦,mu˥˩ joʊ˨˩˦,mei˧˥ joʊ˨˩˦,mei˧˥ joʊ˨˩˦,否,[],official_dictionary_casefold,非词汇同音词,non_lexical_homophone,mu4 you3,mei2 you3,mu˥˩ jou̯˧˩˧,mei̯˧˥ jou̯˧˩˧,第一次在他们家点韭菜盒子的外卖，他们很贴心的给切了一下，还装在小盒子里面。后来再点，即便特意和他们提这个要求，也木有了。有些失望。不过，很好吃,第一吃在他们家点韭菜盒子的外卖，他们很贴心的给切了一下，还装在小盒子里面。后来再点，即便特意和他们提这个要求，也没有了。有些失望。不过，很好吃
codedlang:472:01,Crowd-AI-Lab/CodedLang,472,特么,特么,特么,te4 me,他妈,他妈,ta1 ma1,tʰɤ˥˩ mɤ,tʰɤ˥˩ mɤ,tʰa˥ ma˥,tʰa˥ ma˥,否,[],official_dictionary_casefold,非词汇同音词,"non_lexical_homophone, phonetic",te4 me,ta1 ma1,tʰɤ˥˩ mɤ,tʰa˥ ma˥,垃圾东西，叫我晚上8点去拿，特么6:30结束，nmsl,垃圾东西，叫我晚上不点去拿，他妈厉害:30结束，你妈死了
codedlang:472:02,Crowd-AI-Lab/CodedLang,472,nmsl,nmsl,nmsl,nmsl,你妈死了,你妈死了,ni3 ma1 si3 le,ˌɛnˌɛmˌɛsˈɛl,ˌɛnˌɛmˌɛsˈɛl,ni˨˩˦ ma˥ sɹ̩˨˩˦ lɤ,ni˨˩˦ ma˥ sɹ̩˨˩˦ lɤ,否,[],official_dictionary_casefold,语音替代,"non_lexical_homophone, phonetic",nmsl,ni3 ma1 si3 le,ˈɛm ˈɛm ˈɛs ˈɛɫ,ni˧˩˧ ma˥ sɹ̩˧˩˧ lɤ,垃圾东西，叫我晚上8点去拿，特么6:30结束，nmsl,垃圾东西，叫我晚上不点去拿，他妈厉害:30结束，你妈死了
codedlang:473:01,Crowd-AI-Lab/CodedLang,473,开森,开森,开森,kai1 sen1,开心,开心,kai1 xin1,kʰai˥ sən˥,kʰai˥ sən˥,kʰai˥ ɕin˥,kʰai˥ ɕin˥,否,[],official_dictionary_casefold,非词汇同音词,non_lexical_homophone,kai1 sen1,kai1 xin1,kʰai̯˥ sə˥n,kʰai̯˥ ɕi˥n,超好吃地道的四川火锅!!!北卡最值得来的火锅店啦∼开森！菜品很新鲜，环境也很赞。,超好吃地道的四川火锅!!!北卡最值得来的火锅店啦∼开心！菜品很新鲜，环境也很赞。
codedlang:474:01,Crowd-AI-Lab/CodedLang,474,ㄋㄡ,ㄋㄡ,ㄋㄡ,ㄋ ㄡ,喏,喏,nuo4,,,nuɔ˥˩,nuɔ˥˩,是,"[{""type"": ""source_unresolved_symbol_or_digit""}, {""type"": ""source_unresolved_symbol_or_digit""}]",official_dictionary_casefold,语音替代,phonetic,n ou,nuo4,noʊ̯,nwɔ̂,不錯吃ㄋㄡ,不錯吃呶
codedlang:476:01,Crowd-AI-Lab/CodedLang,476,墙裂,墙裂,墙裂,qiang2 lie4,强烈,强烈,qiang2 lie4,tɕʰiɑŋ˧˥ liɛ˥˩,tɕʰiɑŋ˧˥ liɛ˥˩,tɕʰiɑŋ˧˥ liɛ˥˩,tɕʰiɑŋ˧˥ liɛ˥˩,否,[],official_dictionary_casefold,歧义同音词,ambiguous_homophone,qiang2 lie4,qiang2 lie4,tɕʰja˧˥ŋ lje˥˩,tɕʰja˧˥ŋ lje˥˩,墙裂推荐的树屋家！！对于我这样的中国胃，无论端上桌的是金属色鱼子酱还是贵得发抖的Gillardeau生蚝，都一律无感，但这个汽锅鸡太太给力了，一口下去，从胃里暖到每一根神经末梢，这才有了种活着的真实感。 剁椒鱼肉很鲜嫩，味道正宗，毛事红烧肉入口即化，就连香酥牛肉饼都很地道。吃对了，整个人终于好起来了！！ 居然忘了拍照，下次一定补上。,强烈推荐的树屋家！！对于我这样的中国胃，无论端上桌的是金属色鱼子酱还是贵得发抖的Gillardeau生蚝，都一律无感，但这个汽锅鸡太太给力了，一口下去，从胃里暖到每一根神经末梢，这才有了种活着的真实感。 剁椒鱼肉很鲜嫩，味道正宗，毛事红烧肉入口即化，就连香酥牛肉饼都很地道。吃对了，整个人终于好起来了！！ 居然忘了拍照，下吃一定补上。
codedlang:477:01,Crowd-AI-Lab/CodedLang,477,ㄋㄡ,ㄋㄡ,ㄋㄡ,ㄋ ㄡ,喏,喏,nuo4,,,nuɔ˥˩,nuɔ˥˩,是,"[{""type"": ""source_unresolved_symbol_or_digit""}, {""type"": ""source_unresolved_symbol_or_digit""}]",official_dictionary_casefold,语音替代,phonetic,n ou,nuo4,noʊ̯,nwɔ̂,台灣味 讚ㄋㄡ,台灣味 讚呶
codedlang:478:01,Crowd-AI-Lab/CodedLang,478,辣鸡,辣鸡,辣鸡,la4 ji1,垃圾,垃圾,la1 ji1,la˥˩ tɕi˥,la˥˩ tɕi˥,la˥ tɕi˥,la˥ tɕi˥,否,[],official_dictionary_casefold,歧义同音词,ambiguous_homophone,la4 ji1,la1 ji1,la˥˩ tɕi˥,la˥ tɕi˥,辣鸡公寓，搬出的时候会最后捞一笔，清洁费很高,垃圾公寓，搬出的时候会最后捞一笔，清洁费很高
codedlang:479:01,Crowd-AI-Lab/CodedLang,479,辣鸡,辣鸡,辣鸡,la4 ji1,垃圾,垃圾,la1 ji1,la˥˩ tɕi˥,la˥˩ tɕi˥,la˥ tɕi˥,la˥ tɕi˥,否,[],official_dictionary_casefold,歧义同音词,ambiguous_homophone,la4 ji1,la1 ji1,la˥˩ tɕi˥,la˥ tɕi˥,辣鸡龙岩，孜然羊肉羊肉是冷的油腻不好吃，烧烤做的没味道，早点关门,垃圾龙岩，孜然羊肉羊肉是冷的油腻不好吃，烧烤做的没味道，早点关门
codedlang:480:01,Crowd-AI-Lab/CodedLang,480,炒鸡,炒鸡,炒鸡,chao3 ji1,超级,超级,chao1 ji2,ʈʂʰɑʊ˨˩˦ tɕi˥,ʈʂʰɑʊ˨˩˦ tɕi˥,ʈʂʰɑʊ˥ tɕi˧˥,ʈʂʰɑʊ˥ tɕi˧˥,否,[],official_dictionary_casefold,歧义同音词,ambiguous_homophone,chao3 ji1,chao1 ji2,ʈʂʰau̯˧˩˧ tɕi˥,ʈʂʰau̯˥ tɕi˧˥,Best milk tea I’ve had around this area. Definitely will order again. 十分正宗的中国奶茶！炒鸡好喝！椰子冻也好吃！每天喝嘻嘻嘻！,Best milk tea I’ve had around this area. 啲efinitely will order again. 十分正宗的中国奶茶！超级好喝！椰子冻也好吃！每天喝嘻嘻嘻！
codedlang:481:01,Crowd-AI-Lab/CodedLang,481,卧槽,卧槽,卧槽,wo4 cao2,我操,我操,wo3 cao1,wɔ˥˩ tsʰɑʊ˧˥,wɔ˥˩ tsʰɑʊ˧˥,wɔ˨˩˦ tsʰɑʊ˥,wɔ˨˩˦ tsʰɑʊ˥,否,[],official_dictionary_casefold,非词汇同音词,ambiguous_homophone,wo4 cao2,wo3 cao1,wo˥˩ tsʰau̯˧˥,wo˧˩˧ tsʰau̯˥,草莓拿铁，卧槽好喝,草莓拿铁，我操好喝
codedlang:482:01,Crowd-AI-Lab/CodedLang,482,涨姿势,涨姿势,涨姿势,zhang3 zi1 shi4,涨知识,涨知识,zhang3 zhi1 shi2,ʈʂɑŋ˨˩˦ tsɹ̩˥ ʂɻ̩˥˩,ʈʂɑŋ˨˩˦ tsɹ̩˥ ʂɻ̩˥˩,ʈʂɑŋ˨˩˦ ʈʂɻ̩˥ ʂɻ̩˧˥,ʈʂɑŋ˨˩˦ ʈʂɻ̩˥ ʂɻ̩˧˥,否,[],official_dictionary_casefold,非词汇同音词,non_lexical_homophone,zhang3 zi1 shi4,zhang3 zhi1 shi2,ʈʂa˧˩˧ŋ tsɹ̩˥ ʂɻ̩˥˩,ʈʂa˧˩˧ŋ ʈʂɻ̩˥ ʂɻ̩˧˥,救救孩子吧，这家香锅长这样，就离谱，点了盐酥鸡，是切片的？？？非常涨姿势，就绝对不建议光顾的店，真的超级难吃，绝了,救救孩子吧，这家香锅长这样，就离谱，点了盐酥鸡，是切片的？？？非常涨知识，就绝对不建议光顾的店，真的超级难吃，绝了
codedlang:483:01,Crowd-AI-Lab/CodedLang,483,尼玛币,尼玛币,尼玛币,ni2 ma3 bi4,你妈逼,你妈逼,ni3 ma1 bi1,ni˧˥ ma˨˩˦ pi˥˩,ni˧˥ ma˨˩˦ pi˥˩,ni˨˩˦ ma˥ pi˥,ni˨˩˦ ma˥ pi˥,否,[],official_dictionary_casefold,非词汇同音词,"ambiguous_homophone, phonetic",ni2 ma3 bi4,ni3 ma1 bi1,ni˧˥ ma˧˩˧ pi˥˩,ni˧˩˧ ma˥ pi˥,我在这儿住了两年 这个地方是的沾点 物业和office所有人加起来凑不齐一个妈 刚来的时候你就跟他们爹一样 现在我moveout了 我成了尼玛币孙子了 押金您交了 就甭想再要回来了 Cnmm,我在这儿住了两年 这个地方是的沾点 物业和office所有人加起来凑不齐一个妈 刚来的时候你就跟他们爹一样 现在我moveout了 我成了你妈逼孙子了 押金您交了 就甭想再要回来了 操你妈妈
codedlang:483:02,Crowd-AI-Lab/CodedLang,483,Cnmm,Cnmm,Cnmm,Cnmm,操你妈妈,操你妈妈,cao1 ni3 ma1 ma1,sˌiːˌɛnˌɛmˈɛm,sˌiːˌɛnˌɛmˈɛm,tsʰɑʊ˥ ni˨˩˦ ma˥ ma˥,tsʰɑʊ˥ ni˨˩˦ ma˥ ma˥,否,[],official_dictionary_casefold,语音替代,"ambiguous_homophone, phonetic",Cnmm,cao1 ni3 ma1 ma1,ˈsi ˈɛn ˈɛm ˈɛm,tsʰau̯˥ ni˧˩˧ ma˥ ma˥,我在这儿住了两年 这个地方是的沾点 物业和office所有人加起来凑不齐一个妈 刚来的时候你就跟他们爹一样 现在我moveout了 我成了尼玛币孙子了 押金您交了 就甭想再要回来了 Cnmm,我在这儿住了两年 这个地方是的沾点 物业和office所有人加起来凑不齐一个妈 刚来的时候你就跟他们爹一样 现在我moveout了 我成了你妈逼孙子了 押金您交了 就甭想再要回来了 操你妈妈
codedlang:484:01,Crowd-AI-Lab/CodedLang,484,木有,木有,木有,mu4 you3,没有,没有,mei2 you3,mu˥˩ joʊ˨˩˦,mu˥˩ joʊ˨˩˦,mei˧˥ joʊ˨˩˦,mei˧˥ joʊ˨˩˦,否,[],official_dictionary_casefold,非词汇同音词,non_lexical_homophone,mu4 you3,mei2 you3,mu˥˩ jou̯˧˩˧,mei̯˧˥ jou̯˧˩˧,超级贵有木有,超级贵有没有
codedlang:485:01,Crowd-AI-Lab/CodedLang,485,冲鸭,冲鸭,冲鸭,chong1 ya1,冲呀,冲呀,chong1 ya,ʈʂʰʊŋ˥ ja˥,ʈʂʰʊŋ˥ ja˥,ʈʂʰʊŋ˥ ja,ʈʂʰʊŋ˥ ja,否,[],official_dictionary_casefold,非词汇同音词,ambiguous_homophone,chong1 ya1,chong1 ya,ʈʂʰʊ˥ŋ ja˥,ʈʂʰʊ˥ŋ ja,这或许是第一篇中文评论哈哈哈 里面的人超好！漂亮的姐姐和温暖的叔叔！ J-1小伙伴们冲鸭！,这或许是第一篇中文评论哈哈哈 里面的人超好！漂亮的姐姐和温暖的叔叔！ J-1小伙伴们冲呀！
codedlang:486:01,Crowd-AI-Lab/CodedLang,486,骚年,骚年,骚年,sao1 nian2,少年,少年,shao4 nian2,sɑʊ˥ niɛn˧˥,sɑʊ˥ niɛn˧˥,ʂɑʊ˥˩ niɛn˧˥,ʂɑʊ˥˩ niɛn˧˥,否,[],official_dictionary_casefold,非词汇同音词,non_lexical_homophone,sao1 nian2,shao4 nian2,sau̯˥ njɛ˧˥n,ʂau̯˥˩ njɛ˧˥n,国家公园里唯一一个有免费WiFi的地方，骚年，你懂的,国家公园里唯一一个有免费WiFi的地方，少年，你懂的
codedlang:487:01,Crowd-AI-Lab/CodedLang,487,灰常,灰常,灰常,hui1 chang2,非常,非常,fei1 chang2,xuei˥ ʈʂʰɑŋ˧˥,xuei˥ ʈʂʰɑŋ˧˥,fei˥ ʈʂʰɑŋ˧˥,fei˥ ʈʂʰɑŋ˧˥,否,[],official_dictionary_casefold,非词汇同音词,non_lexical_homophone,hui1 chang2,fei1 chang2,xwei̯˥ ʈʂʰa˧˥ŋ,fei̯˥ ʈʂʰa˧˥ŋ,好，灰常好，热情，中国的东西很多的,好，非常好，热情，中国的东西很多的
codedlang:488:01,Crowd-AI-Lab/CodedLang,488,辣么,辣么,辣么,la4 me,那么,那么,na4 me,la˥˩ mɤ,la˥˩ mɤ,na˥˩ mɤ,na˥˩ mɤ,否,[],official_dictionary_casefold,非词汇同音词,non_lexical_homophone,la4 me,na4 me,la˥˩ mɤ,na˥˩ mɤ,价格很亲民，又不像某些店一次要买辣么多，深受广大美国人民喜爱，,价格很亲民，又不像某些店一吃要买那么多，深受广大美国人民喜爱，
codedlang:489:01,Crowd-AI-Lab/CodedLang,489,嘟,嘟,嘟,du1,都,都,dou1,tu˥,tu˥,toʊ˥,toʊ˥,否,[],official_dictionary_casefold,歧义同音词,ambiguous_homophone,du1,dou1,tu˥,tou̯˥,好好啊，宠物所需嘟有,好好啊，宠物所需都有
codedlang:490:01,Crowd-AI-Lab/CodedLang,490,腻害,腻害,腻害,ni4 hai4,厉害,厉害,li4 hai4,ni˥˩ xai˥˩,ni˥˩ xai˥˩,li˥˩ xai˥˩,li˥˩ xai˥˩,否,[],official_dictionary_casefold,非词汇同音词,non_lexical_homophone,ni4 hai4,li4 hai4,ni˥˩ xai̯˥˩,li˥˩ xai̯˥˩,第二次来了   美味   牛肉 龙虾  干呗 生蚝 好腻害٩(๑ᵒ̴̶̷͈᷄ᗨᵒ̴̶̷͈᷅)و,第二吃来了   美味   牛肉 龙虾  干呗 生蚝 好厉害٩(๑ᵒ̴̶̷͈᷄ᗨᵒ̴̶̷͈᷅)و
codedlang:491:01,Crowd-AI-Lab/CodedLang,491,特么,特么,特么,te4 me,他妈,他妈,ta1 ma1,tʰɤ˥˩ mɤ,tʰɤ˥˩ mɤ,tʰa˥ ma˥,tʰa˥ ma˥,否,[],official_dictionary_casefold,非词汇同音词,non_lexical_homophone,te4 me,ta1 ma1,tʰɤ˥˩ mɤ,tʰa˥ ma˥,老李炸鸡牛逼！太特么好吃了！比“肯塔基的KFC”好吃太多！很像中国肯德基的“香辣鸡翅”（我点的是3PC mixed），这才是“肯塔基炸鸡”！ I give five stars because there are only five stars.,老李炸鸡牛逼！太他妈好吃了！比“肯塔基的KFC”好吃太多！很像中国肯德基的“香垃圾翅”（我点的是3PC mixed），这才是“肯塔基炸鸡”！ I give five stars 逼ecause there are only five stars.
codedlang:492:01,Crowd-AI-Lab/CodedLang,492,辣鸡,辣鸡,辣鸡,la4 ji1,垃圾,垃圾,la1 ji1,la˥˩ tɕi˥,la˥˩ tɕi˥,la˥ tɕi˥,la˥ tɕi˥,否,[],official_dictionary_casefold,歧义同音词,ambiguous_homophone,la4 ji1,la1 ji1,la˥˩ tɕi˥,la˥ tɕi˥,换一个地方，滑雪区6点关门。 另外一个9点。这里4点 check in 服务辣鸡,换一个地方，滑雪区厉害点关门。 另外一个9点。这里4点 check in 服务垃圾
codedlang:493:01,Crowd-AI-Lab/CodedLang,493,木有,木有,木有,mu4 you3,没有,没有,mei2 you3,mu˥˩ joʊ˨˩˦,mu˥˩ joʊ˨˩˦,mei˧˥ joʊ˨˩˦,mei˧˥ joʊ˨˩˦,否,[],official_dictionary_casefold,非词汇同音词,non_lexical_homophone,mu4 you3,mei2 you3,mu˥˩ jou̯˧˩˧,mei̯˧˥ jou̯˧˩˧,在这个小地方算不错吧，鱼片够大块。但是木有蛋包饭就不开心了。and价格还行，风味馆的水平。,在这个小地方算不错吧，鱼片够大块。但是没有蛋包饭就不开心了。and价格还行，风味馆的水平。
codedlang:494:01,Crowd-AI-Lab/CodedLang,494,尼玛,尼玛,尼玛,ni2 ma3,你妈,你妈,ni3 ma1,ni˧˥ ma˨˩˦,ni˧˥ ma˨˩˦,ni˨˩˦ ma˥,ni˨˩˦ ma˥,否,[],official_dictionary_casefold,非词汇同音词,non_lexical_homophone,ni2 ma3,ni3 ma1,ni˧˥ ma˧˩˧,ni˧˩˧ ma˥,这两天都不会点菜了，尼玛海鲜越南粉端上来的时候我人都傻哩，真就海鲜做点缀呗,这两天都不会点菜了，你妈海鲜越南粉端上来的时候我人都傻哩，真就海鲜做点缀呗
codedlang:495:01,Crowd-AI-Lab/CodedLang,495,👴🏻,👴🏻,👴🏻,👴 🏻,,,,,,,,是,"[{""type"": ""missing_dictionary_decode""}, {""type"": ""source_unresolved_symbol_or_digit""}, {""type"": ""source_unresolved_symbol_or_digit""}]",not_in_official_dictionary,非词汇同音词,"emoji, non_lexical_homophone",,,,,"今天刚点的Drunken Noodle, 👴🏻还以为是啥东西，结果是辣炒🐮河。这就尼玛的离谱，建议多点汤面或者好好读下菜谱","今天刚点的啲runken Noodle, 爷还以为是啥东西，结果是啦炒🐮河。这就你妈的离谱，建议多点汤面或者好好读下菜谱"
codedlang:495:02,Crowd-AI-Lab/CodedLang,495,尼玛,尼玛,尼玛,ni2 ma3,你妈,你妈,ni3 ma1,ni˧˥ ma˨˩˦,ni˧˥ ma˨˩˦,ni˨˩˦ ma˥,ni˨˩˦ ma˥,否,[],official_dictionary_casefold,非词汇同音词,"emoji, non_lexical_homophone",ni2 ma3,ni3 ma1,ni˧˥ ma˧˩˧,ni˧˩˧ ma˥,"今天刚点的Drunken Noodle, 👴🏻还以为是啥东西，结果是辣炒🐮河。这就尼玛的离谱，建议多点汤面或者好好读下菜谱","今天刚点的啲runken Noodle, 爷还以为是啥东西，结果是啦炒🐮河。这就你妈的离谱，建议多点汤面或者好好读下菜谱"
codedlang:496:01,Crowd-AI-Lab/CodedLang,496,灰常,灰常,灰常,hui1 chang2,非常,非常,fei1 chang2,xuei˥ ʈʂʰɑŋ˧˥,xuei˥ ʈʂʰɑŋ˧˥,fei˥ ʈʂʰɑŋ˧˥,fei˥ ʈʂʰɑŋ˧˥,否,[],official_dictionary_casefold,非词汇同音词,non_lexical_homophone,hui1 chang2,fei1 chang2,xwei̯˥ ʈʂʰa˧˥ŋ,fei̯˥ ʈʂʰa˧˥ŋ,服务灰常慢，态度倒是不错，虽然提供餐前小点打发时间，但还是太慢了点。食物很好看，但味道一般，价格两刀。不会再来了,服务非常慢，态度倒是不错，虽然提供餐前小点打发时间，但还是太慢了点。食物很好看，但味道一般，价格两刀。不会再来了
codedlang:497:01,Crowd-AI-Lab/CodedLang,497,盆友,盆友,盆友,pen2 you3,朋友,朋友,peng2 you3,pʰən˧˥ joʊ˨˩˦,pʰən˧˥ joʊ˨˩˦,pʰɤŋ˧˥ joʊ˨˩˦,pʰɤŋ˧˥ joʊ˨˩˦,否,[],official_dictionary_casefold,非词汇同音词,non_lexical_homophone,pen2 you3,peng2 you3,pʰə˧˥n jou̯˧˩˧,pʰə˧˥ŋ jou̯˧˩˧,很安静适合读书的学校，刚来会觉得有点无聊，呆的时间越久，你越喜欢这里，没有大城市的喧嚣繁华，大家都还挺友好的，中国学生不需要背太多东西过来，这边基本都有，学校有宿舍，但价格有的贵，想接触不同国家的人，应该可以遇到，刚来的时候慢慢学，主要是适应，不要选太多课，交通还算方便，建议买车，体育馆免费，公交车免费，借书免费，但前提是你有学生卡，祝大家愉快的享受大学时光PS 学习比男盆友重要,很安静适合读书的学校，刚来会觉得有点无聊，呆的时间越久，你越喜欢这里，没有大城市的喧嚣繁华，大家都还挺友好的，中国学生不需要背太多东西过来，这边基本都有，学校有宿舍，但价格有的贵，想接触不同国家的人，应该可以遇到，刚来的时候慢慢学，主要是适应，不要选太多课，交通还算方便，建议买车，体育馆免费，公交车免费，借书免费，但前提是你有学生卡，祝大家愉快的享受大学时光PS 学习比男朋友重要
codedlang:498:01,Crowd-AI-Lab/CodedLang,498,兄弟萌,兄弟萌,兄弟萌,xiong1 di4 meng2,兄弟们,兄弟们,xiong1 di4 men,ɕiʊŋ˥ ti˥˩ mɤŋ˧˥,ɕiʊŋ˥ ti˥˩ mɤŋ˧˥,ɕiʊŋ˥ ti˥˩ mən,ɕiʊŋ˥ ti˥˩ mən,否,[],official_dictionary_casefold,非词汇同音词,"emoji, non_lexical_homophone",xiong1 di4 meng2,xiong1 di4 men,ɕjʊ˥ŋ ti˥˩ mə˧˥ŋ,ɕjʊ˥ŋ ti˥˩ mən,"设施齐全，五星就vans了兄弟萌  改成④⭐是因为每次上游泳课都能把👴🏻冻成铁🍔🍔  突然想起👴🏻下学期还选了游泳 II，可能👴🏻本来就是个铁🍔🍔  Turn the pool water temperature up, I beg you","设施齐全，五星就vans了兄弟们  改成④⭐是因为每吃上游泳课都能把爷冻成铁憨憨  突然想起爷下学期还选了游泳 II，可能爷本来就是个铁憨憨  Turn the pool water temperature up, I 逼eg you"
codedlang:498:02,Crowd-AI-Lab/CodedLang,498,👴🏻,👴🏻,👴🏻,👴 🏻,,,,,,,,是,"[{""type"": ""missing_dictionary_decode""}, {""type"": ""source_unresolved_symbol_or_digit""}, {""type"": ""source_unresolved_symbol_or_digit""}]",not_in_official_dictionary,非词汇同音词,"emoji, non_lexical_homophone",,,,,"设施齐全，五星就vans了兄弟萌  改成④⭐是因为每次上游泳课都能把👴🏻冻成铁🍔🍔  突然想起👴🏻下学期还选了游泳 II，可能👴🏻本来就是个铁🍔🍔  Turn the pool water temperature up, I beg you","设施齐全，五星就vans了兄弟们  改成④⭐是因为每吃上游泳课都能把爷冻成铁憨憨  突然想起爷下学期还选了游泳 II，可能爷本来就是个铁憨憨  Turn the pool water temperature up, I 逼eg you"
codedlang:498:03,Crowd-AI-Lab/CodedLang,498,铁🍔🍔,铁🍔🍔,铁🍔🍔,tie3 🍔 🍔,,,,,tʰiɛ˨˩˦,,,是,"[{""type"": ""missing_dictionary_decode""}, {""type"": ""source_unresolved_symbol_or_digit""}, {""type"": ""source_unresolved_symbol_or_digit""}]",not_in_official_dictionary,非词汇同音词,"emoji, non_lexical_homophone",,,,,"设施齐全，五星就vans了兄弟萌  改成④⭐是因为每次上游泳课都能把👴🏻冻成铁🍔🍔  突然想起👴🏻下学期还选了游泳 II，可能👴🏻本来就是个铁🍔🍔  Turn the pool water temperature up, I beg you","设施齐全，五星就vans了兄弟们  改成④⭐是因为每吃上游泳课都能把爷冻成铁憨憨  突然想起爷下学期还选了游泳 II，可能爷本来就是个铁憨憨  Turn the pool water temperature up, I 逼eg you"
codedlang:500:01,Crowd-AI-Lab/CodedLang,500,滚粗,滚粗,滚粗,gun3 cu1,滚出,滚出,gun3 chu1,kuən˨˩˦ tsʰu˥,kuən˨˩˦ tsʰu˥,kuən˨˩˦ ʈʂʰu˥,kuən˨˩˦ ʈʂʰu˥,否,[],official_dictionary_casefold,非词汇同音词,non_lexical_homophone,gun3 cu1,gun3 chu1,kwə˧˩˧n tsʰu˥,kwə˧˩˧n ʈʂʰu˥,非常难吃，特别难吃。  负分滚粗,非常难吃，特别难吃。  负分滚出
codedlang:502:01,Crowd-AI-Lab/CodedLang,502,卧槽,卧槽,卧槽,wo4 cao2,我操,我操,wo3 cao1,wɔ˥˩ tsʰɑʊ˧˥,wɔ˥˩ tsʰɑʊ˧˥,wɔ˨˩˦ tsʰɑʊ˥,wɔ˨˩˦ tsʰɑʊ˥,否,[],official_dictionary_casefold,非词汇同音词,ambiguous_homophone,wo4 cao2,wo3 cao1,wo˥˩ tsʰau̯˧˥,wo˧˩˧ tsʰau̯˥,What a great place 厉害死了卧槽,What a great place 厉害死了我操
codedlang:503:01,Crowd-AI-Lab/CodedLang,503,尼玛,尼玛,尼玛,ni2 ma3,你妈,你妈,ni3 ma1,ni˧˥ ma˨˩˦,ni˧˥ ma˨˩˦,ni˨˩˦ ma˥,ni˨˩˦ ma˥,否,[],official_dictionary_casefold,非词汇同音词,non_lexical_homophone,ni2 ma3,ni3 ma1,ni˧˥ ma˧˩˧,ni˧˩˧ ma˥,尼玛很划算啊有木有  和国内差不错价钱 中午一人7块多 在这村里能吃到这东西简直是爽啊,你妈很划算啊有没有  和国内差不错价钱 中午一人7块多 在这村里能吃到这东西简直是爽啊
codedlang:503:02,Crowd-AI-Lab/CodedLang,503,木有,木有,木有,mu4 you3,没有,没有,mei2 you3,mu˥˩ joʊ˨˩˦,mu˥˩ joʊ˨˩˦,mei˧˥ joʊ˨˩˦,mei˧˥ joʊ˨˩˦,否,[],official_dictionary_casefold,非词汇同音词,non_lexical_homophone,mu4 you3,mei2 you3,mu˥˩ jou̯˧˩˧,mei̯˧˥ jou̯˧˩˧,尼玛很划算啊有木有  和国内差不错价钱 中午一人7块多 在这村里能吃到这东西简直是爽啊,你妈很划算啊有没有  和国内差不错价钱 中午一人7块多 在这村里能吃到这东西简直是爽啊
codedlang:504:01,Crowd-AI-Lab/CodedLang,504,米国,米国,米国,mi3 guo2,美国,美国,mei3 guo2,mi˨˩˦ kuɔ˧˥,mi˨˩˦ kuɔ˧˥,mei˨˩˦ kuɔ˧˥,mei˨˩˦ kuɔ˧˥,否,[],official_dictionary_casefold,非词汇同音词,non_lexical_homophone,mi3 guo2,mei3 guo2,mi˧˩˧ kwo˧˥,mei̯˧˩˧ kwo˧˥,位置很好找，在路边，距离拉斯维加斯的市内繁华地带大概三四英里。老板是几个国人，其中两个操了一口普通话。也许是北京人的缘故？ 因为是中午过来的，他家中午有Lunch Special套餐，加米饭和一份汤不到七刀，是能吃饱级别的，点了一份蒙古牛肉，口感有一点偏甜，可能我是吃不惯的原因。还点了一份青椒牛肉，建议来米国旅游的北方人可以吃这个，微微的咸且不甜，牛肉口感还不错。准确的说这家的中国菜是我这次旅行到目前为止的中餐餐馆总性价比最高的。,位置很好找，在路边，距离拉斯维加斯的市内繁华地带大概三四英里。老板是几个国人，其中两个操了一口普通话。也许是北京人的缘故？ 因为是中午过来的，他家中午有Lunch Special套餐，加米饭和一份汤不到七刀，是能吃饱级别的，点了一份蒙古牛肉，口感有一点偏甜，可能我是吃不惯的原因。还点了一份青椒牛肉，建议来美国旅游的北方人可以吃这个，微微的咸且不甜，牛肉口感还不错。准确的说这家的中国菜是我这吃旅行到目前为止的中餐餐馆总性价比最高的。
codedlang:505:01,Crowd-AI-Lab/CodedLang,505,童鞋,童鞋,童鞋,tong2 xie2,同学,同学,tong2 xue2,tʰʊŋ˧˥ ɕiɛ˧˥,tʰʊŋ˧˥ ɕiɛ˧˥,tʰʊŋ˧˥ ɕyɛ˧˥,tʰʊŋ˧˥ ɕyɛ˧˥,否,[],official_dictionary_casefold,歧义同音词,ambiguous_homophone,tong2 xie2,tong2 xue2,tʰʊ˧˥ŋ ɕje˧˥,tʰʊ˧˥ŋ ɕɥe˧˥,"前几日看新闻，台湾一少女因坐过山车而被吓死，该过山车是2001年从瑞士引进,为亚洲首座U型滑轨悬吊式螺旋过山车,高50米,最大落差56米,瞬间最高时速122公里，不得不令我这坐飞机都怕的童鞋捏把汗。 Stratosphere tower位于拉斯维加斯，全塔高350米，是拉斯维加斯最高的建筑物，也是美国密西西比河西岸最高的建筑物，比洛杉矶的美国银行塔（U.S. Bank Tower）还要高，同时也是是美国最大的观光塔建筑。塔顶为观景层，设有餐厅和数项全世界最高的机动游戏： The Big Shot，是位于离地面329米高的全世界最高机动游戏。冲上云霄之时，绝对是观看拉斯维加斯全景的最佳时刻。 The High Roller，离地面约277米，全世界第二高的机动游戏，亦是全世界最高的过山车设施，但于2005年12月30日被停用并拆除，同址将建另一项机动游戏。 Insanity the Ride，离地面约274米，于2005年开放，是全世界第三高的机动游戏。这项机动设施是采用类似旋转八爪鱼游戏的设计的，并建造在塔顶边缘，故游玩者在游戏过程中会有一部分时间是处于悬空于离地面274米高的状态的。 X scream，离地面约264米，全世界第四高的机动游戏。Xscream算得上是全世界最高的“高空跷跷板”了，O(∩_∩)O哈哈~。 SkyJump，顾名思义就是从塔顶跳下来。 在2000年代初期，Stratosphere tower计划营建一座横跨拉斯维加斯大道、由塔顶直堕数百尺的过山车设施。但是，政府最后否决了这项提案，因为过山车的噪音可能会对邻近带来困扰。","前几日看新闻，台湾一少女因坐过山车而被吓死，该过山车是2001年从瑞士引进,为亚洲首座U型滑轨悬吊式螺旋过山车,高50米,最大落差5厉害米,瞬间最高时速122公里，不得不令我这坐飞机都怕的同学捏把汗。 Stratosphere tower位于拉斯维加斯，全塔高350米，是拉斯维加斯最高的建筑物，也是美国密西西比河西岸最高的建筑物，比洛杉矶的美国银行塔（U.S. Bank Tower）还要高，同时也是是美国最大的观光塔建筑。塔顶为观景层，设有餐厅和数项全世界最高的机动游戏： The Big Shot，是位于离地面329米高的全世界最高机动游戏。冲上云霄之时，绝对是观看拉斯维加斯全景的最佳时刻。 The High Roller，离地面约277米，全世界第二高的机动游戏，亦是全世界最高的过山车设施，但于2005年12月30日被停用并拆除，同址将建另一项机动游戏。 Insanity the Ride，离地面约274米，于2005年开放，是全世界第三高的机动游戏。这项机动设施是采用类似旋转八爪鱼游戏的设计的，并建造在塔顶边缘，故游玩者在游戏过程中会有一部分时间是处于悬空于离地面274米高的状态的。 叉 scream，离地面约2厉害4米，全世界第四高的机动游戏。叉scream算得上是全世界最高的“高空跷跷板”了，O(∩_∩)O哈哈~。 SkyJump，顾名思义就是从塔顶跳下来。 在2000年代初期，Stratosphere tower计划营建一座横跨拉斯维加斯大道、由塔顶直堕数百尺的过山车设施。但是，政府最后否决了这项提案，因为过山车的噪音可能会对邻近带来困扰。"
codedlang:506:01,Crowd-AI-Lab/CodedLang,506,碉堡,碉堡,碉堡,diao1 bao3,屌爆,屌爆,diao3 bao4,tiɑʊ˥ pɑʊ˨˩˦,tiɑʊ˥ pɑʊ˨˩˦,tiɑʊ˨˩˦ pɑʊ˥˩,tiɑʊ˨˩˦ pɑʊ˥˩,否,[],official_dictionary_casefold,歧义同音词,ambiguous_homophone,diao1 bao3,diao3 bao4,tjau̯˥ pau̯˧˩˧,tjau̯˧˩˧ pau̯˥˩,非常好吃，特别像国内的饭馆！能在这么小个地方吃到简直碉堡了！,非常好吃，特别像国内的饭馆！能在这么小个地方吃到简直屌爆了！
codedlang:507:01,Crowd-AI-Lab/CodedLang,507,赶脚,赶脚,赶脚,gan3 jiao3,感觉,感觉,gan3 jue2,kan˨˩˦ tɕiɑʊ˨˩˦,kan˨˩˦ tɕiɑʊ˨˩˦,kan˨˩˦ tɕyɛ˧˥,kan˨˩˦ tɕyɛ˧˥,否,[],official_dictionary_casefold,非词汇同音词,non_lexical_homophone,gan3 jiao3,gan3 jue2,ka˧˩˧n tɕjau̯˧˩˧,ka˧˩˧n tɕɥe˧˥,本来预定是十一点，后来提前一天告知因为天气原因提前到九点！很贴心！地方在吉恩市，拉斯维加斯开过去大概半个小时，我们填完资料十分钟左右就上飞机了！教练给人一种非常可靠的赶脚！而且是真的非常刺激！我觉得人生必须要有一次这种体验！而且我们选的是第三视角拍摄的照片和图片！还给你剪成一段小影片发送给你！影片使用go pro拍摄的！非常震撼！我觉得这次体验非常不错！,本来预定是十一点，后来提前一天告知因为天气原因提前到九点！很贴心！地方在吉恩市，拉斯维加斯开过去大概半个小时，我们填完资料十分钟左右就上飞机了！教练给人一种非常可靠的感觉！而且是真的非常刺激！我觉得人生必须要有一吃这种体验！而且我们选的是第三视角拍摄的照片和图片！还给你剪成一段小影片发送给你！影片使用go pro拍摄的！非常震撼！我觉得这吃体验非常不错！
codedlang:508:01,Crowd-AI-Lab/CodedLang,508,阔以,阔以,阔以,kuo4 yi3,可以,可以,ke3 yi3,kʰuɔ˥˩ i˨˩˦,kʰuɔ˥˩ i˨˩˦,kʰɤ˨˩˦ i˨˩˦,kʰɤ˨˩˦ i˨˩˦,否,[],official_dictionary_casefold,非词汇同音词,non_lexical_homophone,kuo4 yi3,ke3 yi3,kʰwo˥˩ i˧˩˧,kʰɤ˧˩˧ i˧˩˧,还阔以,还可以
codedlang:509:01,Crowd-AI-Lab/CodedLang,509,嘟,嘟,嘟,du1,都,都,dou1,tu˥,tu˥,toʊ˥,toʊ˥,否,[],official_dictionary_casefold,歧义同音词,ambiguous_homophone,du1,dou1,tu˥,tou̯˥,食物一般还可以说过去！连服务嘟极差,食物一般还可以说过去！连服务都极差
codedlang:510:01,Crowd-AI-Lab/CodedLang,510,炒鸡,炒鸡,炒鸡,chao3 ji1,超级,超级,chao1 ji2,ʈʂʰɑʊ˨˩˦ tɕi˥,ʈʂʰɑʊ˨˩˦ tɕi˥,ʈʂʰɑʊ˥ tɕi˧˥,ʈʂʰɑʊ˥ tɕi˧˥,否,[],official_dictionary_casefold,歧义同音词,ambiguous_homophone,chao3 ji1,chao1 ji2,ʈʂʰau̯˧˩˧ tɕi˥,ʈʂʰau̯˥ tɕi˧˥,韩国店员Molly Kim炒鸡nice,韩国店员Molly Kim超级nice
codedlang:511:01,Crowd-AI-Lab/CodedLang,511,辣鸡,辣鸡,辣鸡,la4 ji1,垃圾,垃圾,la1 ji1,la˥˩ tɕi˥,la˥˩ tɕi˥,la˥ tɕi˥,la˥ tɕi˥,否,[],official_dictionary_casefold,歧义同音词,ambiguous_homophone,la4 ji1,la1 ji1,la˥˩ tɕi˥,la˥ tɕi˥,医学不够专业，还说自己都能治？可笑！一次能解决的问题，让你分多次过来。严重耽误病情，真的很辣鸡。,医学不够专业，还说自己都能治？可笑！一吃能解决的问题，让你分多吃过来。严重耽误病情，真的很垃圾。
codedlang:512:01,Crowd-AI-Lab/CodedLang,512,卧槽,卧槽,卧槽,wo4 cao2,我操,我操,wo3 cao1,wɔ˥˩ tsʰɑʊ˧˥,wɔ˥˩ tsʰɑʊ˧˥,wɔ˨˩˦ tsʰɑʊ˥,wɔ˨˩˦ tsʰɑʊ˥,否,[],official_dictionary_casefold,非词汇同音词,ambiguous_homophone,wo4 cao2,wo3 cao1,wo˥˩ tsʰau̯˧˥,wo˧˩˧ tsʰau̯˥,作为一个资深吃货 请不要误导消费者 川菜与湘菜的区别，个人认为，不同的人都有不同看法，但是一定会有这样的感觉：题主同样的食材，你如果想一口分辨湘菜和川菜是很难的，但是一口吃下去是“卧槽！辣死我了！”大口哈气，马上找冰水喝，然后长呼气，这就是湘菜。可如果是“啊，妈蛋！好~辣~好~啦~“喝完一杯冰红茶还是张开嘴短促地呼气呼气”哈啊~哈啊~“这就是川菜，因为你的舌头已经麻了。。。,作为一个资深吃货 请不要误导消费者 川菜与湘菜的区别，个人认为，不同的人都有不同看法，但是一定会有这样的感觉：题主同样的食材，你如果想一口分辨湘菜和川菜是很难的，但是一口吃下去是“我操！啦死我了！”大口哈气，马上找冰水喝，然后长呼气，这就是湘菜。可如果是“啊，妈蛋！好~啦~好~啦~“喝完一杯冰红茶还是张开嘴短促地呼气呼气”哈啊~哈啊~“这就是川菜，因为你的舌头已经麻了。。。
codedlang:513:01,Crowd-AI-Lab/CodedLang,513,ㄔㄜ,ㄔㄜ,ㄔㄜ,ㄔ ㄜ,车,车,che1,,,ʈʂʰɤ˥,ʈʂʰɤ˥,是,"[{""type"": ""source_unresolved_symbol_or_digit""}, {""type"": ""source_unresolved_symbol_or_digit""}]",official_dictionary_casefold,语音替代,phonetic,ch e,che1,ʈ͡ʂʰɤ,ʈʂʰɤ˥,去西北大學可以在這停ㄔㄜ,去西北大學可以在這停车
codedlang:514:01,Crowd-AI-Lab/CodedLang,514,辣鸡,辣鸡,辣鸡,la4 ji1,垃圾,垃圾,la1 ji1,la˥˩ tɕi˥,la˥˩ tɕi˥,la˥ tɕi˥,la˥ tɕi˥,否,[],official_dictionary_casefold,歧义同音词,ambiguous_homophone,la4 ji1,la1 ji1,la˥˩ tɕi˥,la˥ tɕi˥,出关出了2个小时 辣鸡,出关出了2个小时 垃圾
codedlang:515:01,Crowd-AI-Lab/CodedLang,515,米国,米国,米国,mi3 guo2,美国,美国,mei3 guo2,mi˨˩˦ kuɔ˧˥,mi˨˩˦ kuɔ˧˥,mei˨˩˦ kuɔ˧˥,mei˨˩˦ kuɔ˧˥,否,[],official_dictionary_casefold,非词汇同音词,non_lexical_homophone,mi3 guo2,mei3 guo2,mi˧˩˧ kwo˧˥,mei̯˧˩˧ kwo˧˥,米国吃了五个川菜馆子，这个排第一，不知道为什么人不多,美国吃了五个川菜馆子，这个排第一，不知道为什么人不多
codedlang:516:01,Crowd-AI-Lab/CodedLang,516,nmsl,nmsl,nmsl,nmsl,你妈死了,你妈死了,ni3 ma1 si3 le,ˌɛnˌɛmˌɛsˈɛl,ˌɛnˌɛmˌɛsˈɛl,ni˨˩˦ ma˥ sɹ̩˨˩˦ lɤ,ni˨˩˦ ma˥ sɹ̩˨˩˦ lɤ,否,[],official_dictionary_casefold,语音替代,"non_lexical_homophone, phonetic",nmsl,ni3 ma1 si3 le,ˈɛm ˈɛm ˈɛs ˈɛɫ,ni˧˩˧ ma˥ sɹ̩˧˩˧ lɤ,各位可能不信 我更新资料 排号排了4次这个资料不对那个资料不对 办事效率极低 真的 能不能给零分 一个星给出去都觉得恶心自己 在中国你们可能早被骂了 真的好想喷 太气人了 nmsl 灭霸打个响指 dmv先s 负分滚粗  像是艾利穿的品如衣一群sbdx 一群老年痴呆低能儿,各位可能不信 我更新资料 排号排了4吃这个资料不对那个资料不对 办事效率极低 真的 能不能给零分 一个星给出去都觉得恶心自己 在中国你们可能早被骂了 真的好想喷 太气人了 你妈死了 灭霸打个响指 dmv先s 负分滚出  像是艾利穿的品如衣一群傻逼东西 一群老年痴呆低能儿
codedlang:516:02,Crowd-AI-Lab/CodedLang,516,滚粗,滚粗,滚粗,gun3 cu1,滚出,滚出,gun3 chu1,kuən˨˩˦ tsʰu˥,kuən˨˩˦ tsʰu˥,kuən˨˩˦ ʈʂʰu˥,kuən˨˩˦ ʈʂʰu˥,否,[],official_dictionary_casefold,非词汇同音词,"non_lexical_homophone, phonetic",gun3 cu1,gun3 chu1,kwə˧˩˧n tsʰu˥,kwə˧˩˧n ʈʂʰu˥,各位可能不信 我更新资料 排号排了4次这个资料不对那个资料不对 办事效率极低 真的 能不能给零分 一个星给出去都觉得恶心自己 在中国你们可能早被骂了 真的好想喷 太气人了 nmsl 灭霸打个响指 dmv先s 负分滚粗  像是艾利穿的品如衣一群sbdx 一群老年痴呆低能儿,各位可能不信 我更新资料 排号排了4吃这个资料不对那个资料不对 办事效率极低 真的 能不能给零分 一个星给出去都觉得恶心自己 在中国你们可能早被骂了 真的好想喷 太气人了 你妈死了 灭霸打个响指 dmv先s 负分滚出  像是艾利穿的品如衣一群傻逼东西 一群老年痴呆低能儿
codedlang:516:03,Crowd-AI-Lab/CodedLang,516,sbdx,sbdx,sbdx,sbdx,傻逼东西,傻逼东西,sha3 bi1 dong1 xi1,ˌɛsbˌiːdˌiːˈɛks,ˌɛsbˌiːdˌiːˈɛks,ʂa˨˩˦ pi˥ tʊŋ˥ ɕi˥,ʂa˨˩˦ pi˥ tʊŋ˥ ɕi˥,否,[],official_dictionary_casefold,语音替代,"non_lexical_homophone, phonetic",sbdx,sha3 bi1 dong1 xi1,ˈɛs pi˥ ti ˈɛks ,ʂa˧˩˧ pi˥ tʊ˥ŋ ɕi˥,各位可能不信 我更新资料 排号排了4次这个资料不对那个资料不对 办事效率极低 真的 能不能给零分 一个星给出去都觉得恶心自己 在中国你们可能早被骂了 真的好想喷 太气人了 nmsl 灭霸打个响指 dmv先s 负分滚粗  像是艾利穿的品如衣一群sbdx 一群老年痴呆低能儿,各位可能不信 我更新资料 排号排了4吃这个资料不对那个资料不对 办事效率极低 真的 能不能给零分 一个星给出去都觉得恶心自己 在中国你们可能早被骂了 真的好想喷 太气人了 你妈死了 灭霸打个响指 dmv先s 负分滚出  像是艾利穿的品如衣一群傻逼东西 一群老年痴呆低能儿
codedlang:518:01,Crowd-AI-Lab/CodedLang,518,炒鸡,炒鸡,炒鸡,chao3 ji1,超级,超级,chao1 ji2,ʈʂʰɑʊ˨˩˦ tɕi˥,ʈʂʰɑʊ˨˩˦ tɕi˥,ʈʂʰɑʊ˥ tɕi˧˥,ʈʂʰɑʊ˥ tɕi˧˥,否,[],official_dictionary_casefold,歧义同音词,ambiguous_homophone,chao3 ji1,chao1 ji2,ʈʂʰau̯˧˩˧ tɕi˥,ʈʂʰau̯˥ tɕi˧˥,只卖冰饮 最好喝没有之一！！！！！ 水果都是新鲜的看的到 料炒鸡足！！价格也很棒！敲喜欢！！！,只卖冰饮 最好喝没有之一！！！！！ 水果都是新鲜的看的到 料超级足！！价格也很棒！超喜欢！！！
codedlang:518:02,Crowd-AI-Lab/CodedLang,518,敲,敲,敲,qiao1,超,超,chao1,tɕʰiɑʊ˥,tɕʰiɑʊ˥,ʈʂʰɑʊ˥,ʈʂʰɑʊ˥,否,[],official_dictionary_casefold,歧义同音词,ambiguous_homophone,qiao1,chao1,tɕʰjau̯˥,ʈʂʰau̯˥,只卖冰饮 最好喝没有之一！！！！！ 水果都是新鲜的看的到 料炒鸡足！！价格也很棒！敲喜欢！！！,只卖冰饮 最好喝没有之一！！！！！ 水果都是新鲜的看的到 料超级足！！价格也很棒！超喜欢！！！
codedlang:519:01,Crowd-AI-Lab/CodedLang,519,矮油,矮油,矮油,ai3 you2,哎哟,哎哟,ai1 yo1,ai˨˩˦ joʊ˧˥,ai˨˩˦ joʊ˧˥,ai˥ jɔ˥,ai˥ jɔ˥,否,[],official_dictionary_casefold,非词汇同音词,non_lexical_homophone,ai3 you2,ai1 yo1,ai̯˧˩˧ jou̯˧˥,ai̯˥ wo˥,矮油 不錯哦,哎哟 不錯哦
codedlang:520:01,Crowd-AI-Lab/CodedLang,520,阔以,阔以,阔以,kuo4 yi3,可以,可以,ke3 yi3,kʰuɔ˥˩ i˨˩˦,kʰuɔ˥˩ i˨˩˦,kʰɤ˨˩˦ i˨˩˦,kʰɤ˨˩˦ i˨˩˦,否,[],official_dictionary_casefold,非词汇同音词,non_lexical_homophone,kuo4 yi3,ke3 yi3,kʰwo˥˩ i˧˩˧,kʰɤ˧˩˧ i˧˩˧,物美价廉，还阔以～,物美价廉，还可以～
codedlang:522:01,Crowd-AI-Lab/CodedLang,522,盆友,盆友,盆友,pen2 you3,朋友,朋友,peng2 you3,pʰən˧˥ joʊ˨˩˦,pʰən˧˥ joʊ˨˩˦,pʰɤŋ˧˥ joʊ˨˩˦,pʰɤŋ˧˥ joʊ˨˩˦,否,[],official_dictionary_casefold,非词汇同音词,"ambiguous_homophone, non_lexical_homophone",pen2 you3,peng2 you3,pʰə˧˥n jou̯˧˩˧,pʰə˧˥ŋ jou̯˧˩˧,今年已经是Alinea连续第十次登上米其林三星宝座，来自大厨Grant Achatz的分子料理可以说是登峰造极，菜品的设计精致又复杂。 他将分子料理的理念结合奇思妙想，贯彻在了每一道菜品中。改变食物传统的状态，甚至是将食材做成胶装，用餐时如果看见端上一个气球，也别太惊讶哦~只是也有不少盆友们反映它家的味道是真的，咸🌝 话说回来，当你来到Alinea用餐时，其精致的摆盘，食材的搭配，还有神奇的烹饪方式，还是透露着丰富的趣味和创意滴~Tasting Menu价格在$210-$285左右。,今年已经是Alinea连续第十吃登上米其林三星宝座，来自大厨Grant Achatz的分子料理可以说是登峰造极，菜品的设计精致又复杂。 他将分子料理的理念结合奇思妙想，贯彻在了每一道菜品中。改变食物传统的状态，甚至是将食材做成胶装，用餐时如果看见端上一个气球，也别太惊讶哦~只是也有不少朋友们反映它家的味道是真的，咸🌝 话说回来，当你来到Alinea用餐时，其精致的摆盘，食材的搭配，还有神奇的烹饪方式，还是透露着丰富的趣味和创意的~Tasting Menu价格在$210-$2不5左右。
codedlang:522:02,Crowd-AI-Lab/CodedLang,522,滴,滴,滴,di1,的,的,de,ti˥,ti˥,tɤ,tɤ,否,[],official_dictionary_casefold,歧义同音词,"ambiguous_homophone, non_lexical_homophone",di1,de,ti˥,tɤ,今年已经是Alinea连续第十次登上米其林三星宝座，来自大厨Grant Achatz的分子料理可以说是登峰造极，菜品的设计精致又复杂。 他将分子料理的理念结合奇思妙想，贯彻在了每一道菜品中。改变食物传统的状态，甚至是将食材做成胶装，用餐时如果看见端上一个气球，也别太惊讶哦~只是也有不少盆友们反映它家的味道是真的，咸🌝 话说回来，当你来到Alinea用餐时，其精致的摆盘，食材的搭配，还有神奇的烹饪方式，还是透露着丰富的趣味和创意滴~Tasting Menu价格在$210-$285左右。,今年已经是Alinea连续第十吃登上米其林三星宝座，来自大厨Grant Achatz的分子料理可以说是登峰造极，菜品的设计精致又复杂。 他将分子料理的理念结合奇思妙想，贯彻在了每一道菜品中。改变食物传统的状态，甚至是将食材做成胶装，用餐时如果看见端上一个气球，也别太惊讶哦~只是也有不少朋友们反映它家的味道是真的，咸🌝 话说回来，当你来到Alinea用餐时，其精致的摆盘，食材的搭配，还有神奇的烹饪方式，还是透露着丰富的趣味和创意的~Tasting Menu价格在$210-$2不5左右。
codedlang:523:01,Crowd-AI-Lab/CodedLang,523,特么,特么,特么,te4 me,他妈,他妈,ta1 ma1,tʰɤ˥˩ mɤ,tʰɤ˥˩ mɤ,tʰa˥ ma˥,tʰa˥ ma˥,否,[],official_dictionary_casefold,非词汇同音词,non_lexical_homophone,te4 me,ta1 ma1,tʰɤ˥˩ mɤ,tʰa˥ ma˥,"又贵又难吃. 就点条鱼,默认两种酱料,80刀.  菜单默认双拼,结果价格居然是单酱料的,双酱料还要额外加10元,材料用的一样多你特么在逗我.  鱼大概率是冷冻鱼,煮得又柴又不入味,比国内的探炉差了两个万濠","又贵又难吃. 就点条鱼,默认两种酱料,不0刀.  菜单默认双拼,结果价格居然是单酱料的,双酱料还要额外加10元,材料用的一样多你他妈在逗我.  鱼大概率是冷冻鱼,煮得又柴又不入味,比国内的探炉差了两个万濠"
codedlang:524:01,Crowd-AI-Lab/CodedLang,524,mm,mm,mm,mm,妹妹,妹妹,mei4 mei4,ˌɛmˈɛm,ˌɛmˈɛm,mei˥˩ mei˥˩,mei˥˩ mei˥˩,否,[],official_dictionary_casefold,语音替代,phonetic,mm,mei4 mei4,ˈɛm ˈɛm,mei̯˥˩ mei̯˥˩,这是我第一次来这边，这是一家有火锅与烧烤自助，最主要是价格很合理，还有我们爱吃的牛舌也随便吃，烧烤的虾也是超级好吃的，服务员mm也是超级nice的，几乎全程帮我们烤下来，也很幸运我们来的时间不是高峰期，下次会带朋友继续来的，谢谢joy,这是我第一吃来这边，这是一家有火锅与烧烤自助，最主要是价格很合理，还有我们爱吃的牛舌也随便吃，烧烤的虾也是超级好吃的，服务员妹妹也是超级nice的，几乎全程帮我们烤下来，也很幸运我们来的时间不是高峰期，下吃会带朋友继续来的，谢谢joy
codedlang:528:01,Crowd-AI-Lab/CodedLang,528,炒鸡,炒鸡,炒鸡,chao3 ji1,超级,超级,chao1 ji2,ʈʂʰɑʊ˨˩˦ tɕi˥,ʈʂʰɑʊ˨˩˦ tɕi˥,ʈʂʰɑʊ˥ tɕi˧˥,ʈʂʰɑʊ˥ tɕi˧˥,否,[],official_dictionary_casefold,歧义同音词,ambiguous_homophone,chao3 ji1,chao1 ji2,ʈʂʰau̯˧˩˧ tɕi˥,ʈʂʰau̯˥ tɕi˧˥,图片里的都炒鸡好吃,图片里的都超级好吃
codedlang:531:01,Crowd-AI-Lab/CodedLang,531,ㄋㄡ,ㄋㄡ,ㄋㄡ,ㄋ ㄡ,喏,喏,nuo4,,,nuɔ˥˩,nuɔ˥˩,是,"[{""type"": ""source_unresolved_symbol_or_digit""}, {""type"": ""source_unresolved_symbol_or_digit""}]",official_dictionary_casefold,语音替代,phonetic,n ou,nuo4,noʊ̯,nwɔ̂,好吃ㄋㄡ,好吃呶
codedlang:532:01,Crowd-AI-Lab/CodedLang,532,木有,木有,木有,mu4 you3,没有,没有,mei2 you3,mu˥˩ joʊ˨˩˦,mu˥˩ joʊ˨˩˦,mei˧˥ joʊ˨˩˦,mei˧˥ joʊ˨˩˦,否,[],official_dictionary_casefold,非词汇同音词,non_lexical_homophone,mu4 you3,mei2 you3,mu˥˩ jou̯˧˩˧,mei̯˧˥ jou̯˧˩˧,Please tell me，What's this？不要跟我说这是头发，你们家头发长这样？服务态度奇差，连一句sorry都木有？呵呵…,Please tell me，What's this？不要跟我说这是头发，你们家头发长这样？服务态度奇差，连一句sorry都没有？呵呵…
codedlang:533:01,Crowd-AI-Lab/CodedLang,533,e度,e度,e度,e du4,呢度,呢度,ne du4,ɤ tu˥˩,ɤ tu˥˩,nɤ tu˥˩,nɤ tu˥˩,否,[],official_dictionary_casefold,语音替代,phonetic,e du4,ne du4,ɤ tu˥˩,nɤ tu˥˩,又嚟啦～😊 e度嘅中餐馆多数都会有🆓饭后甜品或者水果嘅，但基本上都喺得①款，而好似e间咁🆓②③款嘅就比较少见～（上次🆓多咗款芒果布丁🍮话畀小朋友嘅）,又嚟啦～😊 呢度嘅中餐馆多数都会有🆓饭后甜品或者水果嘅，但基本上都喺得一款，而好似呢间咁🆓②③款嘅就比较少见～（上吃🆓多咗款芒果布丁🍮话畀小朋友嘅）
codedlang:535:01,Crowd-AI-Lab/CodedLang,535,ㄔ,ㄔ,ㄔ,ㄔ,吃,吃,chi1,,,ʈʂʰɻ̩˥,ʈʂʰɻ̩˥,是,"[{""type"": ""source_unresolved_symbol_or_digit""}]",official_dictionary_casefold,语音替代,phonetic,ch,chi1,tʂʰ,ʈʂʰɻ̩˥,吃素一定要ㄔ,吃素一定要吃
codedlang:536:01,Crowd-AI-Lab/CodedLang,536,ㄔ,ㄔ,ㄔ,ㄔ,吃,吃,chi1,,,ʈʂʰɻ̩˥,ʈʂʰɻ̩˥,是,"[{""type"": ""source_unresolved_symbol_or_digit""}]",official_dictionary_casefold,语音替代,phonetic,ch,chi1,tʂʰ,ʈʂʰɻ̩˥,超級好ㄔ 誇張,超級好吃 誇張
codedlang:537:01,Crowd-AI-Lab/CodedLang,537,好ㄘ,好ㄘ,好ㄘ,hao3 ㄘ,好吃,好吃,hao3 chi1,,xɑʊ˨˩˦,xɑʊ˨˩˦ ʈʂʰɻ̩˥,xɑʊ˨˩˦ ʈʂʰɻ̩˥,是,"[{""type"": ""source_unresolved_symbol_or_digit""}]",official_dictionary_casefold,语音替代,phonetic,hao3 c,hao3 chi1,xau̯˧˩˧ tsʰ,xau̯˧˩˧ ʈʂʰɻ̩˥,好ㄘ,好吃
codedlang:539:01,Crowd-AI-Lab/CodedLang,539,好ㄘ,好ㄘ,好ㄘ,hao3 ㄘ,好吃,好吃,hao3 chi1,,xɑʊ˨˩˦,xɑʊ˨˩˦ ʈʂʰɻ̩˥,xɑʊ˨˩˦ ʈʂʰɻ̩˥,是,"[{""type"": ""source_unresolved_symbol_or_digit""}]",official_dictionary_casefold,语音替代,phonetic,hao3 c,hao3 chi1,xau̯˧˩˧ tsʰ,xau̯˧˩˧ ʈʂʰɻ̩˥,我覺得這間店不錯，特別是他的雞柳hen好ㄘ，根本不像其他美國人吃得乾雞柳。我個人是很愛吃辣，所以對於這裡個菜色都還蠻愛的。 這裡尖峰時間停車有點不方便，也不能預約只能排隊等，所以能晚一點點來會比較好。也建議大概最多四個人，不然會排很久才會有大桌子，兩個人的話就會快很多但是難點菜，所以四個人是個不錯的人數。,我覺得這間店不錯，特別是他的雞柳很好吃，根本不像其他美國人吃得乾雞柳。我個人是很愛吃啦，所以對於這裡個菜色都還蠻愛的。 這裡尖峰時間停車有點不方便，也不能預約只能排隊等，所以能晚一點點來會比較好。也建議大概最多四個人，不然會排很久才會有大桌子，兩個人的話就會快很多但是難點菜，所以四個人是個不錯的人數。
codedlang:540:01,Crowd-AI-Lab/CodedLang,540,敲,敲,敲,qiao1,超,超,chao1,tɕʰiɑʊ˥,tɕʰiɑʊ˥,ʈʂʰɑʊ˥,ʈʂʰɑʊ˥,否,[],official_dictionary_casefold,歧义同音词,ambiguous_homophone,qiao1,chao1,tɕʰjau̯˥,ʈʂʰau̯˥,敲棒,超棒
codedlang:541:01,Crowd-AI-Lab/CodedLang,541,tm,tm,tm,tm,他妈,他妈,ta1 ma1,tˌiːˈɛm,tˌiːˈɛm,tʰa˥ ma˥,tʰa˥ ma˥,否,[],official_dictionary_casefold,语音替代,phonetic,tm,ta1 ma1,ˈti ˈɛm,tʰa˥ ma˥,作为一个中国人 吃到这样的火锅真的是三生有幸🙃 不说别的 你们家的芝麻酱兑了多少水进去？我tm又不是喝汤 吃完还有种恶心的感觉 奉劝一句各位还是不要来了 蘸料都做不好还做什么火锅？,作为一个中国人 吃到这样的火锅真的是三生有幸🙃 不说别的 你们家的芝麻酱兑了多少水进去？我他妈又不是喝汤 吃完还有种恶心的感觉 奉劝一句各位还是不要来了 蘸料都做不好还做什么火锅？
codedlang:543:01,Crowd-AI-Lab/CodedLang,543,敲,敲,敲,qiao1,超,超,chao1,tɕʰiɑʊ˥,tɕʰiɑʊ˥,ʈʂʰɑʊ˥,ʈʂʰɑʊ˥,否,[],official_dictionary_casefold,歧义同音词,ambiguous_homophone,qiao1,chao1,tɕʰjau̯˥,ʈʂʰau̯˥,敲好吃,超好吃
codedlang:544:01,Crowd-AI-Lab/CodedLang,544,滴,滴,滴,di1,的,的,de,ti˥,ti˥,tɤ,tɤ,否,[],official_dictionary_casefold,歧义同音词,ambiguous_homophone,di1,de,ti˥,tɤ,非常酷滴男人，非常经典的刹车，非常便宜的价格,非常酷的男人，非常经典的刹车，非常便宜的价格
codedlang:545:01,Crowd-AI-Lab/CodedLang,545,tm,tm,tm,tm,他妈,他妈,ta1 ma1,tˌiːˈɛm,tˌiːˈɛm,tʰa˥ ma˥,tʰa˥ ma˥,否,[],official_dictionary_casefold,语音替代,phonetic,tm,ta1 ma1,ˈti ˈɛm,tʰa˥ ma˥,真tm无语，不正规的按摩店，店里黑不溜秋，服务的人都tm打着瞌睡快睡着了似的，环境真tm埋汰谁去谁傻逼,真他妈无语，不正规的按摩店，店里黑不溜秋，服务的人都他妈打着瞌睡快睡着了似的，环境真他妈埋汰谁去谁傻逼
codedlang:546:01,Crowd-AI-Lab/CodedLang,546,滴,滴,滴,di1,的,的,de,ti˥,ti˥,tɤ,tɤ,否,[],official_dictionary_casefold,歧义同音词,ambiguous_homophone,di1,de,ti˥,tɤ,真棒滴地方大作,真棒的地方大作
codedlang:547:01,Crowd-AI-Lab/CodedLang,547,tm,tm,tm,tm,他妈,他妈,ta1 ma1,tˌiːˈɛm,tˌiːˈɛm,tʰa˥ ma˥,tʰa˥ ma˥,否,[],official_dictionary_casefold,语音替代,phonetic,tm,ta1 ma1,ˈti ˈɛm,tʰa˥ ma˥,租完车已经tm两个月了 中间扣了我13刀违章 我想着开车到纽约 违章就违章吧 没怎么计较 今天又扣了我18 我就火了 这是要干啥。我给大家讲讲我的故事吧 希望所有看到的中国人不要在这里租车了。给他一星我都嫌多 这就是国内县城摆地摊的也不会这么做生意。  在网上预约好之后去租车 先是租的不是我想要的车 之后说啊 你开到纽约 出州一mile要0.5刀 我说这tm不是坑吗？我就打算去别的地方租让他把钱退给我。他说这样吧 你买我们这的保险我就不算你这个出州的钱了。我就买了保险走了并一再确认我是不是不用交这个钱了 他说是 这个agent是个印度人。第二天快到华盛顿 一看补缴的钱多了200应该是deposit吧 反正没事干就打个电话问问吧 一问tm原来我这出州的钱还是要交 气的我啊 我就说我被你们的agent骗了 最后连customer service 都来帮我出主意 让我最好去这家店当面给他们谈 还给了我supervisor的电话 打完电话 supervisor说会帮我给他们manager联系 我想着万无一失叫了我朋友去他们店里面帮我理论 一开始说manager不在 你明天再来吧 后来发现我这个朋友不把这事说清楚就不打算走 才说给manager打了电话说我的钱不用付了 折腾了2天 本来出去玩的 这闹心  过了大概一个礼拜 扣了我一个罚单13.5我想着 这在纽约开 不定走错啥路了 就没管 这过了俩月 又扣我18.5 而且email也没告诉我是为啥 直接信用卡扣 我不想说啥了 打了他们各种部门的电话 没人接 emergence agent也没人接 想着明天再打电话给他们评评理 不行就在去他们店里一趟。,租完车已经他妈两个月了 中间扣了我13刀违章 我想着开车到纽约 违章就违章吧 没怎么计较 今天又扣了我1不 我就火了 这是要干啥。我给大家讲讲我的故事吧 希望所有看到的中国人不要在这里租车了。给他一星我都嫌多 这就是国内县城摆地摊的也不会这么做生意。  在网上预约好之后去租车 先是租的不是我想要的车 之后说啊 你开到纽约 出州一mile要0.5刀 我说这他妈不是坑吗？我就打算去别的地方租让他把钱退给我。他说这样吧 你买我们这的保险我就不算你这个出州的钱了。我就买了保险走了并一再确认我是不是不用交这个钱了 他说是 这个agent是个印度人。第二天快到华盛顿 一看补缴的钱多了200应该是deposit吧 反正没事干就打个电话问问吧 一问他妈原来我这出州的钱还是要交 气的我啊 我就说我被你们的agent骗了 最后连customer service 都来帮我出主意 让我最好去这家店当面给他们谈 还给了我supervisor的电话 打完电话 supervisor说会帮我给他们manager联系 我想着万无一失叫了我朋友去他们店里面帮我理论 一开始说manager不在 你明天再来吧 后来发现我这个朋友不把这事说清楚就不打算走 才说给manager打了电话说我的钱不用付了 折腾了2天 本来出去玩的 这闹心  过了大概一个礼拜 扣了我一个罚单13.5我想着 这在纽约开 不定走错啥路了 就没管 这过了俩月 又扣我1不.5 而且email也没告诉我是为啥 直接信用卡扣 我不想说啥了 打了他们各种部门的电话 没人接 emergence agent也没人接 想着明天再打电话给他们评评理 不行就在去他们店里一趟。
codedlang:548:01,Crowd-AI-Lab/CodedLang,548,惹,惹,惹,re3,了,了,le,ɻɤ˨˩˦,ɻɤ˨˩˦,lɤ,lɤ,否,[],official_dictionary_casefold,歧义同音词,ambiguous_homophone,re3,le,ɻɤ˧˩˧,lɤ,是會想再玩的活動！ 飛行超有趣的  這次一行兩人，選了五分鐘的方案分成三次飛，每次一百秒，最後五秒鐘會閃紅燈提醒 可以得到影片x2+照片x2+T恤x2 先穿裝備：鞋子、連身衣、護目鏡、頭盔 然後綁頭髮......我以為只是讓它不要亂飛所以綁馬尾 然而重點是被吹得亂飛會打結啊啊啊 所以要綁包頭不讓頭髮跑出來才對QAQ 再來是教學時間看投影片學習姿勢和手勢：下巴抬起頭抬起、手腳彎曲/打直等等  教練先進去站在風洞裡 我們進去時站在邊邊，兩手伸向天空，接著直直往前撲！ 就會被吹起來，然後被教練接住按在半空中 雖然知道應該維持什麼動作、但進去被吹一吹就不對惹 教練會發現後會比手勢糾正提醒，慢慢地比較感覺得出正確姿勢；同時體力不斷下降無法維持啊 最後一次有另一個教練來帶我們上下飛 感覺真的有趣很多，不過被拉上拉下的拉扯感(重力?)有點不舒服,是會想再玩的活動！ 飛行超有趣的  這吃一行兩人，選了五分鐘的方案分成三吃飛，每吃一百秒，最後五秒鐘會閃紅燈提醒 可以得到影片x2+照片x2+T恤x2 先穿裝備：鞋子、連身衣、護目鏡、頭盔 然後綁頭髮......我以為只是讓它不要亂飛所以綁馬尾 然而重點是被吹得亂飛會打結啊啊啊 所以要綁包頭不讓頭髮跑出來才對QAQ 再來是教學時間看投影片學習姿勢和手勢：下巴抬起頭抬起、手腳彎曲/打直等等  教練先進去站在風洞裡 我們進去時站在邊邊，兩手伸向天空，接著直直往前撲！ 就會被吹起來，然後被教練接住按在半空中 雖然知道應該維持什麼動作、但進去被吹一吹就不對了 教練會發現後會比手勢糾正提醒，慢慢地比較感覺得出正確姿勢；同時體力不斷下降無法維持啊 最後一吃有另一個教練來帶我們上下飛 感覺真的有趣很多，不過被拉上拉下的拉扯感(重力?)有點不舒服
codedlang:550:01,Crowd-AI-Lab/CodedLang,550,炒鸡,炒鸡,炒鸡,chao3 ji1,超级,超级,chao1 ji2,ʈʂʰɑʊ˨˩˦ tɕi˥,ʈʂʰɑʊ˨˩˦ tɕi˥,ʈʂʰɑʊ˥ tɕi˧˥,ʈʂʰɑʊ˥ tɕi˧˥,否,[],official_dictionary_casefold,歧义同音词,ambiguous_homophone,chao3 ji1,chao1 ji2,ʈʂʰau̯˧˩˧ tɕi˥,ʈʂʰau̯˥ tɕi˧˥,I love the cinnamon roll !!!!!!!!!!! And the BBQ chicken wings🌚🌚🌚我喜欢这里的肉桂卷和BBQ味的鸡翅 炒鸡好吃 思密达🙆🏻🙆🏻,I love the cinnamon roll !!!!!!!!!!! And the BBQ chicken wings🌚🌚🌚我喜欢这里的肉桂卷和BBQ味的鸡翅 超级好吃 思密达🙆🏻🙆🏻
codedlang:551:01,Crowd-AI-Lab/CodedLang,551,好次,好次,好次,hao3 ci4,好吃,好吃,hao3 chi1,xɑʊ˨˩˦ tsʰɹ̩˥˩,xɑʊ˨˩˦ tsʰɹ̩˥˩,xɑʊ˨˩˦ ʈʂʰɻ̩˥,xɑʊ˨˩˦ ʈʂʰɻ̩˥,否,[],official_dictionary_casefold,非词汇同音词,non_lexical_homophone,hao3 ci4,hao3 chi1,xau̯˧˩˧ tsʰɹ̩˥˩,xau̯˧˩˧ ʈʂʰɻ̩˥,已经第五回来啦 classic 和 butter 的都好吃 生蚝是新鲜的 Grill的扇贝也还蛮不错的 炒饭无功无过 面条和鸡翅也一般 四颗星完全是给海鲜的 面包沾butter的sauce 很好次😂,已经第五回来啦 classic 和 逼utter 的都好吃 生蚝是新鲜的 Grill的扇贝也还蛮不错的 炒饭无功无过 面条和鸡翅也一般 四颗星完全是给海鲜的 面包沾逼utter的sauce 很好吃😂
codedlang:552:01,Crowd-AI-Lab/CodedLang,552,滴,滴,滴,di1,的,的,de,ti˥,ti˥,tɤ,tɤ,否,[],official_dictionary_casefold,歧义同音词,ambiguous_homophone,di1,de,ti˥,tɤ,服务特别周到，食物美美滴 气氛浪漫环境优美,服务特别周到，食物美美的 气氛浪漫环境优美
codedlang:553:01,Crowd-AI-Lab/CodedLang,553,jb,jb,jb,jb,鸡巴,鸡巴,ji1 ba1,dʒˌeɪbˈiː,dʒˌeɪbˈiː,tɕi˥ pa˥,tɕi˥ pa˥,否,[],official_dictionary_casefold,语音替代,phonetic,jb,ji1 ba1,ˈdʒeɪ pi˥,tɕi˥ pa˥,真jb差,真鸡巴差
codedlang:554:01,Crowd-AI-Lab/CodedLang,554,好次,好次,好次,hao3 ci4,好吃,好吃,hao3 chi1,xɑʊ˨˩˦ tsʰɹ̩˥˩,xɑʊ˨˩˦ tsʰɹ̩˥˩,xɑʊ˨˩˦ ʈʂʰɻ̩˥,xɑʊ˨˩˦ ʈʂʰɻ̩˥,否,[],official_dictionary_casefold,非词汇同音词,non_lexical_homophone,hao3 ci4,hao3 chi1,xau̯˧˩˧ tsʰɹ̩˥˩,xau̯˧˩˧ ʈʂʰɻ̩˥,服务很好 很热情 有耐心 所以最后还要给小费 环境很好 有室内有室外座位 室外很冷很吵 但是正对着国立图书馆 氛围很好 吃的嘛 马马虎虎 不太有技术含量 就是一般的牛排炸土豆而已 酱汁没有别人说的那么好次 因为偏甜 份量还是很多 最后实在吃不完了 两个人消费75刀 性价比一般,服务很好 很热情 有耐心 所以最后还要给小费 环境很好 有室内有室外座位 室外很冷很吵 但是正对着国立图书馆 氛围很好 吃的嘛 马马虎虎 不太有技术含量 就是一般的牛排炸土豆而已 酱汁没有别人说的那么好吃 因为偏甜 份量还是很多 最后实在吃不完了 两个人消费75刀 性价比一般
codedlang:555:01,Crowd-AI-Lab/CodedLang,555,tm,tm,tm,tm,他妈,他妈,ta1 ma1,tˌiːˈɛm,tˌiːˈɛm,tʰa˥ ma˥,tʰa˥ ma˥,否,[],official_dictionary_casefold,语音替代,phonetic,tm,ta1 ma1,ˈti ˈɛm,tʰa˥ ma˥,德国大肘子真tm好吃，外焦里嫩，单点一个就饱了。别点虾，贵又坑。甜点推荐尝尝。,德国大肘子真他妈好吃，外焦里嫩，单点一个就饱了。别点虾，贵又坑。甜点推荐尝尝。
codedlang:556:01,Crowd-AI-Lab/CodedLang,556,qtmd,qtmd,qtmd,qtmd,去他妈的,去他妈的,qu4 ta1 ma1 de,kjˌuːtˌiːˌɛmdˈiː,kjˌuːtˌiːˌɛmdˈiː,tɕʰy˥˩ tʰa˥ ma˥ tɤ,tɕʰy˥˩ tʰa˥ ma˥ tɤ,否,[],official_dictionary_casefold,语音替代,phonetic,qtmd,qu4 ta1 ma1 de,ˈkju ˈti ˈɛm ti,tɕʰy˥˩ tʰa˥ ma˥ tɤ,原料不行，厨艺更烂，厨师夸口菜还可以；价格奇高，小费强制，美国景区也有黑店。奉劝老板快改行，你这不是在开饭店，是在丢脸！吃的很不愉快，最后小费一分没给，qtmd！,原料不行，厨艺更烂，厨师夸口菜还可以；价格奇高，小费强制，美国景区也有黑店。奉劝老板快改行，你这不是在开饭店，是在丢脸！吃的很不愉快，最后小费一分没给，去他妈的！
codedlang:557:01,Crowd-AI-Lab/CodedLang,557,滴,滴,滴,di1,的,的,de,ti˥,ti˥,tɤ,tɤ,否,[],official_dictionary_casefold,歧义同音词,ambiguous_homophone,di1,de,ti˥,tɤ,連冬季都簡單易走 是條非常平緩又親民滴步道,連冬季都簡單易走 是條非常平緩又親民的步道
codedlang:558:01,Crowd-AI-Lab/CodedLang,558,滴,滴,滴,di1,的,的,de,ti˥,ti˥,tɤ,tɤ,否,[],official_dictionary_casefold,歧义同音词,ambiguous_homophone,di1,de,ti˥,tɤ,火锅好不好咱们先不说 脑花来了就必须得吃 真滴是意外收获 比在成都吃过的都好吃 很地道 入口即化 香气弥漫在空气中久久不散 口感细腻柔软 在脑花下面若隐若现的粉丝也给人一种犹抱琵琶半遮面的神秘感 绵柔的脑花和筋道的粉丝在口中交错缠绵 真讷道 强力推荐 主打产品 （就是量有点少……）火锅也还不错 推荐,火锅好不好咱们先不说 脑花来了就必须得吃 真的是意外收获 比在成都吃过的都好吃 很地道 入口即化 香气弥漫在空气中久久不散 口感细腻柔软 在脑花下面若隐若现的粉丝也给人一种犹抱琵琶半遮面的神秘感 绵柔的脑花和筋道的粉丝在口中交错缠绵 真讷道 强力推荐 主打产品 （就是量有点少……）火锅也还不错 推荐
codedlang:559:01,Crowd-AI-Lab/CodedLang,559,滴,滴,滴,di1,的,的,de,ti˥,ti˥,tɤ,tɤ,否,[],official_dictionary_casefold,歧义同音词,ambiguous_homophone,di1,de,ti˥,tɤ,親民滴步道 卻因落石關閉中 期待再次開放之時,親民的步道 卻因落石關閉中 期待再吃開放之時
codedlang:560:01,Crowd-AI-Lab/CodedLang,560,tm,tm,tm,tm,他妈,他妈,ta1 ma1,tˌiːˈɛm,tˌiːˈɛm,tʰa˥ ma˥,tʰa˥ ma˥,否,[],official_dictionary_casefold,语音替代,phonetic,tm,ta1 ma1,ˈti ˈɛm,tʰa˥ ma˥,一年前在Waikiki这家越南店一不小心给了两次小费，令我极其不爽！没有想到今天又来重蹈覆辙，米粉是汤是凉的、要的热水饭吃完了都没来！结账时想只给10%小费，但已被餐厅自动收取15%！最后只能找老板娘用蹩脚的英语表达了强烈的不满，（在Waikiki区域的餐厅吃饭需要特别注意，基本上所有的餐厅都主动收取15%小费，因为不管日本游客还是中国游客几乎都没有给小费的习惯，这可以谅解！还有需要特别注意Waikiki旁边一家叫馥苑的中餐厅，在中国游客圈内知名度很高，以龙虾著名，这里也是主动收取15%小费，我也给重过小费几次！需要特别注意！）最后夏威夷几户没有好吃便宜的餐厅，看看这三样东西就近$60刀，还tm难吃！,一年前在Waikiki这家越南店一不小心给了两吃小费，令我极其不爽！没有想到今天又来重蹈覆辙，米粉是汤是凉的、要的热水饭吃完了都没来！结账时想只给10%小费，但已被餐厅自动收取15%！最后只能找老板娘用蹩脚的英语表达了强烈的不满，（在Waikiki区域的餐厅吃饭需要特别注意，基本上所有的餐厅都主动收取15%小费，因为不管日本游客还是中国游客几乎都没有给小费的习惯，这可以谅解！还有需要特别注意Waikiki旁边一家叫馥苑的中餐厅，在中国游客圈内知名度很高，以龙虾著名，这里也是主动收取15%小费，我也给重过小费几吃！需要特别注意！）最后夏威夷几户没有好吃便宜的餐厅，看看这三样东西就近$厉害0刀，还他妈难吃！
codedlang:561:01,Crowd-AI-Lab/CodedLang,561,jb,jb,jb,jb,鸡巴,鸡巴,ji1 ba1,dʒˌeɪbˈiː,dʒˌeɪbˈiː,tɕi˥ pa˥,tɕi˥ pa˥,否,[],official_dictionary_casefold,语音替代,phonetic,jb,ji1 ba1,ˈdʒeɪ pi˥,tɕi˥ pa˥,单人座位非常挤，设施远没有温哥华的好。还有那个戴眼镜的东亚男服务员，得是看老子不顺眼？这么牛批有种别干这行，自个在街上找一个大报刊箱铺床睡就像其他叫花子一样，少一天jb恶心老子，老子岂是尔等贱货能碰的？！,单人座位非常挤，设施远没有温哥华的好。还有那个戴眼镜的东亚男服务员，得是看老子不顺眼？这么牛批有种别干这行，自个在街上找一个大报刊箱铺床睡就像其他叫花子一样，少一天鸡巴恶心老子，老子岂是尔等贱货能碰的？！
codedlang:562:01,Crowd-AI-Lab/CodedLang,562,惹,惹,惹,re3,了,了,le,ɻɤ˨˩˦,ɻɤ˨˩˦,lɤ,lɤ,否,[],official_dictionary_casefold,歧义同音词,ambiguous_homophone,re3,le,ɻɤ˧˩˧,lɤ,1.價格便宜，但我忘記實際金額惹⋯⋯（汗，可分半隻或一隻購買也可以搭套餐（好像會有飯，沒有買套餐所以詳細不是很清楚。 2.停車方便，旁邊的空地就可以停車了，還可以走去吃彩虹冰 3.味道非常好，半隻一下子就吃完了，後來回去時再買一隻來吃，放到冷掉味道也還是不錯 4.沒有可做坐著吃的地方，當時是剛好坐在人行道附近的涼亭，要不然就只能買到車上吃了⋯ 5.購買的人很多，但店家處理的速度很快，不會等太久，而且他烤雞一次烤超多，也不怕為了等烤雞再多等一次！ 6.但衛生條件就不太好，大熱天在戶外烤雞肉，除了生鮮問題外，還有就是飛蟲跟蒼蠅⋯就當作是在台灣的傳統市場買熟食吧（誤） 7.如果有經過可以順道來吃吃！ 整體給四顆星（少一顆是因為衛生條件）！,1.價格便宜，但我忘記實際金額了⋯⋯（汗，可分半隻或一隻購買也可以搭套餐（好像會有飯，沒有買套餐所以詳細不是很清楚。 2.停車方便，旁邊的空地就可以停車了，還可以走去吃彩虹冰 3.味道非常好，半隻一下子就吃完了，後來回去時再買一隻來吃，放到冷掉味道也還是不錯 4.沒有可做坐著吃的地方，當時是剛好坐在人行道附近的涼亭，要不然就只能買到車上吃了⋯ 5.購買的人很多，但店家處理的速度很快，不會等太久，而且他烤雞一吃烤超多，也不怕為了等烤雞再多等一吃！ 厉害.但衛生條件就不太好，大熱天在戶外烤雞肉，除了生鮮問題外，還有就是飛蟲跟蒼蠅⋯就當作是在台灣的傳統市場買熟食吧（誤） 7.如果有經過可以順道來吃吃！ 整體給四顆星（少一顆是因為衛生條件）！
codedlang:563:01,Crowd-AI-Lab/CodedLang,563,滴,滴,滴,di1,的,的,de,ti˥,ti˥,tɤ,tɤ,否,[],official_dictionary_casefold,歧义同音词,ambiguous_homophone,di1,de,ti˥,tɤ,夏威夷最好吃的牛排🐮就在他们家喔 我只偷偷滴告诉你，嘘,夏威夷最好吃的牛排🐮就在他们家喔 我只偷偷的告诉你，嘘
codedlang:565:01,Crowd-AI-Lab/CodedLang,565,tm,tm,tm,tm,他妈,他妈,ta1 ma1,tˌiːˈɛm,tˌiːˈɛm,tʰa˥ ma˥,tʰa˥ ma˥,否,[],official_dictionary_casefold,语音替代,phonetic,tm,ta1 ma1,ˈti ˈɛm,tʰa˥ ma˥,"I order 2lb shrimp, it looks like 1lb. The point is I waited 40 minutes for that shrimp. Never come back. 虾好不好吃见仁见智，这店就tm一坑。下次情愿去达拉斯也不来。服务差，无休止的等待。","I order 2l逼 shrimp, it looks like 1l逼. The point is I waited 40 minutes for that shrimp. Never come 逼ack. 虾好不好吃见仁见智，这店就他妈一坑。下吃情愿去达拉斯也不来。服务差，无休止的等待。"
codedlang:566:01,Crowd-AI-Lab/CodedLang,566,滴,滴,滴,di1,的,的,de,ti˥,ti˥,tɤ,tɤ,否,[],official_dictionary_casefold,歧义同音词,ambiguous_homophone,di1,de,ti˥,tɤ,服务好 食物美美滴。我喜欢 下次还来,服务好 食物美美的。我喜欢 下吃还来
codedlang:567:01,Crowd-AI-Lab/CodedLang,567,tm,tm,tm,tm,他妈,他妈,ta1 ma1,tˌiːˈɛm,tˌiːˈɛm,tʰa˥ ma˥,tʰa˥ ma˥,否,[],official_dictionary_casefold,语音替代,phonetic,tm,ta1 ma1,ˈti ˈɛm,tʰa˥ ma˥,写给中国留学生看的，在这里住了三年槽点太多了，我知道很多学弟学妹在选房的时候都会通过谷歌地图看到评价，所以我就直接用中文写了  先来吐槽 每年暑假公寓强制打扫都会收非常非常多的清理费，顺带会收到各种莫名奇妙的账单，我和我室友都收到过邮件提醒有bill要交，奇葩的是用的还不是Kinnear的官方邮件，我们曾一度怀疑是否是敲诈邮件。 签合同的时候预先交了最后两个月的房租（大概1500左右），到最后要用这笔deposit的时候发现已经被扣光了？？我也是服气，每年打扫费都是加到房租里交的，真不知道你们把钱都扣在哪里了。。  还有要吐槽的就是室友分配。我门之前是三人间，后来有一位学姐先毕业搬走了，我和我室友跟物业谈的时候在合同上都写明了要中国室友，结果给我们分了一个黑哥哥。首先在这里声明，我们从来都是对事不对人（绝对和种族主义没关系），作为一个室友如果你讲卫生，懂礼貌，互相尊重大家的作息，那我们肯定是欢迎的。但是！！！你tm天天在屋里面抽烟喝酒吸麻，未经允许带人进来开party，让别人在我们客厅过夜，半夜还搞得非常吵，跟你好好沟通你还不把我们的话当回事，甚至还用我们的洗衣机洗你朋友的衣服？？？？呵呵了。抱歉我们就是要赶你走。（还交不起电费。。。拜托你电费都交不起住什么Kinnear，干脆也别上学了）  再来说一下Kinnear那女经理，我们跟她反应要换室友的时候，一开始她还用“政治正确”那一套不允许我们换走一个黑人，威胁我们这么做会留“记录”，结果我们说愿意帮那个黑人出200刀（和新室友一共花了400）sublease fee的时候你又同意了？？真是笑死我们了，你直接说要钱就行了，不用废话那么多好吗。  总结一下： 优点： 抱歉我真没觉得有什么优点。前两年去北校区和中校区的公交线路很快，而且不同线路的车重复度很高，再加上大部分专业的教学楼集中在北边和中间，坐公交上学非常非常方便，我一般都是上课前15分钟出门时间正好，前两年我买了车都很少开去学校，因为开车上学要花的时间远比坐公交上学长（算上自己停车库和找车位时间）。然而。。。今年不知道怎么回事线路改的超级分散，而且每一趟车都还要往边上的停车场绕一大圈（脑子瓦特了吧？），算下来要提前30到40分钟出门乘公交，所以我最后一年都是开车去上学。以前上学交通方便的优点现在也不复存在，不要再听前台跟你们说什么坐公交上学方便了。  缺点： -房子小，隔音差，房租贵（三人间每个月人均750，算上电费和停车费）。说真的这房租贵的也是没谁了，隔壁新修好的griff空间大隔音好，更干净才和Kinnear差不多，要不是懒的搬家早就搬走了。  -楼道的地毯脏的无法吐槽，而且味道很重，冬天更是如此  -有些公寓搬进去之前地毯和墙壁就已经很脏了。。  -wifi是真的烂，经常性的断开连接，接网线还好，如果用手机玩游戏建议去18街图书馆玩（认真）  以上是我的个人吐槽，你们也可以看一下其他评论。如果只有我一个人吐槽那也就算了，但现在总评也才2.8颗星，到底是谁的问题我相信都能看出来,写给中国留学生看的，在这里住了三年槽点太多了，我知道很多学弟学妹在选房的时候都会通过谷歌地图看到评价，所以我就直接用中文写了  先来吐槽 每年暑假公寓强制打扫都会收非常非常多的清理费，顺带会收到各种莫名奇妙的账单，我和我室友都收到过邮件提醒有逼ill要交，奇葩的是用的还不是Kinnear的官方邮件，我们曾一度怀疑是否是超诈邮件。 签合同的时候预先交了最后两个月的房租（大概1500左右），到最后要用这笔deposit的时候发现已经被扣光了？？我也是服气，每年打扫费都是加到房租里交的，真不知道你们把钱都扣在哪里了。。  还有要吐槽的就是室友分配。我门之前是三人间，后来有一位学姐先毕业搬走了，我和我室友跟物业谈的时候在合同上都写明了要中国室友，结果给我们分了一个黑哥哥。首先在这里声明，我们从来都是对事不对人（绝对和种族主义没关系），作为一个室友如果你讲卫生，懂礼貌，互相尊重大家的作息，那我们肯定是欢迎的。但是！！！你他妈天天在屋里面抽烟喝酒吸麻，未经允许带人进来开party，让别人在我们客厅过夜，半夜还搞得非常吵，跟你好好沟通你还不把我们的话当回事，甚至还用我们的洗衣机洗你朋友的衣服？？？？呵呵了。抱歉我们就是要赶你走。（还交不起电费。。。拜托你电费都交不起住什么Kinnear，干脆也别上学了）  再来说一下Kinnear那女经理，我们跟她反应要换室友的时候，一开始她还用“政治正确”那一套不允许我们换走一个黑人，威胁我们这么做会留“记录”，结果我们说愿意帮那个黑人出200刀（和新室友一共花了400）su逼lease fee的时候你又同意了？？真是笑死我们了，你直接说要钱就行了，不用废话那么多好吗。  总结一下： 优点： 抱歉我真没觉得有什么优点。前两年去北校区和中校区的公交线路很快，而且不同线路的车重复度很高，再加上大部分专业的教学楼集中在北边和中间，坐公交上学非常非常方便，我一般都是上课前15分钟出门时间正好，前两年我买了车都很少开去学校，因为开车上学要花的时间远比坐公交上学长（算上自己停车库和找车位时间）。然而。。。今年不知道怎么回事线路改的超级分散，而且每一趟车都还要往边上的停车场绕一大圈（脑子瓦特了吧？），算下来要提前30到40分钟出门乘公交，所以我最后一年都是开车去上学。以前上学交通方便的优点现在也不复存在，不要再听前台跟你们说什么坐公交上学方便了。  缺点： -房子小，隔音差，房租贵（三人间每个月人均750，算上电费和停车费）。说真的这房租贵的也是没谁了，隔壁新修好的griff空间大隔音好，更干净才和Kinnear差不多，要不是懒的搬家早就搬走了。  -楼道的地毯脏的无法吐槽，而且味道很重，冬天更是如此  -有些公寓搬进去之前地毯和墙壁就已经很脏了。。  -wifi是真的烂，经常性的断开连接，接网线还好，如果用手机玩游戏建议去1不街图书馆玩（认真）  以上是我的个人吐槽，你们也可以看一下其他评论。如果只有我一个人吐槽那也就算了，但现在总评也才2.不颗星，到底是谁的问题我相信都能看出来
codedlang:568:01,Crowd-AI-Lab/CodedLang,568,滴,滴,滴,di1,的,的,de,ti˥,ti˥,tɤ,tɤ,否,[],official_dictionary_casefold,歧义同音词,ambiguous_homophone,di1,de,ti˥,tɤ,白色洗粉了 金属扣子都洗掉色了🙂真滴牛批,白色洗粉了 金属扣子都洗掉色了🙂真的牛批
codedlang:569:01,Crowd-AI-Lab/CodedLang,569,滴,滴,滴,di1,的,的,de,ti˥,ti˥,tɤ,tɤ,否,[],official_dictionary_casefold,歧义同音词,ambiguous_homophone,di1,de,ti˥,tɤ,好滴好滴设计师,好的好的设计师
codedlang:570:01,Crowd-AI-Lab/CodedLang,570,滴,滴,滴,di1,的,的,de,ti˥,ti˥,tɤ,tɤ,否,[],official_dictionary_casefold,歧义同音词,ambiguous_homophone,di1,de,ti˥,tɤ,Bukharaa Indian restaurant - 手误非常好，他们有特殊的菜肴，面包，samosas，印度音乐，和干净滴地方，印度餐厅要点。唯一需要改进地地方时我希望我没有相学家一样的味道。,Bukharaa Indian restaurant - 手误非常好，他们有特殊的菜肴，面包，samosas，印度音乐，和干净的地方，印度餐厅要点。唯一需要改进地地方时我希望我没有相学家一样的味道。
codedlang:571:01,Crowd-AI-Lab/CodedLang,571,滴,滴,滴,di1,的,的,de,ti˥,ti˥,tɤ,tɤ,否,[],official_dictionary_casefold,歧义同音词,ambiguous_homophone,di1,de,ti˥,tɤ,非常好的真弓马来西亚和新加坡的食物！你应该真的得到肆意的！他是如此的好，真是！非常友好的工作人员也是多彩滴地方！他们在亚特兰大拥有最好的马来西亚食物，如果你在这个地区，你应该马马虎虎地摆动。,非常好的真弓马来西亚和新加坡的食物！你应该真的得到肆意的！他是如此的好，真是！非常友好的工作人员也是多彩的地方！他们在亚特兰大拥有最好的马来西亚食物，如果你在这个地区，你应该马马虎虎地摆动。
codedlang:572:01,Crowd-AI-Lab/CodedLang,572,滴,滴,滴,di1,的,的,de,ti˥,ti˥,tɤ,tɤ,否,[],official_dictionary_casefold,歧义同音词,ambiguous_homophone,di1,de,ti˥,tɤ,日式烧饼，铁板烧和台湾烧烤是非常好滴地方。,日式烧饼，铁板烧和台湾烧烤是非常好的地方。
codedlang:573:01,Crowd-AI-Lab/CodedLang,573,滴,滴,滴,di1,的,的,de,ti˥,ti˥,tɤ,tɤ,否,[],official_dictionary_casefold,歧义同音词,ambiguous_homophone,di1,de,ti˥,tɤ,太糟糕的购物体验！我们在这里购买之前告知我们如果不满意45天可以退货，于是买了一个铸铁锅，回家后使用发现粘锅严重，炒菜的温度在加入菜后降温显著，而升温却奇慢！在放入洗碗机后也不太洗的干净！于是在使用五次后，我们决定退货。因为我们在95号高速路口买的，他们实行所谓全球联保，我们找到了夏洛特的专卖店，但是商店指出他们的锅只能在没有使用的情况下才能退货！我滴天，我们没有使用怎么可能知道这个产品怎么样？但是他们仍然不退，这是什么条款？！他们让我们打电话给他们的售后服务电话，但是只有机器在那里让我们等待，没有人来接听电话。中国人购买这个牌子的锅要注意啦！,太糟糕的购物体验！我们在这里购买之前告知我们如果不满意45天可以退货，于是买了一个铸铁锅，回家后使用发现粘锅严重，炒菜的温度在加入菜后降温显著，而升温却奇慢！在放入洗碗机后也不太洗的干净！于是在使用五吃后，我们决定退货。因为我们在95号高速路口买的，他们实行所谓全球联保，我们找到了夏洛特的专卖店，但是商店指出他们的锅只能在没有使用的情况下才能退货！我的天，我们没有使用怎么可能知道这个产品怎么样？但是他们仍然不退，这是什么条款？！他们让我们打电话给他们的售后服务电话，但是只有机器在那里让我们等待，没有人来接听电话。中国人购买这个牌子的锅要注意啦！
codedlang:574:01,Crowd-AI-Lab/CodedLang,574,tm,tm,tm,tm,他妈,他妈,ta1 ma1,tˌiːˈɛm,tˌiːˈɛm,tʰa˥ ma˥,tʰa˥ ma˥,否,[],official_dictionary_casefold,语音替代,phonetic,tm,ta1 ma1,ˈti ˈɛm,tʰa˥ ma˥,差评，服务态度巨tm差，售后sb,差评，服务态度巨他妈差，售后傻逼
codedlang:574:02,Crowd-AI-Lab/CodedLang,574,sb,sb,sb,sb,傻逼,傻逼,sha3 bi1,ˌɛsbˈiː,ˌɛsbˈiː,ʂa˨˩˦ pi˥,ʂa˨˩˦ pi˥,否,[],official_dictionary_casefold,语音替代,phonetic,sb,sha3 bi1,ˈɛs pi˥,ʂa˧˩˧ pi˥,差评，服务态度巨tm差，售后sb,差评，服务态度巨他妈差，售后傻逼
codedlang:575:01,Crowd-AI-Lab/CodedLang,575,tm,tm,tm,tm,他妈,他妈,ta1 ma1,tˌiːˈɛm,tˌiːˈɛm,tʰa˥ ma˥,tʰa˥ ma˥,否,[],official_dictionary_casefold,语音替代,phonetic,tm,ta1 ma1,ˈti ˈɛm,tʰa˥ ma˥,千万别用这家....慢到要死，寄了一个月了，现在还不知道东西在哪，我tm也是醉了，我已经告诉身边所有人如果能去曼岛上寄千万别为了省钱来这里，你会后悔的。,千万别用这家....慢到要死，寄了一个月了，现在还不知道东西在哪，我他妈也是醉了，我已经告诉身边所有人如果能去曼岛上寄千万别为了省钱来这里，你会后悔的。
codedlang:576:01,Crowd-AI-Lab/CodedLang,576,tm,tm,tm,tm,他妈,他妈,ta1 ma1,tˌiːˈɛm,tˌiːˈɛm,tʰa˥ ma˥,tʰa˥ ma˥,否,[],official_dictionary_casefold,语音替代,phonetic,tm,ta1 ma1,ˈti ˈɛm,tʰa˥ ma˥,寄了一个行李箱，给了单号。一直忙没去查单号，查了以后，发现完全没有任何信息，根本不知道箱子在哪里。然后一直不接电话，微信也不回。一个月了，500多美金东西没了，也找不到人。店tm都不开了！！各种推脱！！！,寄了一个行李箱，给了单号。一直忙没去查单号，查了以后，发现完全没有任何信息，根本不知道箱子在哪里。然后一直不接电话，微信也不回。一个月了，500多美金东西没了，也找不到人。店他妈都不开了！！各种推脱！！！
codedlang:577:01,Crowd-AI-Lab/CodedLang,577,TMD,TMD,TMD,TMD,他妈的,他妈的,ta1 ma1 de,tˌiːˌɛmdˈiː,tˌiːˌɛmdˈiː,tʰa˥ ma˥ tɤ,tʰa˥ ma˥ tɤ,否,[],official_dictionary_casefold,语音替代,phonetic,tmd,ta1 ma1 de,ˈti ˈɛm ti,tʰa˥ ma˥ tɤ,真TMD搞笑，破逼公司都快破产了，还这么对待客人，只要他们认为你买多，就不让你用打折券，那么你印个屁打折券？          Really?!  I m become bulk buyer!?   just buy 20 different t shirt can't ues coupon?!🤣   Who do u think u are? Why sent me Calvin Kevin coupon ？scam me come visit your CK museum ？🤣😅,真他妈的搞笑，破逼公司都快破产了，还这么对待客人，只要他们认为你买多，就不让你用打折券，那么你印个屁打折券？          Really?!  I m 逼ecome 逼ulk 逼uyer!?   just 逼uy 20 different t 屎rt can't ues coupon?!🤣   Who do u think u are? Why sent me Calvin Kevin coupon ？scam me come visit your CK museum ？🤣😅
codedlang:578:01,Crowd-AI-Lab/CodedLang,578,tm,tm,tm,tm,他妈,他妈,ta1 ma1,tˌiːˈɛm,tˌiːˈɛm,tʰa˥ ma˥,tʰa˥ ma˥,否,[],official_dictionary_casefold,语音替代,phonetic,tm,ta1 ma1,ˈti ˈɛm,tʰa˥ ma˥,真tm的慢热,真他妈的慢热
codedlang:580:01,Crowd-AI-Lab/CodedLang,580,sb,sb,sb,sb,傻逼,傻逼,sha3 bi1,ˌɛsbˈiː,ˌɛsbˈiː,ʂa˨˩˦ pi˥,ʂa˨˩˦ pi˥,否,[],official_dictionary_casefold,语音替代,phonetic,sb,sha3 bi1,ˈɛs pi˥,ʂa˧˩˧ pi˥,在这里拔了两颗低位水平阻生智齿。拔牙过程还算顺利，术后复查简直是灾难。拔完快两周的时候由于塞在伤口里的棉条没有及时取出，流了一晚上血和带异味的液体。第二天一大早去找他们，给我拔牙的医生不在于是换了一个叫Dyer的sb医生，然后悲剧就开始了。这个叫Dyer的sb医生暴力把棉条拔出来就催我走了。过了不到半小时伤口又开始流血和带异味液体，于是又去找他。这货极其不耐烦的用类似漱口水的药液重新清洗了一遍伤口，依然没有完全洗干净之前棉条的残留物！最后是自己回家用注射器洗了n遍才勉强清理干净！由于这个sb整个过程极其暴力，导致接下来两个月我所有牙都特别敏感！,在这里拔了两颗低位水平阻生智齿。拔牙过程还算顺利，术后复查简直是灾难。拔完快两周的时候由于塞在伤口里的棉条没有及时取出，流了一晚上血和带异味的液体。第二天一大早去找他们，给我拔牙的医生不在于是换了一个叫啲yer的傻逼医生，然后悲剧就开始了。这个叫啲yer的傻逼医生暴力把棉条拔出来就催我走了。过了不到半小时伤口又开始流血和带异味液体，于是又去找他。这货极其不耐烦的用类似漱口水的要液重新清洗了一遍伤口，依然没有完全洗干净之前棉条的残留物！最后是自己回家用注射器洗了n遍才勉强清理干净！由于这个傻逼整个过程极其暴力，导致接下来两个月我所有牙都特别敏感！
codedlang:583:01,Crowd-AI-Lab/CodedLang,583,几把,几把,几把,ji3 ba3,鸡巴,鸡巴,ji1 ba1,tɕi˨˩˦ pa˨˩˦,tɕi˨˩˦ pa˨˩˦,tɕi˥ pa˥,tɕi˥ pa˥,否,[],official_dictionary_casefold,非词汇同音词,ambiguous_homophone,ji3 ba3,ji1 ba1,tɕi˧˩˧ pa˧˩˧,tɕi˥ pa˥,是真几把的坑，修主板把屏幕修坏了，还想recharge我，换个屏幕是真的垃圾看得我眼睛疼  （Replace better screen for free now）,是真鸡巴的坑，修主板把屏幕修坏了，还想recharge我，换个屏幕是真的垃圾看得我眼睛疼  （Replace 逼etter screen for free now）
codedlang:584:01,Crowd-AI-Lab/CodedLang,584,jb,jb,jb,jb,鸡巴,鸡巴,ji1 ba1,dʒˌeɪbˈiː,dʒˌeɪbˈiː,tɕi˥ pa˥,tɕi˥ pa˥,否,[],official_dictionary_casefold,语音替代,phonetic,jb,ji1 ba1,ˈdʒeɪ pi˥,tɕi˥ pa˥,唠b 地方 来两次了 次次赶我们走 11点关门 10:25到不给吃 走了 下一次还是想说朋友说好吃可以尝尝 10:15到又不让吃？？？ 做个jb生意呢,唠逼 地方 来两吃了 吃吃赶我们走 11点关门 10:25到不给吃 走了 下一吃还是想说朋友说好吃可以尝尝 10:15到又不让吃？？？ 做个鸡巴生意呢
codedlang:586:01,Crowd-AI-Lab/CodedLang,586,滴,滴,滴,di1,的,的,de,ti˥,ti˥,tɤ,tɤ,否,[],official_dictionary_casefold,歧义同音词,ambiguous_homophone,di1,de,ti˥,tɤ,好吃滴,好吃的
codedlang:587:01,Crowd-AI-Lab/CodedLang,587,滴,滴,滴,di1,的,的,de,ti˥,ti˥,tɤ,tɤ,否,[],official_dictionary_casefold,歧义同音词,ambiguous_homophone,di1,de,ti˥,tɤ,离使馆真近，过了马路就是，酒店不大但房间不小，有点旧，附近有家汉堡店还挺好吃滴～蘑菇和泡菜馅儿的,离使馆真近，过了马路就是，酒店不大但房间不小，有点旧，附近有家汉堡店还挺好吃的～蘑菇和泡菜馅儿的
codedlang:588:01,Crowd-AI-Lab/CodedLang,588,tm,tm,tm,tm,他妈,他妈,ta1 ma1,tˌiːˈɛm,tˌiːˈɛm,tʰa˥ ma˥,tʰa˥ ma˥,否,[],official_dictionary_casefold,语音替代,phonetic,tm,ta1 ma1,ˈti ˈɛm,tʰa˥ ma˥,真tm 香,真他妈 香
codedlang:589:01,Crowd-AI-Lab/CodedLang,589,滴,滴,滴,di1,的,的,de,ti˥,ti˥,tɤ,tɤ,否,[],official_dictionary_casefold,歧义同音词,ambiguous_homophone,di1,de,ti˥,tɤ,下次还会来滴,下吃还会来的
codedlang:590:01,Crowd-AI-Lab/CodedLang,590,滴,滴,滴,di1,的,的,de,ti˥,ti˥,tɤ,tɤ,否,[],official_dictionary_casefold,歧义同音词,ambiguous_homophone,di1,de,ti˥,tɤ,这个星期天带着一家老小来这家歺厅点了三碗咖喱牛肉饭，一碗海鲜面，一碗馄饨。明显跟前几次吃的味道大不同，咖喱浓稠，配菜的土豆有酸味，色香味强差人意。海鲜面里的汤就像白开水，一点味道都没。最重要的是馄饨的馅不新鲜。透着酸味，吃了一口，实在难以下咽，跟老板娘反应了下，态度倒还可以，把馄饨的钱给退了，一会，过来一个像大厨的师傅，跟他反应下这情况，但他的解释真的很差，意思是他经手的馅都很新鲜，我认为以前可能是，可这次明显不行，既然他这么说，我也不想再说什么了。回到家，这胃还堵的难受。我猜想他们经营的菜品出现这样的问题，还是要重视才行，不然会影响到他们自已的生意滴。另 是否他们的后厨都是阿咪哥在烧菜？而影响到品质的管控。,这个星期天带着一家老小来这家歺厅点了三碗咖喱牛肉饭，一碗海鲜面，一碗馄饨。明显跟前几吃吃的味道大不同，咖喱浓稠，配菜的土豆有酸味，色香味强差人意。海鲜面里的汤就像白开水，一点味道都没。最重要的是馄饨的馅不新鲜。透着酸味，吃了一口，实在难以下咽，跟老板娘反应了下，态度倒还可以，把馄饨的钱给退了，一会，过来一个像大厨的师傅，跟他反应下这情况，但他的解释真的很差，意思是他经手的馅都很新鲜，我认为以前可能是，可这吃明显不行，既然他这么说，我也不想再说什么了。回到家，这胃还堵的难受。我猜想他们经营的菜品出现这样的问题，还是要重视才行，不然会影响到他们自已的生意的。另 是否他们的后厨都是阿咪哥在烧菜？而影响到品质的管控。
codedlang:591:01,Crowd-AI-Lab/CodedLang,591,tmd,tmd,tmd,tmd,他妈的,他妈的,ta1 ma1 de,tˌiːˌɛmdˈiː,tˌiːˌɛmdˈiː,tʰa˥ ma˥ tɤ,tʰa˥ ma˥ tɤ,否,[],official_dictionary_casefold,语音替代,phonetic,tmd,ta1 ma1 de,ˈti ˈɛm ti,tʰa˥ ma˥ tɤ,就tmd几头铁牛，真tm无聊透顶。,就他妈的几头铁牛，真他妈无聊透顶。
codedlang:591:02,Crowd-AI-Lab/CodedLang,591,tm,tm,tm,tm,他妈,他妈,ta1 ma1,tˌiːˈɛm,tˌiːˈɛm,tʰa˥ ma˥,tʰa˥ ma˥,否,[],official_dictionary_casefold,语音替代,phonetic,tm,ta1 ma1,ˈti ˈɛm,tʰa˥ ma˥,就tmd几头铁牛，真tm无聊透顶。,就他妈的几头铁牛，真他妈无聊透顶。
codedlang:592:01,Crowd-AI-Lab/CodedLang,592,滴,滴,滴,di1,的,的,de,ti˥,ti˥,tɤ,tɤ,否,[],official_dictionary_casefold,歧义同音词,ambiguous_homophone,di1,de,ti˥,tɤ,每次都是人气旺旺滴,每吃都是人气旺旺的
codedlang:593:01,Crowd-AI-Lab/CodedLang,593,滴,滴,滴,di1,的,的,de,ti˥,ti˥,tɤ,tɤ,否,[],official_dictionary_casefold,歧义同音词,ambiguous_homophone,di1,de,ti˥,tɤ,鳕鱼很新鲜，肉质鲜嫩，蘑菇很有味！啤酒很棒滴！很满意的餐馆👍,鳕鱼很新鲜，肉质鲜嫩，蘑菇很有味！啤酒很棒的！很满意的餐馆👍
codedlang:595:01,Crowd-AI-Lab/CodedLang,595,几把,几把,几把,ji3 ba3,鸡巴,鸡巴,ji1 ba1,tɕi˨˩˦ pa˨˩˦,tɕi˨˩˦ pa˨˩˦,tɕi˥ pa˥,tɕi˥ pa˥,否,[],official_dictionary_casefold,非词汇同音词,ambiguous_homophone,ji3 ba3,ji1 ba1,tɕi˧˩˧ pa˧˩˧,tɕi˥ pa˥,不要上当，什么车都不要给他们修，垃圾，垃圾，垃圾，垃圾。我引擎灯常亮让他们修，花了88刀check还就check一半说我要换电池说我电池电压不足，还有轮胎也到年份了也得换花了我九百刀换这两样，完事开了两个小时不到我引擎灯又常亮，回去找他们，居然说再教一遍88刀的检查费，他们再给检查。我就直接让我哥开车都来了，欺软怕硬，说给我免费检查，完了之后说发动机非常好，应该是电脑的事，要两千四百刀换电脑，然后我就明白了，QNMLGB的，BMW的车电脑有锁，他们根本不能解锁，更别提修了，就是瞎几把坑钱就是了。那个那个死胖子白老头第二次还态度强硬让我教88刀的检查费，我是真不想骂你。下面是我的一串修理单，我就想告诉大家不要上当，什么车他都想扣出你的钱来,不要上当，什么车都不要给他们修，垃圾，垃圾，垃圾，垃圾。我引擎灯常亮让他们修，花了不不刀check还就check一半说我要换电池说我电池电压不足，还有轮胎也到年份了也得换花了我九百刀换这两样，完事开了两个小时不到我引擎灯又常亮，回去找他们，居然说再教一遍不不刀的检查费，他们再给检查。我就直接让我哥开车都来了，欺软怕硬，说给我免费检查，完了之后说发动机非常好，应该是电脑的事，要两千四百刀换电脑，然后我就明白了，QN妈了个逼的，BMW的车电脑有锁，他们根本不能解锁，更别提修了，就是瞎鸡巴坑钱就是了。那个那个死胖子白老头第二吃还态度强硬让我教不不刀的检查费，我是真不想骂你。下面是我的一串修理单，我就想告诉大家不要上当，什么车他都想扣出你的钱来
codedlang:596:01,Crowd-AI-Lab/CodedLang,596,tm,tm,tm,tm,他妈,他妈,ta1 ma1,tˌiːˈɛm,tˌiːˈɛm,tʰa˥ ma˥,tʰa˥ ma˥,否,[],official_dictionary_casefold,语音替代,phonetic,tm,ta1 ma1,ˈti ˈɛm,tʰa˥ ma˥,从没见过服务态度这么差的地方 开半个小时过来取菜告诉我肉还tm没化 让我再等一个小时说爱要不要 . 我打电话过来什么意思？就是赶时间不想等 .一个饭店做成这样 也是人间极品.奉劝各位 别去,从没见过服务态度这么差的地方 开半个小时过来取菜告诉我肉还他妈没化 让我再等一个小时说爱要不要 . 我打电话过来什么意思？就是赶时间不想等 .一个饭店做成这样 也是人间极品.奉劝各位 别去
codedlang:597:01,Crowd-AI-Lab/CodedLang,597,滴,滴,滴,di1,的,的,de,ti˥,ti˥,tɤ,tɤ,否,[],official_dictionary_casefold,歧义同音词,ambiguous_homophone,di1,de,ti˥,tɤ,山里屯东北农家菜，以卖炖锅菜为主，有点像吃火锅的感觉，菜的味道嘛，说实话一般，但是装修风格比较乡土气息，冬天去吃，感觉很热闹，很温暖，吃个气氛还是不错滴,山里屯东北农家菜，以卖炖锅菜为主，有点像吃火锅的感觉，菜的味道嘛，说实话一般，但是装修风格比较乡土气息，冬天去吃，感觉很热闹，很温暖，吃个气氛还是不错的
codedlang:598:01,Crowd-AI-Lab/CodedLang,598,sb,sb,sb,sb,傻逼,傻逼,sha3 bi1,ˌɛsbˈiː,ˌɛsbˈiː,ʂa˨˩˦ pi˥,ʂa˨˩˦ pi˥,否,[],official_dictionary_casefold,语音替代,phonetic,sb,sha3 bi1,ˈɛs pi˥,ʂa˧˩˧ pi˥,千万不要来，服务态度很差，堂食的一直拖着不做，吃个肠粉等两个小时，上也上错了，再来这家我是sb。,千万不要来，服务态度很差，堂食的一直拖着不做，吃个肠粉等两个小时，上也上错了，再来这家我是傻逼。
codedlang:599:01,Crowd-AI-Lab/CodedLang,599,滴,滴,滴,di1,的,的,de,ti˥,ti˥,tɤ,tɤ,否,[],official_dictionary_casefold,歧义同音词,ambiguous_homophone,di1,de,ti˥,tɤ,每小時八美金滴佛心停車場,每小時八美金的佛心停車場
codedlang:600:01,Crowd-AI-Lab/CodedLang,600,滴,滴,滴,di1,的,的,de,ti˥,ti˥,tɤ,tɤ,否,[],official_dictionary_casefold,歧义同音词,ambiguous_homophone,di1,de,ti˥,tɤ,服务态度一流！好滴很！老板人超好！,服务态度一流！好的很！老板人超好！
codedlang:603:01,Crowd-AI-Lab/CodedLang,603,好次,好次,好次,hao3 ci4,好吃,好吃,hao3 chi1,xɑʊ˨˩˦ tsʰɹ̩˥˩,xɑʊ˨˩˦ tsʰɹ̩˥˩,xɑʊ˨˩˦ ʈʂʰɻ̩˥,xɑʊ˨˩˦ ʈʂʰɻ̩˥,否,[],official_dictionary_casefold,非词汇同音词,non_lexical_homophone,hao3 ci4,hao3 chi1,xau̯˧˩˧ tsʰɹ̩˥˩,xau̯˧˩˧ ʈʂʰɻ̩˥,超好次～ 物美价廉 生病的时候好想次豆腐脑和油条 就开车冲过来呀,超好吃～ 物美价廉 生病的时候好想吃豆腐脑和油条 就开车冲过来呀
codedlang:604:01,Crowd-AI-Lab/CodedLang,604,滴,滴,滴,di1,的,的,de,ti˥,ti˥,tɤ,tɤ,否,[],official_dictionary_casefold,歧义同音词,ambiguous_homophone,di1,de,ti˥,tɤ,VERY GOOD 技术很棒 杠杠滴 还会再来,VERY GOO啲 技术很棒 杠杠的 还会再来
codedlang:605:01,Crowd-AI-Lab/CodedLang,605,tm,tm,tm,tm,他妈,他妈,ta1 ma1,tˌiːˈɛm,tˌiːˈɛm,tʰa˥ ma˥,tʰa˥ ma˥,否,[],official_dictionary_casefold,语音替代,phonetic,tm,ta1 ma1,ˈti ˈɛm,tʰa˥ ma˥,京酱肉丝用的是过期的肉吗、一打开一股恶心味扑鼻、锅包肉当炸鸡腿裹的淀粉吗、毛血旺里没有血、我擦 这tm是什么东北餐馆 能不能一颗星都不给,京酱肉丝用的是过期的肉吗、一打开一股恶心味扑鼻、锅包肉当炸鸡腿裹的淀粉吗、毛血旺里没有血、我操 这他妈是什么东北餐馆 能不能一颗星都不给
codedlang:606:01,Crowd-AI-Lab/CodedLang,606,tm,tm,tm,tm,他妈,他妈,ta1 ma1,tˌiːˈɛm,tˌiːˈɛm,tʰa˥ ma˥,tʰa˥ ma˥,否,[],official_dictionary_casefold,语音替代,phonetic,tm,ta1 ma1,ˈti ˈɛm,tʰa˥ ma˥,别被广告骗了，皮厚到没朋友，厚就算了还不劲道 全tm漏了，里面还不刷酱，果子也不脆，你直接去超市买墨西哥玉米饼卷卷都比这强，这水平不如国内学校门口5块rmb煎饼果子水平高，吃完了到现在想想我还反suan水。,别被广告骗了，皮厚到没朋友，厚就算了还不劲道 全他妈漏了，里面还不刷酱，果子也不脆，你直接去超市买墨西哥玉米饼卷卷都比这强，这水平不如国内学校门口5块人民币煎饼果子水平高，吃完了到现在想想我还反酸水。
codedlang:606:02,Crowd-AI-Lab/CodedLang,606,rmb,rmb,rmb,rmb,人民币,人民币,ren2 min2 bi4,ˌɑːɹˌɛmbˈiː,ˌɑːɹˌɛmbˈiː,ɻən˧˥ min˧˥ pi˥˩,ɻən˧˥ min˧˥ pi˥˩,否,[],official_dictionary_casefold,语音替代,phonetic,rmb,ren2 min2 bi4,ˈɑɹ ˈɛm pi˥,ɻə˧˥n mi˧˥n pi˥˩,别被广告骗了，皮厚到没朋友，厚就算了还不劲道 全tm漏了，里面还不刷酱，果子也不脆，你直接去超市买墨西哥玉米饼卷卷都比这强，这水平不如国内学校门口5块rmb煎饼果子水平高，吃完了到现在想想我还反suan水。,别被广告骗了，皮厚到没朋友，厚就算了还不劲道 全他妈漏了，里面还不刷酱，果子也不脆，你直接去超市买墨西哥玉米饼卷卷都比这强，这水平不如国内学校门口5块人民币煎饼果子水平高，吃完了到现在想想我还反酸水。
codedlang:606:03,Crowd-AI-Lab/CodedLang,606,反suan水,反suan水,反suan水,fan3 suan shui3,反酸水,反酸水,fan3 suan1 shui3,fan˨˩˦ suan ʂuei˨˩˦,fan˨˩˦ suan ʂuei˨˩˦,fan˨˩˦ suan˥ ʂuei˨˩˦,fan˨˩˦ suan˥ ʂuei˨˩˦,否,[],official_dictionary_casefold,语音替代,phonetic,fan3 suan shui3,fan3 suan1 shui3,fa˧˩˧n swan ʂwei̯˧˩˧,fa˧˩˧n swa˥n ʂwei̯˧˩˧,别被广告骗了，皮厚到没朋友，厚就算了还不劲道 全tm漏了，里面还不刷酱，果子也不脆，你直接去超市买墨西哥玉米饼卷卷都比这强，这水平不如国内学校门口5块rmb煎饼果子水平高，吃完了到现在想想我还反suan水。,别被广告骗了，皮厚到没朋友，厚就算了还不劲道 全他妈漏了，里面还不刷酱，果子也不脆，你直接去超市买墨西哥玉米饼卷卷都比这强，这水平不如国内学校门口5块人民币煎饼果子水平高，吃完了到现在想想我还反酸水。
codedlang:607:01,Crowd-AI-Lab/CodedLang,607,滴,滴,滴,di1,的,的,de,ti˥,ti˥,tɤ,tɤ,否,[],official_dictionary_casefold,歧义同音词,ambiguous_homophone,di1,de,ti˥,tɤ,吃煎饼果子就来这，绝对正宗，味道棒棒滴，烤鸭的绝了。而且随时有活动。分量足足一定开尝,吃煎饼果子就来这，绝对正宗，味道棒棒的，烤鸭的绝了。而且随时有活动。分量足足一定开尝
codedlang:608:01,Crowd-AI-Lab/CodedLang,608,gan,gan,gan,gan,干,干,gan4,kan,kan,kan˥˩,kan˥˩,否,[],official_dictionary_casefold,语音替代,"non_lexical_homophone, phonetic",gan,gan4,kan,ka˥˩n,不爱干服务员就别干啊，跟欠gan一样，小标子曼。sb,不爱干服务员就别干啊，跟欠干一样，小婊子们。傻逼
codedlang:608:02,Crowd-AI-Lab/CodedLang,608,小标子曼,小标子曼,小标子曼,xiao3 biao1 zi man4,小婊子们,小婊子们,xiao3 biao3 zi men,ɕiɑʊ˨˩˦ piɑʊ˥ tsɹ̩ man˥˩,ɕiɑʊ˨˩˦ piɑʊ˥ tsɹ̩ man˥˩,ɕiɑʊ˨˩˦ piɑʊ˨˩˦ tsɹ̩ mən,ɕiɑʊ˨˩˦ piɑʊ˨˩˦ tsɹ̩ mən,否,[],official_dictionary_casefold,非词汇同音词,"non_lexical_homophone, phonetic",xiao3 biao1 zi man4,xiao3 biao3 zi men,ɕjau̯˧˩˧ pjau̯˥ tsɹ̩ ma˥˩n,ɕjau̯˧˩˧ pjau̯˧˩˧ tsɹ̩ mən,不爱干服务员就别干啊，跟欠gan一样，小标子曼。sb,不爱干服务员就别干啊，跟欠干一样，小婊子们。傻逼
codedlang:608:03,Crowd-AI-Lab/CodedLang,608,sb,sb,sb,sb,傻逼,傻逼,sha3 bi1,ˌɛsbˈiː,ˌɛsbˈiː,ʂa˨˩˦ pi˥,ʂa˨˩˦ pi˥,否,[],official_dictionary_casefold,语音替代,"non_lexical_homophone, phonetic",sb,sha3 bi1,ˈɛs pi˥,ʂa˧˩˧ pi˥,不爱干服务员就别干啊，跟欠gan一样，小标子曼。sb,不爱干服务员就别干啊，跟欠干一样，小婊子们。傻逼
codedlang:610:01,Crowd-AI-Lab/CodedLang,610,滴,滴,滴,di1,的,的,de,ti˥,ti˥,tɤ,tɤ,否,[],official_dictionary_casefold,歧义同音词,ambiguous_homophone,di1,de,ti˥,tɤ,THE BEST BOBA PLACE IN IRVINE 美国茶颜悦色，cloudy co永远滴神，买它！！！！,THE BEST BOBA PLACE IN IRVINE 美国茶颜悦色，cloudy co永远的神，买它！！！！
codedlang:611:01,Crowd-AI-Lab/CodedLang,611,tmd,tmd,tmd,tmd,他妈的,他妈的,ta1 ma1 de,tˌiːˌɛmdˈiː,tˌiːˌɛmdˈiː,tʰa˥ ma˥ tɤ,tʰa˥ ma˥ tɤ,否,[],official_dictionary_casefold,语音替代,phonetic,tmd,ta1 ma1 de,ˈti ˈɛm ti,tʰa˥ ma˥ tɤ,太糟糕了，我的錢在裡面買了幣，tmd，盡然把我的帳號鎖住了，千萬千萬不能用這個垃圾公司，告訴別人,太糟糕了，我的錢在裡面買了幣，他妈的，盡然把我的帳號鎖住了，千萬千萬不能用這個垃圾公司，告訴別人
codedlang:612:01,Crowd-AI-Lab/CodedLang,612,tm,tm,tm,tm,他妈,他妈,ta1 ma1,tˌiːˈɛm,tˌiːˈɛm,tʰa˥ ma˥,tʰa˥ ma˥,否,[],official_dictionary_casefold,语音替代,phonetic,tm,ta1 ma1,ˈti ˈɛm,tʰa˥ ma˥,这个店太坑爹了，我从来不会给人写差评。但是这是我的处女评论， 真的太难吃了， 太tm慢了，等菜最少都要半个小时以上，点完菜之后半个小时都没有一点吃的，味道极差。真的别去 谁去谁后悔，永远不会去第二次。这种店不倒闭，天理难容,这个店太坑爹了，我从来不会给人写差评。但是这是我的处女评论， 真的太难吃了， 太他妈慢了，等菜最少都要半个小时以上，点完菜之后半个小时都没有一点吃的，味道极差。真的别去 谁去谁后悔，永远不会去第二吃。这种店不倒闭，天理难容
codedlang:613:01,Crowd-AI-Lab/CodedLang,613,滴,滴,滴,di1,的,的,de,ti˥,ti˥,tɤ,tɤ,否,[],official_dictionary_casefold,歧义同音词,ambiguous_homophone,di1,de,ti˥,tɤ,"这里有地道的北方麻辣烫！味道很不错！我的最爱！百香果沙冰！凉皮是手工制作的，味道酸酸甜甜滴，一是夏天的美味佳肴！麻辣烫也是一绝，有麻有辣才有味道!National Day ,Close one hour in advance, watch the fireworks!新品东北冷面，炒面.美味！","这里有地道的北方麻啦烫！味道很不错！我的最爱！百香果沙冰！凉皮是手工制作的，味道酸酸甜甜的，一是夏天的美味佳肴！麻啦烫也是一绝，有麻有啦才有味道!National 啲ay ,Close one hour in advance, watch the fireworks!新品东北冷面，炒面.美味！"
codedlang:614:01,Crowd-AI-Lab/CodedLang,614,tm,tm,tm,tm,他妈,他妈,ta1 ma1,tˌiːˈɛm,tˌiːˈɛm,tʰa˥ ma˥,tʰa˥ ma˥,否,[],official_dictionary_casefold,语音替代,phonetic,tm,ta1 ma1,ˈti ˈɛm,tʰa˥ ma˥,"我tm从未见过如此厚颜无耻的公司啊... 我没买这家的业务, 因为穿过小区, 在指定时间内去pick up一个包裹, 已经很蠢了. 自己还要付钱, 就更蠢了... 这sb服务不仅要付月费, 还要付开户费, 包裹不及时拿还要罚款. 快递员业管不了, 随便找个用户名字, 然后把我包裹丢进去, 就算delivery. 短短1周发生了两次. 包裹都消失了... 我没有code无法拿出包裹, seller拒绝赔付, 因为已经delivery, 客服打了几个小时的电话, 永远没人接. 我现在买东西, 都尽量选fedex和usps, 这两家基本不会丢快递进这个locker box. 黑心公司, 垃圾技术.","我他妈从未见过如此厚颜无耻的公司啊... 我没买这家的业务, 因为穿过小区, 在指定时间内去pick up一个包裹, 已经很蠢了. 自己还要付钱, 就更蠢了... 这傻逼服务不仅要付月费, 还要付开户费, 包裹不及时拿还要罚款. 快递员业管不了, 随便找个用户名字, 然后把我包裹丢进去, 就算delivery. 短短1周发生了两吃. 包裹都消失了... 我没有code无法拿出包裹, seller拒绝赔付, 因为已经delivery, 客服打了几个小时的电话, 永远没人接. 我现在买东西, 都尽量选fedex和usps, 这两家基本不会丢快递进这个locker 逼ox. 黑心公司, 垃圾技术."
codedlang:614:02,Crowd-AI-Lab/CodedLang,614,sb,sb,sb,sb,傻逼,傻逼,sha3 bi1,ˌɛsbˈiː,ˌɛsbˈiː,ʂa˨˩˦ pi˥,ʂa˨˩˦ pi˥,否,[],official_dictionary_casefold,语音替代,phonetic,sb,sha3 bi1,ˈɛs pi˥,ʂa˧˩˧ pi˥,"我tm从未见过如此厚颜无耻的公司啊... 我没买这家的业务, 因为穿过小区, 在指定时间内去pick up一个包裹, 已经很蠢了. 自己还要付钱, 就更蠢了... 这sb服务不仅要付月费, 还要付开户费, 包裹不及时拿还要罚款. 快递员业管不了, 随便找个用户名字, 然后把我包裹丢进去, 就算delivery. 短短1周发生了两次. 包裹都消失了... 我没有code无法拿出包裹, seller拒绝赔付, 因为已经delivery, 客服打了几个小时的电话, 永远没人接. 我现在买东西, 都尽量选fedex和usps, 这两家基本不会丢快递进这个locker box. 黑心公司, 垃圾技术.","我他妈从未见过如此厚颜无耻的公司啊... 我没买这家的业务, 因为穿过小区, 在指定时间内去pick up一个包裹, 已经很蠢了. 自己还要付钱, 就更蠢了... 这傻逼服务不仅要付月费, 还要付开户费, 包裹不及时拿还要罚款. 快递员业管不了, 随便找个用户名字, 然后把我包裹丢进去, 就算delivery. 短短1周发生了两吃. 包裹都消失了... 我没有code无法拿出包裹, seller拒绝赔付, 因为已经delivery, 客服打了几个小时的电话, 永远没人接. 我现在买东西, 都尽量选fedex和usps, 这两家基本不会丢快递进这个locker 逼ox. 黑心公司, 垃圾技术."
codedlang:615:01,Crowd-AI-Lab/CodedLang,615,tm,tm,tm,tm,他妈,他妈,ta1 ma1,tˌiːˈɛm,tˌiːˈɛm,tʰa˥ ma˥,tʰa˥ ma˥,否,[],official_dictionary_casefold,语音替代,phonetic,tm,ta1 ma1,ˈti ˈɛm,tʰa˥ ma˥,去c 开头的一个店  买了个钱夹   结果排队的时候  前台  让我后面排队的  看上去跟他们同胞的 先去结账，  我果断把钱包扔了  转身走人  wtf  不tm 买了,去c 开头的一个店  买了个钱夹   结果排队的时候  前台  让我后面排队的  看上去跟他们同胞的 先去结账，  我果断把钱包扔了  转身走人  wtf  不他妈 买了
codedlang:616:01,Crowd-AI-Lab/CodedLang,616,tm,tm,tm,tm,他妈,他妈,ta1 ma1,tˌiːˈɛm,tˌiːˈɛm,tʰa˥ ma˥,tʰa˥ ma˥,否,[],official_dictionary_casefold,语音替代,phonetic,tm,ta1 ma1,ˈti ˈɛm,tʰa˥ ma˥,垃圾的服务质量！一点不忙 我一个人 等了十几分钟 没有服务员给带位！后面来了一个四人桌！直接跳过我先去带后面的人 坐下 看菜单看了十几分钟 没有人给我点餐！最后 过来一个女的 站在我身边 翻了好久东西 不理我 终于处理完自己的事情 我说两份酥皮牛柳 说要等很久 我说可以 又说 做不了了 师傅要下班了 让我点些简单的东西 我tm九点半进入店到十点 你们和我说话这个？我又不是不付钱 我吃什么东西还要你们说？,垃圾的服务质量！一点不忙 我一个人 等了十几分钟 没有服务员给带位！后面来了一个四人桌！直接跳过我先去带后面的人 坐下 看菜单看了十几分钟 没有人给我点餐！最后 过来一个女的 站在我身边 翻了好久东西 不理我 终于处理完自己的事情 我说两份酥皮牛柳 说要等很久 我说可以 又说 做不了了 师傅要下班了 让我点些简单的东西 我他妈九点半进入店到十点 你们和我说话这个？我又不是不付钱 我吃什么东西还要你们说？
codedlang:618:01,Crowd-AI-Lab/CodedLang,618,mmp,mmp,mmp,mmp,妈卖批,妈卖批,ma1 mai4 pi1,ˌɛmˌɛmpˈiː,ˌɛmˌɛmpˈiː,ma˥ mai˥˩ pʰi˥,ma˥ mai˥˩ pʰi˥,否,[],official_dictionary_casefold,语音替代,phonetic,mmp,ma1 mai4 pi1,ˈɛm ˈɛm ˈpi,ma˥ mai̯˥˩ pʰi˥,我有一句mmp不知道要不要对那里的店员说,我有一句妈卖批不知道要不要对那里的店员说
codedlang:619:01,Crowd-AI-Lab/CodedLang,619,tmd,tmd,tmd,tmd,他妈的,他妈的,ta1 ma1 de,tˌiːˌɛmdˈiː,tˌiːˌɛmdˈiː,tʰa˥ ma˥ tɤ,tʰa˥ ma˥ tɤ,否,[],official_dictionary_casefold,语音替代,phonetic,tmd,ta1 ma1 de,ˈti ˈɛm ti,tʰa˥ ma˥ tɤ,服务态度这么差 你还吃个tmdjb,服务态度这么差 你还吃个他妈的鸡巴
codedlang:619:02,Crowd-AI-Lab/CodedLang,619,jb,jb,jb,jb,鸡巴,鸡巴,ji1 ba1,dʒˌeɪbˈiː,dʒˌeɪbˈiː,tɕi˥ pa˥,tɕi˥ pa˥,否,[],official_dictionary_casefold,语音替代,phonetic,jb,ji1 ba1,ˈdʒeɪ pi˥,tɕi˥ pa˥,服务态度这么差 你还吃个tmdjb,服务态度这么差 你还吃个他妈的鸡巴
codedlang:620:01,Crowd-AI-Lab/CodedLang,620,好次,好次,好次,hao3 ci4,好吃,好吃,hao3 chi1,xɑʊ˨˩˦ tsʰɹ̩˥˩,xɑʊ˨˩˦ tsʰɹ̩˥˩,xɑʊ˨˩˦ ʈʂʰɻ̩˥,xɑʊ˨˩˦ ʈʂʰɻ̩˥,否,[],official_dictionary_casefold,非词汇同音词,non_lexical_homophone,hao3 ci4,hao3 chi1,xau̯˧˩˧ tsʰɹ̩˥˩,xau̯˧˩˧ ʈʂʰɻ̩˥,可清淡可重口，好次！,可清淡可重口，好吃！
codedlang:621:01,Crowd-AI-Lab/CodedLang,621,tm,tm,tm,tm,他妈,他妈,ta1 ma1,tˌiːˈɛm,tˌiːˈɛm,tʰa˥ ma˥,tʰa˥ ma˥,否,[],official_dictionary_casefold,语音替代,phonetic,tm,ta1 ma1,ˈti ˈɛm,tʰa˥ ma˥,麻酱难吃的一批，火锅底料一点味儿没有！没吃过这么难吃的火锅我tm服了,麻酱难吃的一批，火锅底料一点味儿没有！没吃过这么难吃的火锅我他妈服了
codedlang:622:01,Crowd-AI-Lab/CodedLang,622,滴,滴,滴,di1,的,的,de,ti˥,ti˥,tɤ,tɤ,否,[],official_dictionary_casefold,歧义同音词,"ambiguous_homophone, non_lexical_homophone",di1,de,ti˥,tɤ,遇到說中文滴店員 總算搞定網路了(耶)  其實偶們前一晚就來過 不過店家打烊時間較隔壁早 所以有需求真滴還是要趁早挖,遇到說中文的店員 總算搞定網路了(耶)  其實我們前一晚就來過 不過店家打烊時間較隔壁早 所以有需求真的還是要趁早哇
codedlang:622:02,Crowd-AI-Lab/CodedLang,622,偶們,偶們,偶們,ou3 men,我們,我們,wo3 men,oʊ˨˩˦ mən,oʊ˨˩˦ mən,wɔ˨˩˦ mən,wɔ˨˩˦ mən,否,[],official_dictionary_casefold,非词汇同音词,"ambiguous_homophone, non_lexical_homophone",ou3 men,wo3 men,ou̯˧˩˧ mən,wo˧˩˧ mən,遇到說中文滴店員 總算搞定網路了(耶)  其實偶們前一晚就來過 不過店家打烊時間較隔壁早 所以有需求真滴還是要趁早挖,遇到說中文的店員 總算搞定網路了(耶)  其實我們前一晚就來過 不過店家打烊時間較隔壁早 所以有需求真的還是要趁早哇
codedlang:622:03,Crowd-AI-Lab/CodedLang,622,挖,挖,挖,wa1,哇,哇,wa,wa˥,wa˥,wa,wa,否,[],official_dictionary_casefold,歧义同音词,"ambiguous_homophone, non_lexical_homophone",wa1,wa,wa˥,wa,遇到說中文滴店員 總算搞定網路了(耶)  其實偶們前一晚就來過 不過店家打烊時間較隔壁早 所以有需求真滴還是要趁早挖,遇到說中文的店員 總算搞定網路了(耶)  其實我們前一晚就來過 不過店家打烊時間較隔壁早 所以有需求真的還是要趁早哇
codedlang:623:01,Crowd-AI-Lab/CodedLang,623,几把,几把,几把,ji3 ba3,鸡巴,鸡巴,ji1 ba1,tɕi˨˩˦ pa˨˩˦,tɕi˨˩˦ pa˨˩˦,tɕi˥ pa˥,tɕi˥ pa˥,否,[],official_dictionary_casefold,非词汇同音词,ambiguous_homophone,ji3 ba3,ji1 ba1,tɕi˧˩˧ pa˧˩˧,tɕi˥ pa˥,菜很好吃 给三星是因为服务态度是真几把差劲👎🏻👎🏻👎🏻 一进来服务员就连手都不抬 爱答不理得说一句随便坐 脸上表情跟我们欠他们钱一样 我觉得这个服务员如果不换掉 真的影响这个餐厅 就那个女服务员 对客人连个表情都没有 跟其他的服务员聊天的时候倒是挺开心的,菜很好吃 给三星是因为服务态度是真鸡巴差劲👎🏻👎🏻👎🏻 一进来服务员就连手都不抬 爱答不理得说一句随便坐 脸上表情跟我们欠他们钱一样 我觉得这个服务员如果不换掉 真的影响这个餐厅 就那个女服务员 对客人连个表情都没有 跟其他的服务员聊天的时候倒是挺开心的
codedlang:624:01,Crowd-AI-Lab/CodedLang,624,好次,好次,好次,hao3 ci4,好吃,好吃,hao3 chi1,xɑʊ˨˩˦ tsʰɹ̩˥˩,xɑʊ˨˩˦ tsʰɹ̩˥˩,xɑʊ˨˩˦ ʈʂʰɻ̩˥,xɑʊ˨˩˦ ʈʂʰɻ̩˥,否,[],official_dictionary_casefold,非词汇同音词,non_lexical_homophone,hao3 ci4,hao3 chi1,xau̯˧˩˧ tsʰɹ̩˥˩,xau̯˧˩˧ ʈʂʰɻ̩˥,好次～,好吃～
codedlang:625:01,Crowd-AI-Lab/CodedLang,625,滴,滴,滴,di1,的,的,de,ti˥,ti˥,tɤ,tɤ,否,[],official_dictionary_casefold,歧义同音词,ambiguous_homophone,di1,de,ti˥,tɤ,这家店服务体验非常棒！服务态度非常好..特别是其中接待我们的fay妹妹..其实从进店后我们什么都不懂..从进店以后fay一直接待我们..从家庭套餐的讲解一直到帮助我们如何从旧的运营商转过来..其中我们提出了一大堆的疑问..她一直都是非常耐心的讲解..后来我们一个家庭五个人一起买了五台iPhoneX..她还给了她们公司所能给到的最优惠的价格给我们..真是太好了..很少有工作人员有这么专业的服务态度..说起运营商..个人感觉sprint 综合来说性价比确实比其余运营商性价比要高很多..本人用过其他两家运营商..感觉他们家还是蛮有实力滴..,这家店服务体验非常棒！服务态度非常好..特别是其中接待我们的fay妹妹..其实从进店后我们什么都不懂..从进店以后fay一直接待我们..从家庭套餐的讲解一直到帮助我们如何从旧的运营商转过来..其中我们提出了一大堆的疑问..她一直都是非常耐心的讲解..后来我们一个家庭五个人一起买了五台iPhone叉..她还给了她们公司所能给到的最优惠的价格给我们..真是太好了..很少有工作人员有这么专业的服务态度..说起运营商..个人感觉sprint 综合来说性价比确实比其余运营商性价比要高很多..本人用过其他两家运营商..感觉他们家还是蛮有实力的..
codedlang:626:01,Crowd-AI-Lab/CodedLang,626,tmd,tmd,tmd,tmd,他妈的,他妈的,ta1 ma1 de,tˌiːˌɛmdˈiː,tˌiːˌɛmdˈiː,tʰa˥ ma˥ tɤ,tʰa˥ ma˥ tɤ,否,[],official_dictionary_casefold,语音替代,phonetic,tmd,ta1 ma1 de,ˈti ˈɛm ti,tʰa˥ ma˥ tɤ,简单来说吧，味道真tmd难吃，以前现金8折味道也对不起最后的账单金额。服务烂，老板娘丑，还是真tdm丑的那种。同时也谢谢老板娘，看到她的老脸，终于顺利的把刚才吃的那些垃圾吐的一塌糊涂了。肠胃干干净净，没毛病。😂😂🤣🤣挺贵的。纸包鱼没有烤熟，回家后小孩子拉肚子，服务员态度也不行。系统支持的话，一颗星我也不想给。谢谢，不会再回来吃的。,简单来说吧，味道真他妈的难吃，以前现金不折味道也对不起最后的账单金额。服务烂，老板娘丑，还是真tdm丑的那种。同时也谢谢老板娘，看到她的老脸，终于顺利的把刚才吃的那些垃圾吐的一塌糊涂了。肠胃干干净净，没毛病。😂😂🤣🤣挺贵的。纸包鱼没有烤熟，回家后小孩子拉肚子，服务员态度也不行。系统支持的话，一颗星我也不想给。谢谢，不会再回来吃的。
codedlang:627:01,Crowd-AI-Lab/CodedLang,627,tmd,tmd,tmd,tmd,他妈的,他妈的,ta1 ma1 de,tˌiːˌɛmdˈiː,tˌiːˌɛmdˈiː,tʰa˥ ma˥ tɤ,tʰa˥ ma˥ tɤ,否,[],official_dictionary_casefold,语音替代,phonetic,tmd,ta1 ma1 de,ˈti ˈɛm ti,tʰa˥ ma˥ tɤ,太慢了 换个机油三个小时 tmd,太慢了 换个机油三个小时 他妈的
codedlang:629:01,Crowd-AI-Lab/CodedLang,629,敲,敲,敲,qiao1,超,超,chao1,tɕʰiɑʊ˥,tɕʰiɑʊ˥,ʈʂʰɑʊ˥,ʈʂʰɑʊ˥,否,[],official_dictionary_casefold,歧义同音词,ambiguous_homophone,qiao1,chao1,tɕʰjau̯˥,ʈʂʰau̯˥,敲好喝,超好喝
codedlang:630:01,Crowd-AI-Lab/CodedLang,630,tm,tm,tm,tm,他妈,他妈,ta1 ma1,tˌiːˈɛm,tˌiːˈɛm,tʰa˥ ma˥,tʰa˥ ma˥,否,[],official_dictionary_casefold,语音替代,phonetic,tm,ta1 ma1,ˈti ˈɛm,tʰa˥ ma˥,连tm椅子都没有,连他妈椅子都没有
codedlang:631:01,Crowd-AI-Lab/CodedLang,631,tm,tm,tm,tm,他妈,他妈,ta1 ma1,tˌiːˈɛm,tˌiːˈɛm,tʰa˥ ma˥,tʰa˥ ma˥,否,[],official_dictionary_casefold,语音替代,phonetic,tm,ta1 ma1,ˈti ˈɛm,tʰa˥ ma˥,12：30进点吃饭点了一条干烧鱼，1：26分吃饱了，买单前鱼上来了！催菜服务员说鱼是先杀的所以要慢一些，我就想问问这鱼咋杀的要用这么久，拿绳子一点点勒死它么？欺负谁tm没做过饭杀过鱼？菜品贵一点服务好也就算了，后厨的服务不包含在服务范围内么？真让人生气,12：30进点吃饭点了一条干烧鱼，1：2厉害分吃饱了，买单前鱼上来了！催菜服务员说鱼是先杀的所以要慢一些，我就想问问这鱼咋杀的要用这么久，拿绳子一点点勒死它么？欺负谁他妈没做过饭杀过鱼？菜品贵一点服务好也就算了，后厨的服务不包含在服务范围内么？真让人生气
codedlang:632:01,Crowd-AI-Lab/CodedLang,632,jb,jb,jb,jb,鸡巴,鸡巴,ji1 ba1,dʒˌeɪbˈiː,dʒˌeɪbˈiː,tɕi˥ pa˥,tɕi˥ pa˥,否,[],official_dictionary_casefold,语音替代,phonetic,jb,ji1 ba1,ˈdʒeɪ pi˥,tɕi˥ pa˥,垃圾店主 瞎jb收费,垃圾店主 瞎鸡巴收费
codedlang:633:01,Crowd-AI-Lab/CodedLang,633,jb,jb,jb,jb,鸡巴,鸡巴,ji1 ba1,dʒˌeɪbˈiː,dʒˌeɪbˈiː,tɕi˥ pa˥,tɕi˥ pa˥,否,[],official_dictionary_casefold,语音替代,phonetic,jb,ji1 ba1,ˈdʒeɪ pi˥,tɕi˥ pa˥,简直太糟糕了 永远都不会再去了 真的乱收费 服务贼差 机器也很低级 没有什么歌 服务员也贼傻逼 一进门就开始坑人 太jb傻逼了 去了就死妈,简直太糟糕了 永远都不会再去了 真的乱收费 服务贼差 机器也很低级 没有什么歌 服务员也贼傻逼 一进门就开始坑人 太鸡巴傻逼了 去了就死妈
codedlang:635:01,Crowd-AI-Lab/CodedLang,635,滴,滴,滴,di1,的,的,de,ti˥,ti˥,tɤ,tɤ,否,[],official_dictionary_casefold,歧义同音词,ambiguous_homophone,di1,de,ti˥,tɤ,隨意走走逛逛 商場滴造景很多 也有不錯滴吃飯商家跟小型摩天輪可遠眺海景,隨意走走逛逛 商場的造景很多 也有不錯的吃飯商家跟小型摩天輪可遠眺海景
codedlang:636:01,Crowd-AI-Lab/CodedLang,636,mmp,mmp,mmp,mmp,妈卖批,妈卖批,ma1 mai4 pi1,ˌɛmˌɛmpˈiː,ˌɛmˌɛmpˈiː,ma˥ mai˥˩ pʰi˥,ma˥ mai˥˩ pʰi˥,否,[],official_dictionary_casefold,语音替代,phonetic,mmp,ma1 mai4 pi1,ˈɛm ˈɛm ˈpi,ma˥ mai̯˥˩ pʰi˥,mmp什么鬼地方，我们停在这里加油，然后想像在其他加油站一样使用他们的洗手间，他们的洗手间完全找不到，询问工作人员，态度差到令人发指。我问“Excuse me do you have a restroom here?” 对方只回答了一个Yes，没有任何下文，留我尴尬的站在一边。我无奈只好又问了一句，“where is it？”然后那个工作人员终于肯抬起头，问我“Are you a customer we are not public it’s only open for customer”。我不确定加油五十多刀算不算你们的客人，但你们这个破态度，我还不如换一家，受你这个气😡 她完全可以用更恰当的方式进行沟通，但是她选择令人气愤的方式，我只能说，生活水平差，都是你自己的素质导致的，差评再见,妈卖批什么鬼地方，我们停在这里加油，然后想像在其他加油站一样使用他们的洗手间，他们的洗手间完全找不到，询问工作人员，态度差到令人发指。我问“Excuse me do you have a restroom here?” 对方只回答了一个Yes，没有任何下文，留我尴尬的站在一边。我无奈只好又问了一句，“where is it？”然后那个工作人员终于肯抬起头，问我“Are you a customer we are not pu逼lic it’s only open for customer”。我不确定加油五十多刀算不算你们的客人，但你们这个破态度，我还不如换一家，受你这个气😡 她完全可以用更恰当的方式进行沟通，但是她选择令人气愤的方式，我只能说，生活水平差，都是你自己的素质导致的，差评再见
codedlang:637:01,Crowd-AI-Lab/CodedLang,637,滴,滴,滴,di1,的,的,de,ti˥,ti˥,tɤ,tɤ,否,[],official_dictionary_casefold,歧义同音词,ambiguous_homophone,di1,de,ti˥,tɤ,美味滴烧烤,美味的烧烤
codedlang:638:01,Crowd-AI-Lab/CodedLang,638,滴,滴,滴,di1,的,的,de,ti˥,ti˥,tɤ,tɤ,否,[],official_dictionary_casefold,歧义同音词,ambiguous_homophone,di1,de,ti˥,tɤ,是真滴好吃！手抓饭，大盘鸡，凉拌牛肉还有羊腿都非常好吃😋,是真的好吃！手抓饭，大盘鸡，凉拌牛肉还有羊腿都非常好吃😋
codedlang:639:01,Crowd-AI-Lab/CodedLang,639,tm,tm,tm,tm,他妈,他妈,ta1 ma1,tˌiːˈɛm,tˌiːˈɛm,tʰa˥ ma˥,tʰa˥ ma˥,否,[],official_dictionary_casefold,语音替代,phonetic,tm,ta1 ma1,ˈti ˈɛm,tʰa˥ ma˥,Two Funny guys work in DMV. 真tm好员工哦 好棒棒哦,Two Funny guys work in 啲MV. 真他妈好员工哦 好棒棒哦
codedlang:640:01,Crowd-AI-Lab/CodedLang,640,惹,惹,惹,re3,了,了,le,ɻɤ˨˩˦,ɻɤ˨˩˦,lɤ,lɤ,否,[],official_dictionary_casefold,歧义同音词,ambiguous_homophone,re3,le,ɻɤ˧˩˧,lɤ,我來當鋼鐵人惹  甜甜圈為傳統式非精緻的,我來當鋼鐵人了  甜甜圈為傳統式非精緻的
codedlang:641:01,Crowd-AI-Lab/CodedLang,641,滴,滴,滴,di1,的,的,de,ti˥,ti˥,tɤ,tɤ,否,[],official_dictionary_casefold,歧义同音词,"ambiguous_homophone, non_lexical_homophone",di1,de,ti˥,tɤ,沙漠中滴Outlet 只能說偶們運氣也太好 在此遇到沙塵暴 風大到走路有點困難 好哩家在商店都有門 只好多花點時間躲沙塵暴了😭,沙漠中的Outlet 只能說我們運氣也太好 在此遇到沙塵暴 風大到走路有點困難 好哩家在商店都有門 只好多花點時間躲沙塵暴了😭
codedlang:641:02,Crowd-AI-Lab/CodedLang,641,偶們,偶們,偶們,ou3 men,我們,我們,wo3 men,oʊ˨˩˦ mən,oʊ˨˩˦ mən,wɔ˨˩˦ mən,wɔ˨˩˦ mən,否,[],official_dictionary_casefold,非词汇同音词,"ambiguous_homophone, non_lexical_homophone",ou3 men,wo3 men,ou̯˧˩˧ mən,wo˧˩˧ mən,沙漠中滴Outlet 只能說偶們運氣也太好 在此遇到沙塵暴 風大到走路有點困難 好哩家在商店都有門 只好多花點時間躲沙塵暴了😭,沙漠中的Outlet 只能說我們運氣也太好 在此遇到沙塵暴 風大到走路有點困難 好哩家在商店都有門 只好多花點時間躲沙塵暴了😭
codedlang:642:01,Crowd-AI-Lab/CodedLang,642,mmp,mmp,mmp,mmp,妈卖批,妈卖批,ma1 mai4 pi1,ˌɛmˌɛmpˈiː,ˌɛmˌɛmpˈiː,ma˥ mai˥˩ pʰi˥,ma˥ mai˥˩ pʰi˥,否,[],official_dictionary_casefold,语音替代,phonetic,mmp,ma1 mai4 pi1,ˈɛm ˈɛm ˈpi,ma˥ mai̯˥˩ pʰi˥,垃圾奥特莱斯，价格不感人，款式mmp，只有餐厅的金枪鱼沙拉很新鲜，吃的舒服,垃圾奥特莱斯，价格不感人，款式妈卖批，只有餐厅的金枪鱼沙拉很新鲜，吃的舒服
codedlang:643:01,Crowd-AI-Lab/CodedLang,643,滴,滴,滴,di1,的,的,de,ti˥,ti˥,tɤ,tɤ,否,[],official_dictionary_casefold,歧义同音词,ambiguous_homophone,di1,de,ti˥,tɤ,粗發前就計畫到此''草間彌生''一下 殊不知計畫趕不上變化 由於種種意外 到此已是華燈初上滴藍幕時分 更別說要親眼看看什麼''無限鏡屋''了^^!,粗發前就計畫到此''草間彌生''一下 殊不知計畫趕不上變化 由於種種意外 到此已是華燈初上的藍幕時分 更別說要親眼看看什麼''無限鏡屋''了^^!
codedlang:644:01,Crowd-AI-Lab/CodedLang,644,滴,滴,滴,di1,的,的,de,ti˥,ti˥,tɤ,tɤ,否,[],official_dictionary_casefold,歧义同音词,ambiguous_homophone,di1,de,ti˥,tɤ,好滴好滴，谢谢各位,好的好的，谢谢各位
codedlang:645:01,Crowd-AI-Lab/CodedLang,645,wrnmmp,wrnmmp,wrnmmp,wrnmmp,我日你妈卖批,我日你妈卖批,wo3 ri4 ni3 ma1 mai4 pi1,dˌʌbəljˌuːˌɑːɹˈɛnˌɛmˌɛmpˈiː,dˌʌbəljˌuːˌɑːɹˈɛnˌɛmˌɛmpˈiː,wɔ˨˩˦ ɻɻ̩˥˩ ni˨˩˦ ma˥ mai˥˩ pʰi˥,wɔ˨˩˦ ɻɻ̩˥˩ ni˨˩˦ ma˥ mai˥˩ pʰi˥,否,[],official_dictionary_casefold,语音替代,phonetic,wrnmmp,wo3 ri4 ni3 ma1 mai4 pi1,ˈdəbəɫju ˈɑɹ ˈɛn ˈɛm ˈɛm ˈpi,wo˧˩˧ ɻɻ̩˥˩ ni˧˩˧ ma˥ mai̯˥˩ pʰi˥,服务差的一逼 经理不服务 经理干嘛的？？一堆人在地下晃悠来晃悠去 嘻嘻哈哈 客人等了一下午 最后服务5分钟 还没解决问题 说要不您下次再来 wrnmmp  也就是和谐社会救了你们,服务差的一逼 经理不服务 经理干嘛的？？一堆人在地下晃悠来晃悠去 嘻嘻哈哈 客人等了一下午 最后服务5分钟 还没解决问题 说要不您下吃再来 我日你妈卖批  也就是和谐社会救了你们
codedlang:646:01,Crowd-AI-Lab/CodedLang,646,wcnm,wcnm,wcnm,wcnm,我操你妈,我操你妈,wo3 cao1 ni3 ma1,dˌʌbəljˌuːsˌiːˌɛnˈɛm,dˌʌbəljˌuːsˌiːˌɛnˈɛm,wɔ˨˩˦ tsʰɑʊ˥ ni˨˩˦ ma˥,wɔ˨˩˦ tsʰɑʊ˥ ni˨˩˦ ma˥,否,[],official_dictionary_casefold,语音替代,phonetic,wcnm,wo3 cao1 ni3 ma1,ˈdəbəɫju ˈsi ˈɛn ˈɛm,wo˧˩˧ tsʰau̯˥ ni˧˩˧ ma˥,west village wcnm听见了没 wcnm! 我每个月交32刀不是让你在final week给我断网的好吧,west village 我操你妈听见了没 我操你妈! 我每个月交32刀不是让你在final week给我断网的好吧
codedlang:647:01,Crowd-AI-Lab/CodedLang,647,滴,滴,滴,di1,的,的,de,ti˥,ti˥,tɤ,tɤ,否,[],official_dictionary_casefold,歧义同音词,ambiguous_homophone,di1,de,ti˥,tɤ,日吗神魔恋？真滴好吃,日吗神魔恋？真的好吃
codedlang:648:01,Crowd-AI-Lab/CodedLang,648,滴,滴,滴,di1,的,的,de,ti˥,ti˥,tɤ,tɤ,否,[],official_dictionary_casefold,歧义同音词,ambiguous_homophone,di1,de,ti˥,tɤ,在大洛杉矶范围宵夜，算相当可以滴。,在大洛杉矶范围宵夜，算相当可以的。
codedlang:649:01,Crowd-AI-Lab/CodedLang,649,滴,滴,滴,di1,的,的,de,ti˥,ti˥,tɤ,tɤ,否,[],official_dictionary_casefold,歧义同音词,ambiguous_homophone,di1,de,ti˥,tɤ,停车位太少了!等了好久才找到，不过价格还是很便宜滴，青菜也很新鲜,停车位太少了!等了好久才找到，不过价格还是很便宜的，青菜也很新鲜
codedlang:650:01,Crowd-AI-Lab/CodedLang,650,jb,jb,jb,jb,鸡巴,鸡巴,ji1 ba1,dʒˌeɪbˈiː,dʒˌeɪbˈiː,tɕi˥ pa˥,tɕi˥ pa˥,否,[],official_dictionary_casefold,语音替代,phonetic,jb,ji1 ba1,ˈdʒeɪ pi˥,tɕi˥ pa˥,我服气，全jb是人根本找不到地方停车，还只收现金,我服气，全鸡巴是人根本找不到地方停车，还只收现金
codedlang:651:01,Crowd-AI-Lab/CodedLang,651,滴,滴,滴,di1,的,的,de,ti˥,ti˥,tɤ,tɤ,否,[],official_dictionary_casefold,歧义同音词,ambiguous_homophone,di1,de,ti˥,tɤ,烧腊肠猪肚 真的是超级无敌咸 真的是 太齁了 盐不要钱还是怎么滴 吃一口就吃不下去了 必须差评,烧腊肠猪肚 真的是超级无敌咸 真的是 太齁了 盐不要钱还是怎么的 吃一口就吃不下去了 必须差评
codedlang:653:01,Crowd-AI-Lab/CodedLang,653,tm,tm,tm,tm,他妈,他妈,ta1 ma1,tˌiːˈɛm,tˌiːˈɛm,tʰa˥ ma˥,tʰa˥ ma˥,否,[],official_dictionary_casefold,语音替代,phonetic,tm,ta1 ma1,ˈti ˈɛm,tʰa˥ ma˥,买了三磅肉片 有一半都是肥肉 真tm垃圾 以后再也不去车库买一毛钱东西了,买了三磅肉片 有一半都是肥肉 真他妈垃圾 以后再也不去车库买一毛钱东西了
codedlang:654:01,Crowd-AI-Lab/CodedLang,654,滴,滴,滴,di1,的,的,de,ti˥,ti˥,tɤ,tɤ,否,[],official_dictionary_casefold,歧义同音词,ambiguous_homophone,di1,de,ti˥,tɤ,蛮好滴,蛮好的
codedlang:655:01,Crowd-AI-Lab/CodedLang,655,tm,tm,tm,tm,他妈,他妈,ta1 ma1,tˌiːˈɛm,tˌiːˈɛm,tʰa˥ ma˥,tʰa˥ ma˥,否,[],official_dictionary_casefold,语音替代,phonetic,tm,ta1 ma1,ˈti ˈɛm,tʰa˥ ma˥,又贵量又小，结账还把小费都给加好了，真tm大爷的店。,又贵量又小，结账还把小费都给加好了，真他妈大爷的店。
codedlang:656:01,Crowd-AI-Lab/CodedLang,656,jb,jb,jb,jb,鸡巴,鸡巴,ji1 ba1,dʒˌeɪbˈiː,dʒˌeɪbˈiː,tɕi˥ pa˥,tɕi˥ pa˥,否,[],official_dictionary_casefold,语音替代,phonetic,jb,ji1 ba1,ˈdʒeɪ pi˥,tɕi˥ pa˥,我一颗星都不想给什么时候能出个负星评价 I've been here twice. The bills are all wrong and always overcharged. Poor service. 什么破店啊劝所有人以后能不来就不来，来吃饭的结账也仔细对一下账单，吃饭账单上25块多我给了40第一次就找了我10块多我找服务员说找错了，他们拿回去对了一遍回来说是28块多又多给我一块，以为我数学体育老师教的啊。一共就来了两次每次都算错 至于么！！！！！！！！！破jb店真TMD丢人。。。,我一颗星都不想给什么时候能出个负星评价 I've 逼een here twice. The 逼ills are all wrong and always overcharged. Poor service. 什么破店啊劝所有人以后能不来就不来，来吃饭的结账也仔细对一下账单，吃饭账单上25块多我给了40第一吃就找了我10块多我找服务员说找错了，他们拿回去对了一遍回来说是2不块多又多给我一块，以为我数学体育老师教的啊。一共就来了两吃每吃都算错 至于么！！！！！！！！！破鸡巴店真他妈的丢人。。。
codedlang:656:02,Crowd-AI-Lab/CodedLang,656,TMD,TMD,TMD,TMD,他妈的,他妈的,ta1 ma1 de,tˌiːˌɛmdˈiː,tˌiːˌɛmdˈiː,tʰa˥ ma˥ tɤ,tʰa˥ ma˥ tɤ,否,[],official_dictionary_casefold,语音替代,phonetic,tmd,ta1 ma1 de,ˈti ˈɛm ti,tʰa˥ ma˥ tɤ,我一颗星都不想给什么时候能出个负星评价 I've been here twice. The bills are all wrong and always overcharged. Poor service. 什么破店啊劝所有人以后能不来就不来，来吃饭的结账也仔细对一下账单，吃饭账单上25块多我给了40第一次就找了我10块多我找服务员说找错了，他们拿回去对了一遍回来说是28块多又多给我一块，以为我数学体育老师教的啊。一共就来了两次每次都算错 至于么！！！！！！！！！破jb店真TMD丢人。。。,我一颗星都不想给什么时候能出个负星评价 I've 逼een here twice. The 逼ills are all wrong and always overcharged. Poor service. 什么破店啊劝所有人以后能不来就不来，来吃饭的结账也仔细对一下账单，吃饭账单上25块多我给了40第一吃就找了我10块多我找服务员说找错了，他们拿回去对了一遍回来说是2不块多又多给我一块，以为我数学体育老师教的啊。一共就来了两吃每吃都算错 至于么！！！！！！！！！破鸡巴店真他妈的丢人。。。
codedlang:657:01,Crowd-AI-Lab/CodedLang,657,好次,好次,好次,hao3 ci4,好吃,好吃,hao3 chi1,xɑʊ˨˩˦ tsʰɹ̩˥˩,xɑʊ˨˩˦ tsʰɹ̩˥˩,xɑʊ˨˩˦ ʈʂʰɻ̩˥,xɑʊ˨˩˦ ʈʂʰɻ̩˥,否,[],official_dictionary_casefold,非词汇同音词,non_lexical_homophone,hao3 ci4,hao3 chi1,xau̯˧˩˧ tsʰɹ̩˥˩,xau̯˧˩˧ ʈʂʰɻ̩˥,好次,好吃
codedlang:658:01,Crowd-AI-Lab/CodedLang,658,好次,好次,好次,hao3 ci4,好吃,好吃,hao3 chi1,xɑʊ˨˩˦ tsʰɹ̩˥˩,xɑʊ˨˩˦ tsʰɹ̩˥˩,xɑʊ˨˩˦ ʈʂʰɻ̩˥,xɑʊ˨˩˦ ʈʂʰɻ̩˥,否,[],official_dictionary_casefold,非词汇同音词,non_lexical_homophone,hao3 ci4,hao3 chi1,xau̯˧˩˧ tsʰɹ̩˥˩,xau̯˧˩˧ ʈʂʰɻ̩˥,对泰国的了解，除了《暹罗之恋》《初恋这件小事》，就是酸辣可口的泰国菜了。湾区物美价廉的泰国餐厅不胜枚举，就连这间泰国寺庙也供应特色美食。寺庙位于Berkeley。本来是一家维多利亚风格的小民居，但通过富有标志性的屋顶、壁画等元素，改成了泰国风格。最早知道这家就是因为听说周日早上会摆摊卖吃的，拿钱换tokens，像小时候去游戏厅一样，再排队拿餐。非常推荐Khanom Krok(椰子饼)，味道有甜有咸很好次~,对泰国的了解，除了《暹罗之恋》《初恋这件小事》，就是酸啦可口的泰国菜了。湾区物美价廉的泰国餐厅不胜枚举，就连这间泰国寺庙也供应特色美食。寺庙位于Berkeley。本来是一家维多利亚风格的小民居，但通过富有标志性的屋顶、壁画等元素，改成了泰国风格。最早知道这家就是因为听说周日早上会摆摊卖吃的，拿钱换tokens，像小时候去游戏厅一样，再排队拿餐。非常推荐Khanom Krok(椰子饼)，味道有甜有咸很好吃~
codedlang:659:01,Crowd-AI-Lab/CodedLang,659,滴,滴,滴,di1,的,的,de,ti˥,ti˥,tɤ,tɤ,否,[],official_dictionary_casefold,歧义同音词,ambiguous_homophone,di1,de,ti˥,tɤ,本以為統稱為音樂中心 沒想到區域內每棟建築都有其名 這棟是賞歌劇用滴,本以為統稱為音樂中心 沒想到區域內每棟建築都有其名 這棟是賞歌劇用的
codedlang:661:01,Crowd-AI-Lab/CodedLang,661,几把,几把,几把,ji3 ba3,鸡巴,鸡巴,ji1 ba1,tɕi˨˩˦ pa˨˩˦,tɕi˨˩˦ pa˨˩˦,tɕi˥ pa˥,tɕi˥ pa˥,否,[],official_dictionary_casefold,非词汇同音词,ambiguous_homophone,ji3 ba3,ji1 ba1,tɕi˧˩˧ pa˧˩˧,tɕi˥ pa˥,太几把贵了,太鸡巴贵了
codedlang:662:01,Crowd-AI-Lab/CodedLang,662,滴,滴,滴,di1,的,的,de,ti˥,ti˥,tɤ,tɤ,否,[],official_dictionary_casefold,歧义同音词,ambiguous_homophone,di1,de,ti˥,tɤ,到机场有个休息室休息是非常不错滴！,到机场有个休息室休息是非常不错的！
codedlang:663:01,Crowd-AI-Lab/CodedLang,663,滴,滴,滴,di1,的,的,de,ti˥,ti˥,tɤ,tɤ,否,[],official_dictionary_casefold,歧义同音词,ambiguous_homophone,di1,de,ti˥,tɤ,真滴弱智地方，google上写的11点营业，到了之后被告知11:30才开门。等了半个小时又告诉我还要再等20分钟，如果你们不能按时开门，拿到第一时间告诉顾客，不要浪费别人的时间，真的挺恶心的。服务员态度也很不好，不知道这种地方在sd怎么开得下去呵呵。,真的弱智地方，google上写的11点营业，到了之后被告知11:30才开门。等了半个小时又告诉我还要再等20分钟，如果你们不能按时开门，拿到第一时间告诉顾客，不要浪费别人的时间，真的挺恶心的。服务员态度也很不好，不知道这种地方在sd怎么开得下去呵呵。
codedlang:664:01,Crowd-AI-Lab/CodedLang,664,jb,jb,jb,jb,鸡巴,鸡巴,ji1 ba1,dʒˌeɪbˈiː,dʒˌeɪbˈiː,tɕi˥ pa˥,tɕi˥ pa˥,否,[],official_dictionary_casefold,语音替代,phonetic,jb,ji1 ba1,ˈdʒeɪ pi˥,tɕi˥ pa˥,东西是真的jb难吃，感觉跟速冻食品差不多,东西是真的鸡巴难吃，感觉跟速冻食品差不多
codedlang:665:01,Crowd-AI-Lab/CodedLang,665,tm,tm,tm,tm,他妈,他妈,ta1 ma1,tˌiːˈɛm,tˌiːˈɛm,tʰa˥ ma˥,tʰa˥ ma˥,否,[],official_dictionary_casefold,语音替代,phonetic,tm,ta1 ma1,ˈti ˈɛm,tʰa˥ ma˥,给一星，不能再多。完全没有服务可言，一份芋圆而已竟然等了一个小时，去问，服务生都是敷衍的态度。可能是LA地区就这一家鲜芋仙让服务生挺有优越感的，但是...一个服务生而已又不是老板，打工的而已。真的tm态度恶劣,给一星，不能再多。完全没有服务可言，一份芋圆而已竟然等了一个小时，去问，服务生都是敷衍的态度。可能是LA地区就这一家鲜芋仙让服务生挺有优越感的，但是...一个服务生而已又不是老板，打工的而已。真的他妈态度恶劣
codedlang:666:01,Crowd-AI-Lab/CodedLang,666,滴,滴,滴,di1,的,的,de,ti˥,ti˥,tɤ,tɤ,否,[],official_dictionary_casefold,歧义同音词,ambiguous_homophone,di1,de,ti˥,tɤ,人多的话可以点烤鱼，味道好分量足。其他菜比如剁椒田鸡，手撕包菜，干锅土豆片，闭着眼点都不会出错！甜品每次都点冰醉豆花，真滴太好吃了！,人多的话可以点烤鱼，味道好分量足。其他菜比如剁椒田鸡，手撕包菜，干锅土豆片，闭着眼点都不会出错！甜品每吃都点冰醉豆花，真的太好吃了！
codedlang:667:01,Crowd-AI-Lab/CodedLang,667,惹,惹,惹,re3,了,了,le,ɻɤ˨˩˦,ɻɤ˨˩˦,lɤ,lɤ,否,[],official_dictionary_casefold,歧义同音词,ambiguous_homophone,re3,le,ɻɤ˧˩˧,lɤ,可能住太多天惹～早餐吃到有點膩；但中庭我覺得很美!!!!,可能住太多天了～早餐吃到有點膩；但中庭我覺得很美!!!!
codedlang:668:01,Crowd-AI-Lab/CodedLang,668,shi wang,shi wang,shi wang,shi wang,失望,失望,shi1 wang4,ʂɻ̩ wɑŋ,ʂɻ̩ wɑŋ,ʂɻ̩˥ wɑŋ˥˩,ʂɻ̩˥ wɑŋ˥˩,否,[],official_dictionary_casefold,语音替代,phonetic,shi wang,shi1 wang4,ʂɻ̩ waŋ,ʂɻ̩˥ wa˥˩ŋ,现在肉类越来越不齐全 不新鲜！ 前台永远没人，就算工作人员看到你也假装看不到 ...shi wang,现在肉类越来越不齐全 不新鲜！ 前台永远没人，就算工作人员看到你也假装看不到 ...屎 wang
codedlang:669:01,Crowd-AI-Lab/CodedLang,669,滴,滴,滴,di1,的,的,de,ti˥,ti˥,tɤ,tɤ,否,[],official_dictionary_casefold,歧义同音词,ambiguous_homophone,di1,de,ti˥,tɤ,麵包很好吃，剛好是我喜歡滴~沙拉份量超足，牛排也非常棒,麵包很好吃，剛好是我喜歡的~沙拉份量超足，牛排也非常棒
codedlang:671:01,Crowd-AI-Lab/CodedLang,671,滴,滴,滴,di1,的,的,de,ti˥,ti˥,tɤ,tɤ,否,[],official_dictionary_casefold,歧义同音词,ambiguous_homophone,di1,de,ti˥,tɤ,車款選擇多樣 但需要小型車最好早一點預定 當天訂當天要有沒車可用滴心理準備 車可租便宜但保險一定要夠,車款選擇多樣 但需要小型車最好早一點預定 當天訂當天要有沒車可用的心理準備 車可租便宜但保險一定要夠
codedlang:672:01,Crowd-AI-Lab/CodedLang,672,mmlgb,mmlgb,mmlgb,mmlgb,妈妈了个逼,妈妈了个逼,ma1 ma1 le ge4 bi1,ˌɛmˌɛmˈɛldʒˌiːbˈiː,ˌɛmˌɛmˈɛldʒˌiːbˈiː,ma˥ ma˥ lɤ kɤ˥˩ pi˥,ma˥ ma˥ lɤ kɤ˥˩ pi˥,否,[],official_dictionary_casefold,语音替代,phonetic,mmlgb,ma1 ma1 le ge4 bi1,ˈɛm ˈɛm ˈɛɫ ˈdʒi pi˥,ma˥ ma˥ lɤ kɤ˥˩ pi˥,mmlgb排队,妈妈了个逼排队
codedlang:674:01,Crowd-AI-Lab/CodedLang,674,TM,TM,TM,TM,他妈,他妈,ta1 ma1,tˌiːˈɛm,tˌiːˈɛm,tʰa˥ ma˥,tʰa˥ ma˥,否,[],official_dictionary_casefold,语音替代,"ambiguous_homophone, phonetic",tm,ta1 ma1,ˈti ˈɛm,tʰa˥ ma˥,差评！好吃不好吃先不说，你TM一中餐厅没有中文菜单为什么？MLGB滴！出洋相！,差评！好吃不好吃先不说，你他妈一中餐厅没有中文菜单为什么？妈了个逼的！出洋相！
codedlang:674:02,Crowd-AI-Lab/CodedLang,674,MLGB,MLGB,MLGB,MLGB,妈了个逼,妈了个逼,ma1 le ge4 bi1,ˌɛmˌɛldʒˌiːbˈiː,ˌɛmˌɛldʒˌiːbˈiː,ma˥ lɤ kɤ˥˩ pi˥,ma˥ lɤ kɤ˥˩ pi˥,否,[],official_dictionary_casefold,语音替代,"ambiguous_homophone, phonetic",mlgb,ma1 le ge4 bi1,ˈɛm  ˈɛɫ/ ˈdʒi pi˥,ma˥ lɤ kɤ˥˩ pi˥,差评！好吃不好吃先不说，你TM一中餐厅没有中文菜单为什么？MLGB滴！出洋相！,差评！好吃不好吃先不说，你他妈一中餐厅没有中文菜单为什么？妈了个逼的！出洋相！
codedlang:674:03,Crowd-AI-Lab/CodedLang,674,滴,滴,滴,di1,的,的,de,ti˥,ti˥,tɤ,tɤ,否,[],official_dictionary_casefold,歧义同音词,"ambiguous_homophone, phonetic",di1,de,ti˥,tɤ,差评！好吃不好吃先不说，你TM一中餐厅没有中文菜单为什么？MLGB滴！出洋相！,差评！好吃不好吃先不说，你他妈一中餐厅没有中文菜单为什么？妈了个逼的！出洋相！
codedlang:675:01,Crowd-AI-Lab/CodedLang,675,惹,惹,惹,re3,了,了,le,ɻɤ˨˩˦,ɻɤ˨˩˦,lɤ,lɤ,否,[],official_dictionary_casefold,歧义同音词,ambiguous_homophone,re3,le,ɻɤ˧˩˧,lɤ,吃的还可以，但是真的好大个，撑死惹,吃的还可以，但是真的好大个，撑死了
codedlang:676:01,Crowd-AI-Lab/CodedLang,676,好次,好次,好次,hao3 ci4,好吃,好吃,hao3 chi1,xɑʊ˨˩˦ tsʰɹ̩˥˩,xɑʊ˨˩˦ tsʰɹ̩˥˩,xɑʊ˨˩˦ ʈʂʰɻ̩˥,xɑʊ˨˩˦ ʈʂʰɻ̩˥,否,[],official_dictionary_casefold,非词汇同音词,non_lexical_homophone,hao3 ci4,hao3 chi1,xau̯˧˩˧ tsʰɹ̩˥˩,xau̯˧˩˧ ʈʂʰɻ̩˥,好次。,好吃。
codedlang:677:01,Crowd-AI-Lab/CodedLang,677,滴,滴,滴,di1,的,的,de,ti˥,ti˥,tɤ,tɤ,否,[],official_dictionary_casefold,歧义同音词,ambiguous_homophone,di1,de,ti˥,tɤ,Cosco 杠杠滴 东西又便宜又好 就是没有会员卡不让进,Cosco 杠杠的 东西又便宜又好 就是没有会员卡不让进
codedlang:678:01,Crowd-AI-Lab/CodedLang,678,滴,滴,滴,di1,的,的,de,ti˥,ti˥,tɤ,tɤ,否,[],official_dictionary_casefold,歧义同音词,ambiguous_homophone,di1,de,ti˥,tɤ,商品价格大大滴便宜！,商品价格大大的便宜！
codedlang:680:01,Crowd-AI-Lab/CodedLang,680,tm,tm,tm,tm,他妈,他妈,ta1 ma1,tˌiːˈɛm,tˌiːˈɛm,tʰa˥ ma˥,tʰa˥ ma˥,否,[],official_dictionary_casefold,语音替代,phonetic,tm,ta1 ma1,ˈti ˈɛm,tʰa˥ ma˥,我还以为要开始呢 结果tm结束了 就是汽车影院而且不知道拍的是啥 屏幕还小 进去还堵车有烟雾 我还以为到北京了呢 工作人员倒是很努力,我还以为要开始呢 结果他妈结束了 就是汽车影院而且不知道拍的是啥 屏幕还小 进去还堵车有烟雾 我还以为到北京了呢 工作人员倒是很努力
codedlang:681:01,Crowd-AI-Lab/CodedLang,681,惹,惹,惹,re3,了,了,le,ɻɤ˨˩˦,ɻɤ˨˩˦,lɤ,lɤ,否,[],official_dictionary_casefold,歧义同音词,ambiguous_homophone,re3,le,ɻɤ˧˩˧,lɤ,店員友善，協助我們順利買到適合的商品，冰淇淋很便宜但是太甜惹～～～,店員友善，協助我們順利買到適合的商品，冰淇淋很便宜但是太甜了～～～
codedlang:682:01,Crowd-AI-Lab/CodedLang,682,滴,滴,滴,di1,的,的,de,ti˥,ti˥,tɤ,tɤ,否,[],official_dictionary_casefold,歧义同音词,ambiguous_homophone,di1,de,ti˥,tɤ,各國超市或傳統市場總是擺飾的花枝招展、色彩繽紛滴……,各國超市或傳統市場總是擺飾的花枝招展、色彩繽紛的……
codedlang:683:01,Crowd-AI-Lab/CodedLang,683,滴,滴,滴,di1,的,的,de,ti˥,ti˥,tɤ,tɤ,否,[],official_dictionary_casefold,歧义同音词,ambiguous_homophone,di1,de,ti˥,tɤ,可爱滴！卡通公仔,可爱的！卡通公仔
codedlang:684:01,Crowd-AI-Lab/CodedLang,684,滴,滴,滴,di1,的,的,de,ti˥,ti˥,tɤ,tɤ,否,[],official_dictionary_casefold,歧义同音词,ambiguous_homophone,di1,de,ti˥,tɤ,说句实话，千万不要点那个综合牛肉汤，是真滴难吃。。油的一匹。。而且不要对韩国的食物抱太大的希望。。,说句实话，千万不要点那个综合牛肉汤，是真的难吃。。油的一匹。。而且不要对韩国的食物抱太大的希望。。
codedlang:685:01,Crowd-AI-Lab/CodedLang,685,jb,jb,jb,jb,鸡巴,鸡巴,ji1 ba1,dʒˌeɪbˈiː,dʒˌeɪbˈiː,tɕi˥ pa˥,tɕi˥ pa˥,否,[],official_dictionary_casefold,语音替代,phonetic,jb,ji1 ba1,ˈdʒeɪ pi˥,tɕi˥ pa˥,非常垃圾 巨jb难吃 服务态度极其不好！！！,非常垃圾 巨鸡巴难吃 服务态度极其不好！！！
codedlang:686:01,Crowd-AI-Lab/CodedLang,686,好次,好次,好次,hao3 ci4,好吃,好吃,hao3 chi1,xɑʊ˨˩˦ tsʰɹ̩˥˩,xɑʊ˨˩˦ tsʰɹ̩˥˩,xɑʊ˨˩˦ ʈʂʰɻ̩˥,xɑʊ˨˩˦ ʈʂʰɻ̩˥,否,[],official_dictionary_casefold,非词汇同音词,non_lexical_homophone,hao3 ci4,hao3 chi1,xau̯˧˩˧ tsʰɹ̩˥˩,xau̯˧˩˧ ʈʂʰɻ̩˥,太好次啦！三番最佳,太好吃啦！三番最佳
codedlang:687:01,Crowd-AI-Lab/CodedLang,687,sb,sb,sb,sb,傻逼,傻逼,sha3 bi1,ˌɛsbˈiː,ˌɛsbˈiː,ʂa˨˩˦ pi˥,ʂa˨˩˦ pi˥,否,[],official_dictionary_casefold,语音替代,phonetic,sb,sha3 bi1,ˈɛs pi˥,ʂa˧˩˧ pi˥,进门让我们等20分钟，知道我们走都没人接待，服务员连看都不看我们一眼，不知道是不是种族歧视，但态度极其差劲！全程没人接待，我们在门口坐了很久很久，服了这些sb,进门让我们等20分钟，知道我们走都没人接待，服务员连看都不看我们一眼，不知道是不是种族歧视，但态度极其差劲！全程没人接待，我们在门口坐了很久很久，服了这些傻逼
codedlang:688:01,Crowd-AI-Lab/CodedLang,688,滴,滴,滴,di1,的,的,de,ti˥,ti˥,tɤ,tɤ,否,[],official_dictionary_casefold,歧义同音词,ambiguous_homophone,di1,de,ti˥,tɤ,在加州这个水比油还要珍贵的地方，能有这么完善的植物公园而且资源管理方面也是非常不错，真是要给一个赞👍！适合各种类型的人群，特别适合一家老小的亲子活动，离开的时候孩子商店里买了两盆小植物，收获大大滴！😄,在加州这个水比油还要珍贵的地方，能有这么完善的植物公园而且资源管理方面也是非常不错，真是要给一个赞👍！适合各种类型的人群，特别适合一家老小的亲子活动，离开的时候孩子商店里买了两盆小植物，收获大大的！😄
codedlang:689:01,Crowd-AI-Lab/CodedLang,689,jb,jb,jb,jb,鸡巴,鸡巴,ji1 ba1,dʒˌeɪbˈiː,dʒˌeɪbˈiː,tɕi˥ pa˥,tɕi˥ pa˥,否,[],official_dictionary_casefold,语音替代,phonetic,jb,ji1 ba1,ˈdʒeɪ pi˥,tɕi˥ pa˥,流浪地球ojbk,流浪地球o鸡巴k
codedlang:690:01,Crowd-AI-Lab/CodedLang,690,睹場,睹場,睹場,du3 chang3,賭場,賭場,du3 chang3,tu˨˩˦ ʈʂʰɑŋ˨˩˦,tu˨˩˦ ʈʂʰɑŋ˨˩˦,tu˨˩˦ ʈʂʰɑŋ˨˩˦,tu˨˩˦ ʈʂʰɑŋ˨˩˦,否,[],official_dictionary_casefold,非词汇同音词,"non_lexical_homophone, phonetic",du3 chang3,du3 chang3,tu˧˩˧ ʈʂʰa˧˩˧ŋ,tu˧˩˧ ʈʂʰa˧˩˧ŋ,"紅鷹睹場不好是要D人打機打4OO分先送二十元D人打機,好次我有一次打了4OO分比紅鷹,睹場有比二十元我打機,之後我沒有去一星期,紅鷹就没有比二十元我打機,我輸了很多錢在紅鷹,真不恭平。","紅鷹賭場不好是要啲人打機打4OO分先送二十元啲人打機,好吃我有一吃打了4OO分比紅鷹,賭場有比二十元我打機,之後我沒有去一星期,紅鷹就没有比二十元我打機,我輸了很多錢在紅鷹,真不公平。"
codedlang:690:02,Crowd-AI-Lab/CodedLang,690,D,D,D,D,啲,啲,di1,dˈiː,dˈiː,ti˥,ti˥,否,[],official_dictionary_casefold,语音替代,"non_lexical_homophone, phonetic",D,di1,ˈdi,ti˥,"紅鷹睹場不好是要D人打機打4OO分先送二十元D人打機,好次我有一次打了4OO分比紅鷹,睹場有比二十元我打機,之後我沒有去一星期,紅鷹就没有比二十元我打機,我輸了很多錢在紅鷹,真不恭平。","紅鷹賭場不好是要啲人打機打4OO分先送二十元啲人打機,好吃我有一吃打了4OO分比紅鷹,賭場有比二十元我打機,之後我沒有去一星期,紅鷹就没有比二十元我打機,我輸了很多錢在紅鷹,真不公平。"
codedlang:690:03,Crowd-AI-Lab/CodedLang,690,恭平,恭平,恭平,gong1 ping2,公平,公平,gong1 ping2,kʊŋ˥ pʰiŋ˧˥,kʊŋ˥ pʰiŋ˧˥,kʊŋ˥ pʰiŋ˧˥,kʊŋ˥ pʰiŋ˧˥,否,[],official_dictionary_casefold,非词汇同音词,"non_lexical_homophone, phonetic",gong1 ping2,gong1 ping2,kʊ˥ŋ pʰi˧˥ŋ,kʊ˥ŋ pʰi˧˥ŋ,"紅鷹睹場不好是要D人打機打4OO分先送二十元D人打機,好次我有一次打了4OO分比紅鷹,睹場有比二十元我打機,之後我沒有去一星期,紅鷹就没有比二十元我打機,我輸了很多錢在紅鷹,真不恭平。","紅鷹賭場不好是要啲人打機打4OO分先送二十元啲人打機,好吃我有一吃打了4OO分比紅鷹,賭場有比二十元我打機,之後我沒有去一星期,紅鷹就没有比二十元我打機,我輸了很多錢在紅鷹,真不公平。"
codedlang:691:01,Crowd-AI-Lab/CodedLang,691,滴,滴,滴,di1,的,的,de,ti˥,ti˥,tɤ,tɤ,否,[],official_dictionary_casefold,歧义同音词,ambiguous_homophone,di1,de,ti˥,tɤ,臨時動議上來 真滴很美 風很大 也意外見到野生滴鹿穿梭在停車場中,臨時動議上來 真的很美 風很大 也意外見到野生的鹿穿梭在停車場中
codedlang:692:01,Crowd-AI-Lab/CodedLang,692,滴,滴,滴,di1,的,的,de,ti˥,ti˥,tɤ,tɤ,否,[],official_dictionary_casefold,歧义同音词,ambiguous_homophone,di1,de,ti˥,tɤ,The worst food ever !!!! The rice is very old and smell sour. The meat is stink. The silverware is very dirty. Advice to everyone: never even want to try it's food. I should report this place to the health department. The meat they use to cook is bad. Horrible place. The price is not good for the bad service. The worst experience ever!. 饭是馊的，肉是臭的，汤像是刷锅水，餐具不洗干净，恶心到想吐了，早晚这个饭店会倒闭的。不能这样骗过路的游客，良心大大滴坏！,The worst food ever !!!! The rice is very old and smell sour. The meat is stink. The silverware is very dirty. Advice to everyone: never even want to try it's food. I should report this place to the health depar他妈ent. The meat they use to cook is 逼ad. Horri逼le place. The price is not good for the 逼ad service. The worst experience ever!. 饭是馊的，肉是臭的，汤像是刷锅水，餐具不洗干净，恶心到想吐了，早晚这个饭店会倒闭的。不能这样骗过路的游客，良心大大的坏！
codedlang:693:01,Crowd-AI-Lab/CodedLang,693,sb,sb,sb,sb,傻逼,傻逼,sha3 bi1,ˌɛsbˈiː,ˌɛsbˈiː,ʂa˨˩˦ pi˥,ʂa˨˩˦ pi˥,否,[],official_dictionary_casefold,语音替代,phonetic,sb,sha3 bi1,ˈɛs pi˥,ʂa˧˩˧ pi˥,那个给一星评论的向导也太差劲了吧 偷拍别人不说还很不尊重 这家店很多中国人来吃 服务和食物都还可以 (美国人都是大sb),那个给一星评论的向导也太差劲了吧 偷拍别人不说还很不尊重 这家店很多中国人来吃 服务和食物都还可以 (美国人都是大傻逼)
codedlang:694:01,Crowd-AI-Lab/CodedLang,694,tm,tm,tm,tm,他妈,他妈,ta1 ma1,tˌiːˈɛm,tˌiːˈɛm,tʰa˥ ma˥,tʰa˥ ma˥,否,[],official_dictionary_casefold,语音替代,phonetic,tm,ta1 ma1,ˈti ˈɛm,tʰa˥ ma˥,难吃还tm多,难吃还他妈多
codedlang:695:01,Crowd-AI-Lab/CodedLang,695,sb,sb,sb,sb,傻逼,傻逼,sha3 bi1,ˌɛsbˈiː,ˌɛsbˈiː,ʂa˨˩˦ pi˥,ʂa˨˩˦ pi˥,否,[],official_dictionary_casefold,语音替代,phonetic,sb,sha3 bi1,ˈɛs pi˥,ʂa˧˩˧ pi˥,客服sb,客服傻逼
codedlang:696:01,Crowd-AI-Lab/CodedLang,696,几把,几把,几把,ji3 ba3,鸡巴,鸡巴,ji1 ba1,tɕi˨˩˦ pa˨˩˦,tɕi˨˩˦ pa˨˩˦,tɕi˥ pa˥,tɕi˥ pa˥,否,[],official_dictionary_casefold,非词汇同音词,ambiguous_homophone,ji3 ba3,ji1 ba1,tɕi˧˩˧ pa˧˩˧,tɕi˥ pa˥,这里的导购姐姐让你找到瞎几把穿然后去逛国内奢侈品店的感觉,这里的导购姐姐让你找到瞎鸡巴穿然后去逛国内奢侈品店的感觉
codedlang:697:01,Crowd-AI-Lab/CodedLang,697,惹,惹,惹,re3,了,了,le,ɻɤ˨˩˦,ɻɤ˨˩˦,lɤ,lɤ,否,[],official_dictionary_casefold,歧义同音词,ambiguous_homophone,re3,le,ɻɤ˧˩˧,lɤ,虽然我买东西的时候说的是国语，但是不代表后面我纸巾掉地上了，捡纸巾的时候你用台山话骂我我听不懂惹……,虽然我买东西的时候说的是国语，但是不代表后面我纸巾掉地上了，捡纸巾的时候你用台山话骂我我听不懂了……
codedlang:698:01,Crowd-AI-Lab/CodedLang,698,惹,惹,惹,re3,了,了,le,ɻɤ˨˩˦,ɻɤ˨˩˦,lɤ,lɤ,否,[],official_dictionary_casefold,歧义同音词,ambiguous_homophone,re3,le,ɻɤ˧˩˧,lɤ,最好吃的腊肉惹！在美国，也能吃饭，很正宗,最好吃的腊肉了！在美国，也能吃饭，很正宗
codedlang:699:01,Crowd-AI-Lab/CodedLang,699,滴,滴,滴,di1,的,的,de,ti˥,ti˥,tɤ,tɤ,否,[],official_dictionary_casefold,歧义同音词,ambiguous_homophone,di1,de,ti˥,tɤ,馄饨太好吃了。。。肉多皮薄。。杠杠滴。。,馄饨太好吃了。。。肉多皮薄。。杠杠的。。
codedlang:701:01,Crowd-AI-Lab/CodedLang,701,滴,滴,滴,di1,的,的,de,ti˥,ti˥,tɤ,tɤ,否,[],official_dictionary_casefold,歧义同音词,ambiguous_homophone,di1,de,ti˥,tɤ,野餐露营⛺️好地方！家庭聚会很棒滴,野餐露营⛺️好地方！家庭聚会很棒的
codedlang:702:01,Crowd-AI-Lab/CodedLang,702,滴,滴,滴,di1,的,的,de,ti˥,ti˥,tɤ,tɤ,否,[],official_dictionary_casefold,歧义同音词,ambiguous_homophone,di1,de,ti˥,tɤ,菜挺好吃的，价钱也公道，以后有机会的话会再去光顾滴!,菜挺好吃的，价钱也公道，以后有机会的话会再去光顾的!
codedlang:703:01,Crowd-AI-Lab/CodedLang,703,nb,nb,nb,nb,牛逼,牛逼,niu2 bi1,ˌɛnbˈiː,ˌɛnbˈiː,niou˧˥ pi˥,niou˧˥ pi˥,否,[],official_dictionary_casefold,语音替代,phonetic,nb,niu2 bi1,ˈɛn pi˥,njou̯˧˥ pi˥,推荐牛油大辣锅，下什么都入味！另外吃了回锅肉炒饭、蛋炒饭竟然都是隔夜的饭炒的！nb！！！！！！刘一手nb！！！！！！贼鸡儿好吃！最好吃的还是免费黄桃下火锅，带劲。吃了一次还想吃！,推荐牛油大啦锅，下什么都入味！另外吃了回锅肉炒饭、蛋炒饭竟然都是隔夜的饭炒的！牛逼！！！！！！刘一手牛逼！！！！！！贼鸡儿好吃！最好吃的还是免费黄桃下火锅，带劲。吃了一吃还想吃！
codedlang:704:01,Crowd-AI-Lab/CodedLang,704,滴,滴,滴,di1,的,的,de,ti˥,ti˥,tɤ,tɤ,否,[],official_dictionary_casefold,歧义同音词,ambiguous_homophone,di1,de,ti˥,tɤ,第二次来这里了，虽然排队等了很长时间吧但是味道真滴棒棒..推荐牛羊肉双拼和鸭血🍲鳕键小哥哥中文说的也太好了吧哈哈哈哈哈,第二吃来这里了，虽然排队等了很长时间吧但是味道真的棒棒..推荐牛羊肉双拼和鸭血🍲鳕键小哥哥中文说的也太好了吧哈哈哈哈哈
codedlang:705:01,Crowd-AI-Lab/CodedLang,705,敲,敲,敲,qiao1,超,超,chao1,tɕʰiɑʊ˥,tɕʰiɑʊ˥,ʈʂʰɑʊ˥,ʈʂʰɑʊ˥,否,[],official_dictionary_casefold,歧义同音词,ambiguous_homophone,qiao1,chao1,tɕʰjau̯˥,ʈʂʰau̯˥,Really good 敲好吃呀❤️,Really good 超好吃呀❤️
codedlang:706:01,Crowd-AI-Lab/CodedLang,706,敲,敲,敲,qiao1,超,超,chao1,tɕʰiɑʊ˥,tɕʰiɑʊ˥,ʈʂʰɑʊ˥,ʈʂʰɑʊ˥,否,[],official_dictionary_casefold,歧义同音词,ambiguous_homophone,qiao1,chao1,tɕʰjau̯˥,ʈʂʰau̯˥,超级正宗的火锅呀，和四川吃的差不多，鹅肠和脑花都可以吃饭。敲开心~,超级正宗的火锅呀，和四川吃的差不多，鹅肠和脑花都可以吃饭。超开心~
codedlang:707:01,Crowd-AI-Lab/CodedLang,707,好次,好次,好次,hao3 ci4,好吃,好吃,hao3 chi1,xɑʊ˨˩˦ tsʰɹ̩˥˩,xɑʊ˨˩˦ tsʰɹ̩˥˩,xɑʊ˨˩˦ ʈʂʰɻ̩˥,xɑʊ˨˩˦ ʈʂʰɻ̩˥,否,[],official_dictionary_casefold,非词汇同音词,non_lexical_homophone,hao3 ci4,hao3 chi1,xau̯˧˩˧ tsʰɹ̩˥˩,xau̯˧˩˧ ʈʂʰɻ̩˥,火锅非常好次 肉很新鲜 推荐三味锅底 牛羊肉 和鲜豆腐 等位比较久 可以错开饭点来,火锅非常好吃 肉很新鲜 推荐三味锅底 牛羊肉 和鲜豆腐 等位比较久 可以错开饭点来
codedlang:710:01,Crowd-AI-Lab/CodedLang,710,滴,滴,滴,di1,的,的,de,ti˥,ti˥,tɤ,tɤ,否,[],official_dictionary_casefold,歧义同音词,ambiguous_homophone,di1,de,ti˥,tɤ,是真滴好吃,是真的好吃
codedlang:711:01,Crowd-AI-Lab/CodedLang,711,tm,tm,tm,tm,他妈,他妈,ta1 ma1,tˌiːˈɛm,tˌiːˈɛm,tʰa˥ ma˥,tʰa˥ ma˥,否,[],official_dictionary_casefold,语音替代,phonetic,tm,ta1 ma1,ˈti ˈɛm,tʰa˥ ma˥,真的被气到了。不仅现在菜量越来越少，点冒菜点两份永远只给一份，得去问怎么回事点了两份就那么点？他才说哦对不起对不起再加一份。一次两次算了，每次都这样。做生意那么黑吗？？？赚的都tm黑心钱？？？,真的被气到了。不仅现在菜量越来越少，点冒菜点两份永远只给一份，得去问怎么回事点了两份就那么点？他才说哦对不起对不起再加一份。一吃两吃算了，每吃都这样。做生意那么黑吗？？？赚的都他妈黑心钱？？？
codedlang:712:01,Crowd-AI-Lab/CodedLang,712,tm,tm,tm,tm,他妈,他妈,ta1 ma1,tˌiːˈɛm,tˌiːˈɛm,tʰa˥ ma˥,tʰa˥ ma˥,否,[],official_dictionary_casefold,语音替代,phonetic,tm,ta1 ma1,ˈti ˈɛm,tʰa˥ ma˥,"If you are Japanese or Chinese, don’t eat here! It’s America style! It’s definitely not Chinese restaurant! 真的难吃！还tm贵！","If you are Japanese or Chinese, don’t eat here! It’s America style! It’s definitely not Chinese restaurant! 真的难吃！还他妈贵！"
codedlang:714:01,Crowd-AI-Lab/CodedLang,714,滴,滴,滴,di1,的,的,de,ti˥,ti˥,tɤ,tɤ,否,[],official_dictionary_casefold,歧义同音词,ambiguous_homophone,di1,de,ti˥,tɤ,真滴好！！！人又靠谱又好！！车也很好！！,真的好！！！人又靠谱又好！！车也很好！！
codedlang:715:01,Crowd-AI-Lab/CodedLang,715,jb,jb,jb,jb,鸡巴,鸡巴,ji1 ba1,dʒˌeɪbˈiː,dʒˌeɪbˈiː,tɕi˥ pa˥,tɕi˥ pa˥,否,[],official_dictionary_casefold,语音替代,phonetic,jb,ji1 ba1,ˈdʒeɪ pi˥,tɕi˥ pa˥,换老板了，巨jb难吃，店里没什么人，期待下一家餐厅,换老板了，巨鸡巴难吃，店里没什么人，期待下一家餐厅
codedlang:716:01,Crowd-AI-Lab/CodedLang,716,tm,tm,tm,tm,他妈,他妈,ta1 ma1,tˌiːˈɛm,tˌiːˈɛm,tʰa˥ ma˥,tʰa˥ ma˥,否,[],official_dictionary_casefold,语音替代,phonetic,tm,ta1 ma1,ˈti ˈɛm,tʰa˥ ma˥,真tm难吃 就这地儿糊弄糊弄老外还行,真他妈难吃 就这地儿糊弄糊弄老外还行
codedlang:717:01,Crowd-AI-Lab/CodedLang,717,jb,jb,jb,jb,鸡巴,鸡巴,ji1 ba1,dʒˌeɪbˈiː,dʒˌeɪbˈiː,tɕi˥ pa˥,tɕi˥ pa˥,否,[],official_dictionary_casefold,语音替代,phonetic,jb,ji1 ba1,ˈdʒeɪ pi˥,tɕi˥ pa˥,日了狗，周末才开门！旅游旺季也这么jb懒，可以的。,日了狗，周末才开门！旅游旺季也这么鸡巴懒，可以的。
codedlang:718:01,Crowd-AI-Lab/CodedLang,718,tm,tm,tm,tm,他妈,他妈,ta1 ma1,tˌiːˈɛm,tˌiːˈɛm,tʰa˥ ma˥,tʰa˥ ma˥,否,[],official_dictionary_casefold,语音替代,phonetic,tm,ta1 ma1,ˈti ˈɛm,tʰa˥ ma˥,关门吧，别tm周末才开门恶心人。  Re. 我不需要你告诉我哪里有时间表，我没有去，我只是看了时间表后被恶心到了。不管你们时间写的再明白，这样的营业方式遭受的批评就该接受。还非要在那狡辩。想想那些来了费尔班克斯，但是期间没有周末的人？是不是被恶心到了？很失望阿拉斯加人这么懒。,关门吧，别他妈周末才开门恶心人。  Re. 我不需要你告诉我哪里有时间表，我没有去，我只是看了时间表后被恶心到了。不管你们时间写的再明白，这样的营业方式遭受的批评就该接受。还非要在那狡辩。想想那些来了费尔班克斯，但是期间没有周末的人？是不是被恶心到了？很失望阿拉斯加人这么懒。
codedlang:719:01,Crowd-AI-Lab/CodedLang,719,tm,tm,tm,tm,他妈,他妈,ta1 ma1,tˌiːˈɛm,tˌiːˈɛm,tʰa˥ ma˥,tʰa˥ ma˥,否,[],official_dictionary_casefold,语音替代,phonetic,tm,ta1 ma1,ˈti ˈɛm,tʰa˥ ma˥,美式泰餐是最好的形容。冬阴功都tm是甜的。,美式泰餐是最好的形容。冬阴功都他妈是甜的。
codedlang:720:01,Crowd-AI-Lab/CodedLang,720,tmd,tmd,tmd,tmd,他妈的,他妈的,ta1 ma1 de,tˌiːˌɛmdˈiː,tˌiːˌɛmdˈiː,tʰa˥ ma˥ tɤ,tʰa˥ ma˥ tɤ,否,[],official_dictionary_casefold,语音替代,phonetic,tmd,ta1 ma1 de,ˈti ˈɛm ti,tʰa˥ ma˥ tɤ,tmd太好吃了 还便宜!!,他妈的太好吃了 还便宜!!
codedlang:721:01,Crowd-AI-Lab/CodedLang,721,tm,tm,tm,tm,他妈,他妈,ta1 ma1,tˌiːˈɛm,tˌiːˈɛm,tʰa˥ ma˥,tʰa˥ ma˥,否,[],official_dictionary_casefold,语音替代,phonetic,tm,ta1 ma1,ˈti ˈɛm,tʰa˥ ma˥,巨tm 好吃,巨他妈 好吃
codedlang:722:01,Crowd-AI-Lab/CodedLang,722,tm,tm,tm,tm,他妈,他妈,ta1 ma1,tˌiːˈɛm,tˌiːˈɛm,tʰa˥ ma˥,tʰa˥ ma˥,否,[],official_dictionary_casefold,语音替代,phonetic,tm,ta1 ma1,ˈti ˈɛm,tʰa˥ ma˥,狮子头贼贼贼贼(tm)好吃！！！！,狮子头贼贼贼贼(他妈)好吃！！！！
codedlang:723:01,Crowd-AI-Lab/CodedLang,723,好次,好次,好次,hao3 ci4,好吃,好吃,hao3 chi1,xɑʊ˨˩˦ tsʰɹ̩˥˩,xɑʊ˨˩˦ tsʰɹ̩˥˩,xɑʊ˨˩˦ ʈʂʰɻ̩˥,xɑʊ˨˩˦ ʈʂʰɻ̩˥,否,[],official_dictionary_casefold,非词汇同音词,non_lexical_homophone,hao3 ci4,hao3 chi1,xau̯˧˩˧ tsʰɹ̩˥˩,xau̯˧˩˧ ʈʂʰɻ̩˥,麻辣烫比烧烤好次,麻啦烫比烧烤好吃
codedlang:724:01,Crowd-AI-Lab/CodedLang,724,好次,好次,好次,hao3 ci4,好吃,好吃,hao3 chi1,xɑʊ˨˩˦ tsʰɹ̩˥˩,xɑʊ˨˩˦ tsʰɹ̩˥˩,xɑʊ˨˩˦ ʈʂʰɻ̩˥,xɑʊ˨˩˦ ʈʂʰɻ̩˥,否,[],official_dictionary_casefold,非词汇同音词,non_lexical_homophone,hao3 ci4,hao3 chi1,xau̯˧˩˧ tsʰɹ̩˥˩,xau̯˧˩˧ ʈʂʰɻ̩˥,每次去西雅图那边都去，川菜不能更好次,每吃去西雅图那边都去，川菜不能更好吃
codedlang:725:01,Crowd-AI-Lab/CodedLang,725,滴,滴,滴,di1,的,的,de,ti˥,ti˥,tɤ,tɤ,否,[],official_dictionary_casefold,歧义同音词,ambiguous_homophone,di1,de,ti˥,tɤ,烤鸭还是很地道滴😊在西雅图能吃到已经不错👌一份烤鸭➕鸭架加工10刀，税后➕小费70多，够三口人吃😊,烤鸭还是很地道的😊在西雅图能吃到已经不错👌一份烤鸭➕鸭架加工10刀，税后➕小费70多，够三口人吃😊
codedlang:726:01,Crowd-AI-Lab/CodedLang,726,好次,好次,好次,hao3 ci4,好吃,好吃,hao3 chi1,xɑʊ˨˩˦ tsʰɹ̩˥˩,xɑʊ˨˩˦ tsʰɹ̩˥˩,xɑʊ˨˩˦ ʈʂʰɻ̩˥,xɑʊ˨˩˦ ʈʂʰɻ̩˥,否,[],official_dictionary_casefold,非词汇同音词,non_lexical_homophone,hao3 ci4,hao3 chi1,xau̯˧˩˧ tsʰɹ̩˥˩,xau̯˧˩˧ ʈʂʰɻ̩˥,烤冷面牛羊肉茄子都好次(๑´ڡ`๑),烤冷面牛羊肉茄子都好吃(๑´ڡ`๑)
codedlang:727:01,Crowd-AI-Lab/CodedLang,727,几把,几把,几把,ji3 ba3,鸡巴,鸡巴,ji1 ba1,tɕi˨˩˦ pa˨˩˦,tɕi˨˩˦ pa˨˩˦,tɕi˥ pa˥,tɕi˥ pa˥,否,[],official_dictionary_casefold,非词汇同音词,ambiguous_homophone,ji3 ba3,ji1 ba1,tɕi˧˩˧ pa˧˩˧,tɕi˥ pa˥,这个地方很垃圾 特别是扣钱的时候 瞎几把扣，给你个提示 搬走后的罚单不给钱 没关系 之后会降价的，1000多的罚单，3年后最后交了50刀,这个地方很垃圾 特别是扣钱的时候 瞎鸡巴扣，给你个提示 搬走后的罚单不给钱 没关系 之后会降价的，1000多的罚单，3年后最后交了50刀
codedlang:728:01,Crowd-AI-Lab/CodedLang,728,炒鸡,炒鸡,炒鸡,chao3 ji1,超级,超级,chao1 ji2,ʈʂʰɑʊ˨˩˦ tɕi˥,ʈʂʰɑʊ˨˩˦ tɕi˥,ʈʂʰɑʊ˥ tɕi˧˥,ʈʂʰɑʊ˥ tɕi˧˥,否,[],official_dictionary_casefold,歧义同音词,ambiguous_homophone,chao3 ji1,chao1 ji2,ʈʂʰau̯˧˩˧ tɕi˥,ʈʂʰau̯˥ tɕi˧˥,麻辣拌炒鸡好吃😋，下次还来。,麻啦拌超级好吃😋，下吃还来。
codedlang:729:01,Crowd-AI-Lab/CodedLang,729,diao,diao,diao,diao,屌,屌,diao3,tiɑʊ,tiɑʊ,tiɑʊ˨˩˦,tiɑʊ˨˩˦,否,[],official_dictionary_casefold,语音替代,phonetic,diao,diao3,tjau̯,tjau̯˧˩˧,"慕名而来 我老公吃完：""diao玩意儿真tm难吃，cao！"" 价格偏高 真要吃的话 吃自助吧","慕名而来 我老公吃完：""屌玩意儿真他妈难吃，操！"" 价格偏高 真要吃的话 吃自助吧"
codedlang:729:02,Crowd-AI-Lab/CodedLang,729,tm,tm,tm,tm,他妈,他妈,ta1 ma1,tˌiːˈɛm,tˌiːˈɛm,tʰa˥ ma˥,tʰa˥ ma˥,否,[],official_dictionary_casefold,语音替代,phonetic,tm,ta1 ma1,ˈti ˈɛm,tʰa˥ ma˥,"慕名而来 我老公吃完：""diao玩意儿真tm难吃，cao！"" 价格偏高 真要吃的话 吃自助吧","慕名而来 我老公吃完：""屌玩意儿真他妈难吃，操！"" 价格偏高 真要吃的话 吃自助吧"
codedlang:729:03,Crowd-AI-Lab/CodedLang,729,cao,cao,cao,cao,操,操,cao1,tsʰɑʊ,tsʰɑʊ,tsʰɑʊ˥,tsʰɑʊ˥,否,[],official_dictionary_casefold,语音替代,phonetic,cao,cao1,tsʰau̯,tsʰau̯˥,"慕名而来 我老公吃完：""diao玩意儿真tm难吃，cao！"" 价格偏高 真要吃的话 吃自助吧","慕名而来 我老公吃完：""屌玩意儿真他妈难吃，操！"" 价格偏高 真要吃的话 吃自助吧"
codedlang:730:01,Crowd-AI-Lab/CodedLang,730,滴,滴,滴,di1,的,的,de,ti˥,ti˥,tɤ,tɤ,否,[],official_dictionary_casefold,歧义同音词,ambiguous_homophone,di1,de,ti˥,tɤ,"Very nice food,l will back it，because the food very delicious,and pucka  味道非常棒，份量十足，可以吃到很地道的中国餐，厨师有广东滴有四川滴，好想天天来这里很多纯老美来吃饭（旁边有个酒吧，非常好的练英语环境）","Very nice food,l will 逼ack it，逼ecause the food very delicious,and pucka  味道非常棒，份量十足，可以吃到很地道的中国餐，厨师有广东的有四川的，好想天天来这里很多纯老美来吃饭（旁边有个酒吧，非常好的练英语环境）"
codedlang:731:01,Crowd-AI-Lab/CodedLang,731,jb,jb,jb,jb,鸡巴,鸡巴,ji1 ba1,dʒˌeɪbˈiː,dʒˌeɪbˈiː,tɕi˥ pa˥,tɕi˥ pa˥,否,[],official_dictionary_casefold,语音替代,phonetic,jb,ji1 ba1,ˈdʒeɪ pi˥,tɕi˥ pa˥,好地方是好地方，就是印度死妈游客太多，一个赛车模拟机，一个阿三排队 全家13口老小死了妈一样的去插队。浑身体味儿又大又臭，整个展厅充满印度人散发出来的jb恶臭味儿,好地方是好地方，就是印度死妈游客太多，一个赛车模拟机，一个阿三排队 全家13口老小死了妈一样的去插队。浑身体味儿又大又臭，整个展厅充满印度人散发出来的鸡巴恶臭味儿
codedlang:732:01,Crowd-AI-Lab/CodedLang,732,tm,tm,tm,tm,他妈,他妈,ta1 ma1,tˌiːˈɛm,tˌiːˈɛm,tʰa˥ ma˥,tʰa˥ ma˥,否,[],official_dictionary_casefold,语音替代,phonetic,tm,ta1 ma1,ˈti ˈɛm,tʰa˥ ma˥,在这里 吃的饺子 皮明显 是白的 不熟， 硬是要说 他们 就这样吃的， 说什么有的人喜欢吃生一点的，有的人喜欢熟的。 这tm是在做牛排么？ 一碗都没怎么吃，结账 还是要结， 对于这种 只为了收钱 而不去满足顾客的店，说什么也不会来第二次了,在这里 吃的饺子 皮明显 是白的 不熟， 硬是要说 他们 就这样吃的， 说什么有的人喜欢吃生一点的，有的人喜欢熟的。 这他妈是在做牛排么？ 一碗都没怎么吃，结账 还是要结， 对于这种 只为了收钱 而不去满足顾客的店，说什么也不会来第二吃了
codedlang:733:01,Crowd-AI-Lab/CodedLang,733,滴,滴,滴,di1,的,的,de,ti˥,ti˥,tɤ,tɤ,否,[],official_dictionary_casefold,歧义同音词,ambiguous_homophone,di1,de,ti˥,tɤ,高尔夫球场的自然风景没有拍，空气和视野开阔。。。食物味道也是非常棒滴……我喜欢我赞,高尔夫球场的自然风景没有拍，空气和视野开阔。。。食物味道也是非常棒的……我喜欢我赞
codedlang:734:01,Crowd-AI-Lab/CodedLang,734,滴,滴,滴,di1,的,的,de,ti˥,ti˥,tɤ,tɤ,否,[],official_dictionary_casefold,歧义同音词,ambiguous_homophone,di1,de,ti˥,tɤ,肉很赞啊，包括旋转特色菜（我的解释就是，不管做的什么菜，反正就是他们为了促销的）。早点来，要排队，然后就点了东西去旁边的公园或其他地方吃。里面位子特别特别少，而且挤在一堆人当中也不好受啊。不过这家店还是很不错滴。,肉很赞啊，包括旋转特色菜（我的解释就是，不管做的什么菜，反正就是他们为了促销的）。早点来，要排队，然后就点了东西去旁边的公园或其他地方吃。里面位子特别特别少，而且挤在一堆人当中也不好受啊。不过这家店还是很不错的。
codedlang:736:01,Crowd-AI-Lab/CodedLang,736,好次,好次,好次,hao3 ci4,好吃,好吃,hao3 chi1,xɑʊ˨˩˦ tsʰɹ̩˥˩,xɑʊ˨˩˦ tsʰɹ̩˥˩,xɑʊ˨˩˦ ʈʂʰɻ̩˥,xɑʊ˨˩˦ ʈʂʰɻ̩˥,否,[],official_dictionary_casefold,非词汇同音词,non_lexical_homophone,hao3 ci4,hao3 chi1,xau̯˧˩˧ tsʰɹ̩˥˩,xau̯˧˩˧ ʈʂʰɻ̩˥,很好次的一家台湾餐厅，舒服的一批,很好吃的一家台湾餐厅，舒服的一批
codedlang:737:01,Crowd-AI-Lab/CodedLang,737,tm,tm,tm,tm,他妈,他妈,ta1 ma1,tˌiːˈɛm,tˌiːˈɛm,tʰa˥ ma˥,tʰa˥ ma˥,否,[],official_dictionary_casefold,语音替代,phonetic,tm,ta1 ma1,ˈti ˈɛm,tʰa˥ ma˥,建议在西雅图这一块的所有的没车的人都不要去那里买家具或者在网上订家具，它们那送货的不把你当人。  我9月20号在宜家买了超过$1K的家具，并且跟他们说好9月25号送到。尽管24号晚上我收到了正常的机器人的提醒电话说25号到达。然而9月25号我从早晨9点等到晚上9点仍然没有送到，电话也不打。  我26号早晨去宜家问，也不知道是什么原因miss了我的订单，没送，并且他们说下午5:30之前一定送到。我26号等到了下午两点，一个通知窗口期的电话都没打，我打回去问客服，被告知这个还在仓库里，当天送不了，第二天送……我那$1K的家具当时是我在仓库里搬出来推到送货服务点的，还在仓库也是醉了。  然而今天是27号，我等到14:30也没个提醒电话，也没人按门铃，我现在要提刀去宜家撕逼了……  明天28号就要开学了，我现在都没桌子没椅子没床垫，直接睡地板上睡了3天了，早知就不该省这点钱跑宜家买家具，我现在都觉得26号下午客服的态度就是你tm一个没车的穷逼也敢跑宜家买……,建议在西雅图这一块的所有的没车的人都不要去那里买家具或者在网上订家具，它们那送货的不把你当人。  我9月20号在宜家买了超过$1K的家具，并且跟他们说好9月25号送到。尽管24号晚上我收到了正常的机器人的提醒电话说25号到达。然而9月25号我从早晨9点等到晚上9点仍然没有送到，电话也不打。  我2厉害号早晨去宜家问，也不知道是什么原因miss了我的订单，没送，并且他们说下午5:30之前一定送到。我2厉害号等到了下午两点，一个通知窗口期的电话都没打，我打回去问客服，被告知这个还在仓库里，当天送不了，第二天送……我那$1K的家具当时是我在仓库里搬出来推到送货服务点的，还在仓库也是醉了。  然而今天是27号，我等到14:30也没个提醒电话，也没人按门铃，我现在要提刀去宜家撕逼了……  明天2不号就要开学了，我现在都没桌子没椅子没床垫，直接睡地板上睡了3天了，早知就不该省这点钱跑宜家买家具，我现在都觉得2厉害号下午客服的态度就是你他妈一个没车的穷逼也敢跑宜家买……
codedlang:738:01,Crowd-AI-Lab/CodedLang,738,好次,好次,好次,hao3 ci4,好吃,好吃,hao3 chi1,xɑʊ˨˩˦ tsʰɹ̩˥˩,xɑʊ˨˩˦ tsʰɹ̩˥˩,xɑʊ˨˩˦ ʈʂʰɻ̩˥,xɑʊ˨˩˦ ʈʂʰɻ̩˥,否,[],official_dictionary_casefold,非词汇同音词,non_lexical_homophone,hao3 ci4,hao3 chi1,xau̯˧˩˧ tsʰɹ̩˥˩,xau̯˧˩˧ ʈʂʰɻ̩˥,ლ(´ڡ`ლ)好次,ლ(´ڡ`ლ)好吃
codedlang:739:01,Crowd-AI-Lab/CodedLang,739,jb,jb,jb,jb,鸡巴,鸡巴,ji1 ba1,dʒˌeɪbˈiː,dʒˌeɪbˈiː,tɕi˥ pa˥,tɕi˥ pa˥,否,[],official_dictionary_casefold,语音替代,phonetic,jb,ji1 ba1,ˈdʒeɪ pi˥,tɕi˥ pa˥,马德，点个餐服务员态度巨jb恶劣，不认真对待客人，我还没说完话就给我挂掉了。,马德，点个餐服务员态度巨鸡巴恶劣，不认真对待客人，我还没说完话就给我挂掉了。
codedlang:740:01,Crowd-AI-Lab/CodedLang,740,tm,tm,tm,tm,他妈,他妈,ta1 ma1,tˌiːˈɛm,tˌiːˈɛm,tʰa˥ ma˥,tʰa˥ ma˥,否,[],official_dictionary_casefold,语音替代,phonetic,tm,ta1 ma1,ˈti ˈɛm,tʰa˥ ma˥,太tm的贵了,太他妈的贵了
codedlang:741:01,Crowd-AI-Lab/CodedLang,741,惹,惹,惹,re3,了,了,le,ɻɤ˨˩˦,ɻɤ˨˩˦,lɤ,lɤ,否,[],official_dictionary_casefold,歧义同音词,"ambiguous_homophone, phonetic",re3,le,ɻɤ˧˩˧,lɤ,学十二节课，总共六天，老板大军教练教的，路考一次过，大家长都惊呆了ww感觉很棒惹，不过平时还是要自己多练练鸭,学十二节课，总共六天，老板大军教练教的，路考一吃过，大家长都惊呆了哈哈感觉很棒了，不过平时还是要自己多练练鸭
codedlang:741:02,Crowd-AI-Lab/CodedLang,741,ww,ww,ww,ww,,,,dˌʌbəljˌuːdˈʌbəljˌuː,dˌʌbəljˌuːdˈʌbəljˌuː,,,是,"[{""type"": ""ambiguous_dictionary_decode"", ""candidates"": [""wa wa"", ""哈哈""]}]",ambiguous_official_dictionary,语音替代 / 跨语言语音编码,"ambiguous_homophone, phonetic",,,,,学十二节课，总共六天，老板大军教练教的，路考一次过，大家长都惊呆了ww感觉很棒惹，不过平时还是要自己多练练鸭,学十二节课，总共六天，老板大军教练教的，路考一吃过，大家长都惊呆了哈哈感觉很棒了，不过平时还是要自己多练练鸭
codedlang:742:01,Crowd-AI-Lab/CodedLang,742,滴,滴,滴,di1,的,的,de,ti˥,ti˥,tɤ,tɤ,否,[],official_dictionary_casefold,歧义同音词,ambiguous_homophone,di1,de,ti˥,tɤ,速度杠杠滴，以后转运就找你这一家了！,速度杠杠的，以后转运就找你这一家了！
codedlang:744:01,Crowd-AI-Lab/CodedLang,744,滴,滴,滴,di1,的,的,de,ti˥,ti˥,tɤ,tɤ,否,[],official_dictionary_casefold,歧义同音词,ambiguous_homophone,di1,de,ti˥,tɤ,良心車行，要多滴介紹朋友來,良心車行，要多的介紹朋友來
codedlang:745:01,Crowd-AI-Lab/CodedLang,745,jb,jb,jb,jb,鸡巴,鸡巴,ji1 ba1,dʒˌeɪbˈiː,dʒˌeɪbˈiː,tɕi˥ pa˥,tɕi˥ pa˥,否,[],official_dictionary_casefold,语音替代,"ambiguous_homophone, phonetic",jb,ji1 ba1,ˈdʒeɪ pi˥,tɕi˥ pa˥,什么逼玩意儿。可jb难吃了 调料都不匀。我滴妈呀。这店迟早黄。垃圾,什么逼玩意儿。可鸡巴难吃了 调料都不匀。我的妈呀。这店迟早黄。垃圾
codedlang:745:02,Crowd-AI-Lab/CodedLang,745,滴,滴,滴,di1,的,的,de,ti˥,ti˥,tɤ,tɤ,否,[],official_dictionary_casefold,歧义同音词,"ambiguous_homophone, phonetic",di1,de,ti˥,tɤ,什么逼玩意儿。可jb难吃了 调料都不匀。我滴妈呀。这店迟早黄。垃圾,什么逼玩意儿。可鸡巴难吃了 调料都不匀。我的妈呀。这店迟早黄。垃圾
codedlang:746:01,Crowd-AI-Lab/CodedLang,746,吃shi,吃shi,吃shi,chi1 shi,吃屎,吃屎,chi1 shi3,ʈʂʰɻ̩˥ ʂɻ̩,ʈʂʰɻ̩˥ ʂɻ̩,ʈʂʰɻ̩˥ ʂɻ̩˨˩˦,ʈʂʰɻ̩˥ ʂɻ̩˨˩˦,否,[],official_dictionary_casefold,语音替代,phonetic,chi1 shi,chi1 shi3,ʈʂʰɻ̩˥ ʂɻ̩,ʈʂʰɻ̩˥ ʂɻ̩˧˩˧,所有的外卖都好像只是用微波炉加热了！那奶茶全是粉！感觉在吃shi！,所有的外卖都好像只是用微波炉加热了！那奶茶全是粉！感觉在吃屎！
codedlang:747:01,Crowd-AI-Lab/CodedLang,747,tm,tm,tm,tm,他妈,他妈,ta1 ma1,tˌiːˈɛm,tˌiːˈɛm,tʰa˥ ma˥,tʰa˥ ma˥,否,[],official_dictionary_casefold,语音替代,phonetic,tm,ta1 ma1,ˈti ˈɛm,tʰa˥ ma˥,笑死我，我衣服烘56分钟一件都没干然后她说我没按？？？你tm无良奸商好意思说话？？？ 笑死我我另一桶衣服放进去一起的为什么我另一桶干了？？？你妈瞎了吧说话请看一下谢谢我建议你们这个店迟早关门好吗真的是服务态度有够差的诶,笑死我，我衣服烘5厉害分钟一件都没干然后她说我没按？？？你他妈无良奸商好意思说话？？？ 笑死我我另一桶衣服放进去一起的为什么我另一桶干了？？？你妈瞎了吧说话请看一下谢谢我建议你们这个店迟早关门好吗真的是服务态度有够差的诶
codedlang:749:01,Crowd-AI-Lab/CodedLang,749,幸胡,幸胡,幸胡,xing4 hu2,幸福,幸福,xing4 fu2,ɕiŋ˥˩ xu˧˥,ɕiŋ˥˩ xu˧˥,ɕiŋ˥˩ fu˧˥,ɕiŋ˥˩ fu˧˥,否,[],official_dictionary_casefold,非词汇同音词,"non_lexical_homophone, phonetic",xing4 hu2,xing4 fu2,ɕi˥˩ŋ xu˧˥,ɕi˥˩ŋ fu˧˥,这里牛排的口味偏国内，不用跑国内也能吃到！！幸胡shi了😝😝,这里牛排的口味偏国内，不用跑国内也能吃到！！幸福死了😝😝
codedlang:749:02,Crowd-AI-Lab/CodedLang,749,shi了,shi了,shi了,shi le,死了,死了,si3 le,ʂɻ̩ lɤ,ʂɻ̩ lɤ,sɹ̩˨˩˦ lɤ,sɹ̩˨˩˦ lɤ,否,[],official_dictionary_casefold,语音替代,"non_lexical_homophone, phonetic",shi le,si3 le,ʂɻ̩ lɤ,sɹ̩˧˩˧ lɤ,这里牛排的口味偏国内，不用跑国内也能吃到！！幸胡shi了😝😝,这里牛排的口味偏国内，不用跑国内也能吃到！！幸福死了😝😝
codedlang:750:01,Crowd-AI-Lab/CodedLang,750,艹,艹,艹,cao3,,,,tsʰɑʊ˨˩˦,tsʰɑʊ˨˩˦,,,是,"[{""type"": ""missing_dictionary_decode""}]",not_in_official_dictionary,语音替代,"orthographic, phonetic",,,,,艹tmd这家是做什么粑粑不知道，里面做的菜是什么，蟹炒米粉用蓝蟹大拇指，没开的那种，蝴蝶燕不用鱼做就算了，用tmd的什么肉丝，双龙的龙虾死的。jb的两片的姜頭，几条的葱丝。吃个晚饭感觉就是在地下室一样，TMD来根蜡烛也算，苍蝇在桌上飞来飞去，垃圾店，卖高价。来这家店吃就是跳坑里，在门口衣母衣伯买两个马儿都好过千百倍。,草他妈的这家是做什么粑粑不知道，里面做的菜是什么，蟹炒米粉用蓝蟹大拇指，没开的那种，蝴蝶燕不用鱼做就算了，用他妈的的什么肉丝，双龙的龙虾死的。鸡巴的两片的姜頭，几条的葱丝。吃个晚饭感觉就是在地下室一样，他妈的来根蜡烛也算，苍蝇在桌上飞来飞去，垃圾店，卖高价。来这家店吃就是跳坑里，在门口衣母衣伯买两个马儿都好过千百倍。
codedlang:750:02,Crowd-AI-Lab/CodedLang,750,tmd,tmd,tmd,tmd,他妈的,他妈的,ta1 ma1 de,tˌiːˌɛmdˈiː,tˌiːˌɛmdˈiː,tʰa˥ ma˥ tɤ,tʰa˥ ma˥ tɤ,否,[],official_dictionary_casefold,语音替代,"orthographic, phonetic",tmd,ta1 ma1 de,ˈti ˈɛm ti,tʰa˥ ma˥ tɤ,艹tmd这家是做什么粑粑不知道，里面做的菜是什么，蟹炒米粉用蓝蟹大拇指，没开的那种，蝴蝶燕不用鱼做就算了，用tmd的什么肉丝，双龙的龙虾死的。jb的两片的姜頭，几条的葱丝。吃个晚饭感觉就是在地下室一样，TMD来根蜡烛也算，苍蝇在桌上飞来飞去，垃圾店，卖高价。来这家店吃就是跳坑里，在门口衣母衣伯买两个马儿都好过千百倍。,草他妈的这家是做什么粑粑不知道，里面做的菜是什么，蟹炒米粉用蓝蟹大拇指，没开的那种，蝴蝶燕不用鱼做就算了，用他妈的的什么肉丝，双龙的龙虾死的。鸡巴的两片的姜頭，几条的葱丝。吃个晚饭感觉就是在地下室一样，他妈的来根蜡烛也算，苍蝇在桌上飞来飞去，垃圾店，卖高价。来这家店吃就是跳坑里，在门口衣母衣伯买两个马儿都好过千百倍。
codedlang:750:03,Crowd-AI-Lab/CodedLang,750,jb,jb,jb,jb,鸡巴,鸡巴,ji1 ba1,dʒˌeɪbˈiː,dʒˌeɪbˈiː,tɕi˥ pa˥,tɕi˥ pa˥,否,[],official_dictionary_casefold,语音替代,"orthographic, phonetic",jb,ji1 ba1,ˈdʒeɪ pi˥,tɕi˥ pa˥,艹tmd这家是做什么粑粑不知道，里面做的菜是什么，蟹炒米粉用蓝蟹大拇指，没开的那种，蝴蝶燕不用鱼做就算了，用tmd的什么肉丝，双龙的龙虾死的。jb的两片的姜頭，几条的葱丝。吃个晚饭感觉就是在地下室一样，TMD来根蜡烛也算，苍蝇在桌上飞来飞去，垃圾店，卖高价。来这家店吃就是跳坑里，在门口衣母衣伯买两个马儿都好过千百倍。,草他妈的这家是做什么粑粑不知道，里面做的菜是什么，蟹炒米粉用蓝蟹大拇指，没开的那种，蝴蝶燕不用鱼做就算了，用他妈的的什么肉丝，双龙的龙虾死的。鸡巴的两片的姜頭，几条的葱丝。吃个晚饭感觉就是在地下室一样，他妈的来根蜡烛也算，苍蝇在桌上飞来飞去，垃圾店，卖高价。来这家店吃就是跳坑里，在门口衣母衣伯买两个马儿都好过千百倍。
codedlang:750:04,Crowd-AI-Lab/CodedLang,750,TMD,TMD,TMD,TMD,他妈的,他妈的,ta1 ma1 de,tˌiːˌɛmdˈiː,tˌiːˌɛmdˈiː,tʰa˥ ma˥ tɤ,tʰa˥ ma˥ tɤ,否,[],official_dictionary_casefold,语音替代,"orthographic, phonetic",tmd,ta1 ma1 de,ˈti ˈɛm ti,tʰa˥ ma˥ tɤ,艹tmd这家是做什么粑粑不知道，里面做的菜是什么，蟹炒米粉用蓝蟹大拇指，没开的那种，蝴蝶燕不用鱼做就算了，用tmd的什么肉丝，双龙的龙虾死的。jb的两片的姜頭，几条的葱丝。吃个晚饭感觉就是在地下室一样，TMD来根蜡烛也算，苍蝇在桌上飞来飞去，垃圾店，卖高价。来这家店吃就是跳坑里，在门口衣母衣伯买两个马儿都好过千百倍。,草他妈的这家是做什么粑粑不知道，里面做的菜是什么，蟹炒米粉用蓝蟹大拇指，没开的那种，蝴蝶燕不用鱼做就算了，用他妈的的什么肉丝，双龙的龙虾死的。鸡巴的两片的姜頭，几条的葱丝。吃个晚饭感觉就是在地下室一样，他妈的来根蜡烛也算，苍蝇在桌上飞来飞去，垃圾店，卖高价。来这家店吃就是跳坑里，在门口衣母衣伯买两个马儿都好过千百倍。
codedlang:751:01,Crowd-AI-Lab/CodedLang,751,滴,滴,滴,di1,的,的,de,ti˥,ti˥,tɤ,tɤ,否,[],official_dictionary_casefold,歧义同音词,ambiguous_homophone,di1,de,ti˥,tɤ,老板娘是真滴会夸人 老板给我剪了个超级帅的头发 放的音乐也是早期的复古风哈哈,老板娘是真的会夸人 老板给我剪了个超级帅的头发 放的音乐也是早期的复古风哈哈
codedlang:752:01,Crowd-AI-Lab/CodedLang,752,好次,好次,好次,hao3 ci4,好吃,好吃,hao3 chi1,xɑʊ˨˩˦ tsʰɹ̩˥˩,xɑʊ˨˩˦ tsʰɹ̩˥˩,xɑʊ˨˩˦ ʈʂʰɻ̩˥,xɑʊ˨˩˦ ʈʂʰɻ̩˥,否,[],official_dictionary_casefold,非词汇同音词,non_lexical_homophone,hao3 ci4,hao3 chi1,xau̯˧˩˧ tsʰɹ̩˥˩,xau̯˧˩˧ ʈʂʰɻ̩˥,好次！,好吃！
codedlang:753:01,Crowd-AI-Lab/CodedLang,753,滴,滴,滴,di1,的,的,de,ti˥,ti˥,tɤ,tɤ,否,[],official_dictionary_casefold,歧义同音词,ambiguous_homophone,di1,de,ti˥,tɤ,everything is perfect. 真的  设施 服务全都超级好 热情❤️ 等待的时候也不无聊 还有消遣玩乐的 还有免费贴膜和护理手的 。厕所也很高大上  第一次见这么高端大气上档次滴batbroom～😏 吹风机 香水 牙刷 厕所坐垫加热器 and so on  ，ok You see,everything is perfect. 真的  设施 服务全都超级好 热情❤️ 等待的时候也不无聊 还有消遣玩乐的 还有免费贴膜和护理手的 。厕所也很高大上  第一吃见这么高端大气上档吃的逼at逼room～😏 吹风机 香水 牙刷 厕所坐垫加热器 and so on  ，ok You see
codedlang:754:01,Crowd-AI-Lab/CodedLang,754,滴,滴,滴,di1,的,的,de,ti˥,ti˥,tɤ,tɤ,否,[],official_dictionary_casefold,歧义同音词,ambiguous_homophone,di1,de,ti˥,tɤ,"千层超好吃，包装也很好啊，超级卡哇伊，还会继续光顾哒, 还会继续推荐朋友滴","千层超好吃，包装也很好啊，超级卡哇伊，还会继续光顾哒, 还会继续推荐朋友的"
codedlang:755:01,Crowd-AI-Lab/CodedLang,755,滴,滴,滴,di1,的,的,de,ti˥,ti˥,tɤ,tɤ,否,[],official_dictionary_casefold,歧义同音词,ambiguous_homophone,di1,de,ti˥,tɤ,不怎么滴,不怎么的
codedlang:756:01,Crowd-AI-Lab/CodedLang,756,tm,tm,tm,tm,他妈,他妈,ta1 ma1,tˌiːˈɛm,tˌiːˈɛm,tʰa˥ ma˥,tʰa˥ ma˥,否,[],official_dictionary_casefold,语音替代,phonetic,tm,ta1 ma1,ˈti ˈɛm,tʰa˥ ma˥,真tm垃圾,真他妈垃圾
codedlang:757:01,Crowd-AI-Lab/CodedLang,757,滴,滴,滴,di1,的,的,de,ti˥,ti˥,tɤ,tɤ,否,[],official_dictionary_casefold,歧义同音词,ambiguous_homophone,di1,de,ti˥,tɤ,伍师傅是个很专业的人  大家如果有锁事一定要找他  技术杆杆滴,伍师傅是个很专业的人  大家如果有锁事一定要找他  技术杆杆的
codedlang:758:01,Crowd-AI-Lab/CodedLang,758,jb,jb,jb,jb,鸡巴,鸡巴,ji1 ba1,dʒˌeɪbˈiː,dʒˌeɪbˈiː,tɕi˥ pa˥,tɕi˥ pa˥,否,[],official_dictionary_casefold,语音替代,"phonetic, transliteration",jb,ji1 ba1,ˈdʒeɪ pi˥,tɕi˥ pa˥,真jb难吃 简直就是泔水 一点也不夸张 店里是没盐了嘛 这水平就别来丢中国人的脸了行吗 ball ball您老板全家,真鸡巴难吃 简直就是泔水 一点也不夸张 店里是没盐了嘛 这水平就别来丢中国人的脸了行吗 求求您老板全家
codedlang:758:02,Crowd-AI-Lab/CodedLang,758,ball ball,ball ball,ball ball,ball ball,求求,求求,qiu2 qiu2,bˈɔːl bˈɔːl,bˈɔːl bˈɔːl,tɕʰiou˧˥ tɕʰiou˧˥,tɕʰiou˧˥ tɕʰiou˧˥,否,[],official_dictionary_casefold,跨语言语音编码,"phonetic, transliteration",qiu2 qiu2,qiu2 qiu2,tɕʰjou̯˧˥ tɕʰjou̯˧˥,tɕʰjou̯˧˥ tɕʰjou̯˧˥,真jb难吃 简直就是泔水 一点也不夸张 店里是没盐了嘛 这水平就别来丢中国人的脸了行吗 ball ball您老板全家,真鸡巴难吃 简直就是泔水 一点也不夸张 店里是没盐了嘛 这水平就别来丢中国人的脸了行吗 求求您老板全家
codedlang:759:01,Crowd-AI-Lab/CodedLang,759,tm,tm,tm,tm,他妈,他妈,ta1 ma1,tˌiːˈɛm,tˌiːˈɛm,tʰa˥ ma˥,tʰa˥ ma˥,否,[],official_dictionary_casefold,语音替代,phonetic,tm,ta1 ma1,ˈti ˈɛm,tʰa˥ ma˥,这老板上来还没点餐态度就烂的不行。我们tm是来吃饭的不是来受气的，趁早关门吧,这老板上来还没点餐态度就烂的不行。我们他妈是来吃饭的不是来受气的，趁早关门吧
codedlang:760:01,Crowd-AI-Lab/CodedLang,760,几把,几把,几把,ji3 ba3,鸡巴,鸡巴,ji1 ba1,tɕi˨˩˦ pa˨˩˦,tɕi˨˩˦ pa˨˩˦,tɕi˥ pa˥,tɕi˥ pa˥,否,[],official_dictionary_casefold,非词汇同音词,ambiguous_homophone,ji3 ba3,ji1 ba1,tɕi˧˩˧ pa˧˩˧,tɕi˥ pa˥,清洁费贼几把黑，上次就吐了一点就收了100刀，再也不去了,清洁费贼鸡巴黑，上吃就吐了一点就收了100刀，再也不去了
codedlang:763:01,Crowd-AI-Lab/CodedLang,763,jb,jb,jb,jb,鸡巴,鸡巴,ji1 ba1,dʒˌeɪbˈiː,dʒˌeɪbˈiː,tɕi˥ pa˥,tɕi˥ pa˥,否,[],official_dictionary_casefold,语音替代,phonetic,jb,ji1 ba1,ˈdʒeɪ pi˥,tɕi˥ pa˥,真的很jb垃圾 第一次看到这种服务 店里某个长的中性的女服务员 不知道你是什么货色 菜每次都上少 还拽的一逼 如果这家店的老板看到这条评论建议你好好处理一下这个服务员 只要这个人在这家店一天 至少我和我的所有朋友都不会来你们店吃东西了 铁脑残 早点倒闭吧 法拉盛烧烤店那么多 服务比你们好价格比你们好的多的去了 也不知道你们在装些什么  说起来我还是第一次看到评分这么低的店 那个女服务员功不可没啊,真的很鸡巴垃圾 第一吃看到这种服务 店里某个长的中性的女服务员 不知道你是什么货色 菜每吃都上少 还拽的一逼 如果这家店的老板看到这条评论建议你好好处理一下这个服务员 只要这个人在这家店一天 至少我和我的所有朋友都不会来你们店吃东西了 铁脑残 早点倒闭吧 法拉盛烧烤店那么多 服务比你们好价格比你们好的多的去了 也不知道你们在装些什么  说起来我还是第一吃看到评分这么低的店 那个女服务员功不可没啊
codedlang:764:01,Crowd-AI-Lab/CodedLang,764,jb,jb,jb,jb,鸡巴,鸡巴,ji1 ba1,dʒˌeɪbˈiː,dʒˌeɪbˈiː,tɕi˥ pa˥,tɕi˥ pa˥,否,[],official_dictionary_casefold,语音替代,phonetic,jb,ji1 ba1,ˈdʒeɪ pi˥,tɕi˥ pa˥,"一个非常好玩的地方，可以看展，还有不错的奶茶，很ojbk, 这个名字喜欢，nb hhhh","一个非常好玩的地方，可以看展，还有不错的奶茶，很o鸡巴k, 这个名字喜欢，牛逼 hhhh"
codedlang:764:02,Crowd-AI-Lab/CodedLang,764,nb,nb,nb,nb,牛逼,牛逼,niu2 bi1,ˌɛnbˈiː,ˌɛnbˈiː,niou˧˥ pi˥,niou˧˥ pi˥,否,[],official_dictionary_casefold,语音替代,phonetic,nb,niu2 bi1,ˈɛn pi˥,njou̯˧˥ pi˥,"一个非常好玩的地方，可以看展，还有不错的奶茶，很ojbk, 这个名字喜欢，nb hhhh","一个非常好玩的地方，可以看展，还有不错的奶茶，很o鸡巴k, 这个名字喜欢，牛逼 hhhh"
codedlang:765:01,Crowd-AI-Lab/CodedLang,765,tm,tm,tm,tm,他妈,他妈,ta1 ma1,tˌiːˈɛm,tˌiːˈɛm,tʰa˥ ma˥,tʰa˥ ma˥,否,[],official_dictionary_casefold,语音替代,phonetic,tm,ta1 ma1,ˈti ˈɛm,tʰa˥ ma˥,这里真的是太恶心了，管理处和支付中心互相推辞，10号之前没办法交房租，然后房子里每天都在10度以下，非常冷，我老公都感冒了，没办法工作了，这个管理处的人非常难联系到，打电话找不到人，来了找不到人，我真的是无语了，这tm傻逼,这里真的是太恶心了，管理处和支付中心互相推辞，10号之前没办法交房租，然后房子里每天都在10度以下，非常冷，我老公都感冒了，没办法工作了，这个管理处的人非常难联系到，打电话找不到人，来了找不到人，我真的是无语了，这他妈傻逼
codedlang:766:01,Crowd-AI-Lab/CodedLang,766,你玛,你玛,你玛,ni3 ma3,你妈,你妈,ni3 ma1,ni˨˩˦ ma˨˩˦,ni˨˩˦ ma˨˩˦,ni˨˩˦ ma˥,ni˨˩˦ ma˥,否,[],official_dictionary_casefold,非词汇同音词,non_lexical_homophone,ni3 ma3,ni3 ma1,ni˧˩˧ ma˧˩˧,ni˧˩˧ ma˥,纽约最差的修理轮胎店 几星期前在它们家修理轮胎花了$25'。过几天仍然漏气，又去修了$15:，到现在还漏气。你玛吸血鬼 打死也不去它们家 希望大家不要上当受骗,纽约最差的修理轮胎店 几星期前在它们家修理轮胎花了$25'。过几天仍然漏气，又去修了$15:，到现在还漏气。你妈吸血鬼 打死也不去它们家 希望大家不要上当受骗
codedlang:767:01,Crowd-AI-Lab/CodedLang,767,惹,惹,惹,re3,了,了,le,ɻɤ˨˩˦,ɻɤ˨˩˦,lɤ,lɤ,否,[],official_dictionary_casefold,歧义同音词,ambiguous_homophone,re3,le,ɻɤ˧˩˧,lɤ,这家店真的难吃，还坑钱，肉都是酸的，服务员态度极差。转发了推广优惠的朋友圈，商家又不承认。醉惹,这家店真的难吃，还坑钱，肉都是酸的，服务员态度极差。转发了推广优惠的朋友圈，商家又不承认。醉了
codedlang:770:01,Crowd-AI-Lab/CodedLang,770,好次,好次,好次,hao3 ci4,好吃,好吃,hao3 chi1,xɑʊ˨˩˦ tsʰɹ̩˥˩,xɑʊ˨˩˦ tsʰɹ̩˥˩,xɑʊ˨˩˦ ʈʂʰɻ̩˥,xɑʊ˨˩˦ ʈʂʰɻ̩˥,否,[],official_dictionary_casefold,非词汇同音词,non_lexical_homophone,hao3 ci4,hao3 chi1,xau̯˧˩˧ tsʰɹ̩˥˩,xau̯˧˩˧ ʈʂʰɻ̩˥,好次，跟朋友一起去，都说味道好，服务也不错，nice～,好吃，跟朋友一起去，都说味道好，服务也不错，nice～
codedlang:771:01,Crowd-AI-Lab/CodedLang,771,好次,好次,好次,hao3 ci4,好吃,好吃,hao3 chi1,xɑʊ˨˩˦ tsʰɹ̩˥˩,xɑʊ˨˩˦ tsʰɹ̩˥˩,xɑʊ˨˩˦ ʈʂʰɻ̩˥,xɑʊ˨˩˦ ʈʂʰɻ̩˥,否,[],official_dictionary_casefold,非词汇同音词,non_lexical_homophone,hao3 ci4,hao3 chi1,xau̯˧˩˧ tsʰɹ̩˥˩,xau̯˧˩˧ ʈʂʰɻ̩˥,好次～～～但是还是没到完美 要来的小伙伴记得带现金哈～这里不收卡的 但可以微信支付哦～ 虽然不是十秒到但是 速度和服务质量还是蛮好的👍🏻 给个赞,好吃～～～但是还是没到完美 要来的小伙伴记得带现金哈～这里不收卡的 但可以微信支付哦～ 虽然不是十秒到但是 速度和服务质量还是蛮好的👍🏻 给个赞
codedlang:772:01,Crowd-AI-Lab/CodedLang,772,滴,滴,滴,di1,的,的,de,ti˥,ti˥,tɤ,tɤ,否,[],official_dictionary_casefold,歧义同音词,ambiguous_homophone,di1,de,ti˥,tɤ,订的蛋挞很喜欢，但就是太甜了.态度真滴差,订的蛋挞很喜欢，但就是太甜了.态度真的差
codedlang:773:01,Crowd-AI-Lab/CodedLang,773,积极,积极,积极,ji1 ji2,自己,自己,zi4 ji3,tɕi˥ tɕi˧˥,tɕi˥ tɕi˧˥,tsɹ̩˥˩ tɕi˨˩˦,tsɹ̩˥˩ tɕi˨˩˦,否,[],official_dictionary_casefold,歧义同音词,"ambiguous_homophone, non_lexical_homophone, phonetic",ji1 ji2,zi4 ji3,tɕi˥ tɕi˧˥,tsɹ̩˥˩ tɕi˧˩˧,超级喜欢他们家的炸鸡汉堡 就是不多给辣酱。不过也可能我积极太极贼jizei,超级喜欢他们家的炸鸡汉堡 就是不多给啦酱。不过也可能我自己太鸡贼鸡贼
codedlang:773:02,Crowd-AI-Lab/CodedLang,773,极贼,极贼,极贼,ji2 zei2,鸡贼,鸡贼,ji1 zei2,tɕi˧˥ tsei˧˥,tɕi˧˥ tsei˧˥,tɕi˥ tsei˧˥,tɕi˥ tsei˧˥,否,[],official_dictionary_casefold,非词汇同音词,"ambiguous_homophone, non_lexical_homophone, phonetic",ji2 zei2,ji1 zei2,tɕi˧˥ tsei̯˧˥,tɕi˥ tsei̯˧˥,超级喜欢他们家的炸鸡汉堡 就是不多给辣酱。不过也可能我积极太极贼jizei,超级喜欢他们家的炸鸡汉堡 就是不多给啦酱。不过也可能我自己太鸡贼鸡贼
codedlang:773:03,Crowd-AI-Lab/CodedLang,773,jizei,jizei,jizei,jizei,鸡贼,鸡贼,ji1 zei2,dʒˈaɪzaɪ,dʒˈaɪzaɪ,tɕi˥ tsei˧˥,tɕi˥ tsei˧˥,否,[],official_dictionary_casefold,语音替代,"ambiguous_homophone, non_lexical_homophone, phonetic",ji zei,ji1 zei2,tɕi tsei̯,tɕi˥ tsei̯˧˥,超级喜欢他们家的炸鸡汉堡 就是不多给辣酱。不过也可能我积极太极贼jizei,超级喜欢他们家的炸鸡汉堡 就是不多给啦酱。不过也可能我自己太鸡贼鸡贼
codedlang:774:01,Crowd-AI-Lab/CodedLang,774,tm,tm,tm,tm,他妈,他妈,ta1 ma1,tˌiːˈɛm,tˌiːˈɛm,tʰa˥ ma˥,tʰa˥ ma˥,否,[],official_dictionary_casefold,语音替代,phonetic,tm,ta1 ma1,ˈti ˈɛm,tʰa˥ ma˥,骗钱，不会再去！忽悠人！做了所谓的4轮定位平衡要250。真tm的坑，也请广大消费者小心这家4s店。,骗钱，不会再去！忽悠人！做了所谓的4轮定位平衡要250。真他妈的坑，也请广大消费者小心这家4s店。
codedlang:775:01,Crowd-AI-Lab/CodedLang,775,敲,敲,敲,qiao1,超,超,chao1,tɕʰiɑʊ˥,tɕʰiɑʊ˥,ʈʂʰɑʊ˥,ʈʂʰɑʊ˥,否,[],official_dictionary_casefold,歧义同音词,ambiguous_homophone,qiao1,chao1,tɕʰjau̯˥,ʈʂʰau̯˥,味道敲正宗 豆花米线撑到不行 还喝到了久违的木瓜水 开心,味道超正宗 豆花米线撑到不行 还喝到了久违的木瓜水 开心
codedlang:776:01,Crowd-AI-Lab/CodedLang,776,惹,惹,惹,re3,了,了,le,ɻɤ˨˩˦,ɻɤ˨˩˦,lɤ,lɤ,否,[],official_dictionary_casefold,歧义同音词,ambiguous_homophone,re3,le,ɻɤ˧˩˧,lɤ,这是真的贡茶，喝到嘴里的瞬间快哭哭惹💕💕💕,这是真的贡茶，喝到嘴里的瞬间快哭哭了💕💕💕
codedlang:777:01,Crowd-AI-Lab/CodedLang,777,滴,滴,滴,di1,的,的,de,ti˥,ti˥,tɤ,tɤ,否,[],official_dictionary_casefold,歧义同音词,ambiguous_homophone,di1,de,ti˥,tɤ,再也不去东这家餐馆吃饭滴。油炸食品牙龈咬伤是太硬。菜少了可怜。味素很多。服务态度低。向钱看。少了钱会骂人。,再也不去东这家餐馆吃饭的。油炸食品牙龈咬伤是太硬。菜少了可怜。味素很多。服务态度低。向钱看。少了钱会骂人。
codedlang:778:01,Crowd-AI-Lab/CodedLang,778,sb,sb,sb,sb,傻逼,傻逼,sha3 bi1,ˌɛsbˈiː,ˌɛsbˈiː,ʂa˨˩˦ pi˥,ʂa˨˩˦ pi˥,否,[],official_dictionary_casefold,语音替代,phonetic,sb,sha3 bi1,ˈɛs pi˥,ʂa˧˩˧ pi˥,全是黑人 sb,全是黑人 傻逼
codedlang:779:01,Crowd-AI-Lab/CodedLang,779,sb,sb,sb,sb,傻逼,傻逼,sha3 bi1,ˌɛsbˈiː,ˌɛsbˈiː,ʂa˨˩˦ pi˥,ʂa˨˩˦ pi˥,否,[],official_dictionary_casefold,语音替代,phonetic,sb,sha3 bi1,ˈɛs pi˥,ʂa˧˩˧ pi˥,大使馆是真真真真真真真真真的sb，2年前起码可以占线等40分钟等到一个人工服务，现在4个电话号码直接都打不通，邮件也不回，资料按官网要求打印齐了，9点飞机飞纽约打uber好不容易12点赶到了甩我一份最新的办理文件程序：先去找地保官，再去找公证员，再去务卿办公室，最后才把所有文件带来大使馆，我就想问句nmsl？你2点半关门，这么重要的东西官网完全没提示，每个地方都要先打uber再排队，你真的以为每个海外中国人都住纽约？还是你觉得留学生可以周一周五随便翘课飞纽约住酒店来搞你这东西？多少中国人都是被你们这样坑了？这个整套行程mdzz你们给报销吗？,大使馆是真真真真真真真真真的傻逼，2年前起码可以占线等40分钟等到一个人工服务，现在4个电话号码直接都打不通，邮件也不回，资料按官网要求打印齐了，9点飞机飞纽约打u逼er好不容易12点赶到了甩我一份最新的办理文件程序：先去找地保官，再去找公证员，再去务卿办公室，最后才把所有文件带来大使馆，我就想问句你妈死了？你2点半关门，这么重要的东西官网完全没提示，每个地方都要先打u逼er再排队，你真的以为每个海外中国人都住纽约？还是你觉得留学生可以周一周五随便翘课飞纽约住酒店来搞你这东西？多少中国人都是被你们这样坑了？这个整套行程妈的智障你们给报销吗？
codedlang:779:02,Crowd-AI-Lab/CodedLang,779,nmsl,nmsl,nmsl,nmsl,你妈死了,你妈死了,ni3 ma1 si3 le,ˌɛnˌɛmˌɛsˈɛl,ˌɛnˌɛmˌɛsˈɛl,ni˨˩˦ ma˥ sɹ̩˨˩˦ lɤ,ni˨˩˦ ma˥ sɹ̩˨˩˦ lɤ,否,[],official_dictionary_casefold,语音替代,phonetic,nmsl,ni3 ma1 si3 le,ˈɛm ˈɛm ˈɛs ˈɛɫ,ni˧˩˧ ma˥ sɹ̩˧˩˧ lɤ,大使馆是真真真真真真真真真的sb，2年前起码可以占线等40分钟等到一个人工服务，现在4个电话号码直接都打不通，邮件也不回，资料按官网要求打印齐了，9点飞机飞纽约打uber好不容易12点赶到了甩我一份最新的办理文件程序：先去找地保官，再去找公证员，再去务卿办公室，最后才把所有文件带来大使馆，我就想问句nmsl？你2点半关门，这么重要的东西官网完全没提示，每个地方都要先打uber再排队，你真的以为每个海外中国人都住纽约？还是你觉得留学生可以周一周五随便翘课飞纽约住酒店来搞你这东西？多少中国人都是被你们这样坑了？这个整套行程mdzz你们给报销吗？,大使馆是真真真真真真真真真的傻逼，2年前起码可以占线等40分钟等到一个人工服务，现在4个电话号码直接都打不通，邮件也不回，资料按官网要求打印齐了，9点飞机飞纽约打u逼er好不容易12点赶到了甩我一份最新的办理文件程序：先去找地保官，再去找公证员，再去务卿办公室，最后才把所有文件带来大使馆，我就想问句你妈死了？你2点半关门，这么重要的东西官网完全没提示，每个地方都要先打u逼er再排队，你真的以为每个海外中国人都住纽约？还是你觉得留学生可以周一周五随便翘课飞纽约住酒店来搞你这东西？多少中国人都是被你们这样坑了？这个整套行程妈的智障你们给报销吗？
codedlang:779:03,Crowd-AI-Lab/CodedLang,779,mdzz,mdzz,mdzz,mdzz,妈的智障,妈的智障,ma1 de zhi4 zhang4,ˌɛmdˌiːzˌɛdzˈɛd,ˌɛmdˌiːzˌɛdzˈɛd,ma˥ tɤ ʈʂɻ̩˥˩ ʈʂɑŋ˥˩,ma˥ tɤ ʈʂɻ̩˥˩ ʈʂɑŋ˥˩,否,[],official_dictionary_casefold,语音替代,phonetic,mdzz,ma1 de zhi4 zhang4,ˈɛm ti ˈzi ˈzi ,ma˥ tɤ ʈʂɻ̩˥˩ ʈʂa˥˩ŋ,大使馆是真真真真真真真真真的sb，2年前起码可以占线等40分钟等到一个人工服务，现在4个电话号码直接都打不通，邮件也不回，资料按官网要求打印齐了，9点飞机飞纽约打uber好不容易12点赶到了甩我一份最新的办理文件程序：先去找地保官，再去找公证员，再去务卿办公室，最后才把所有文件带来大使馆，我就想问句nmsl？你2点半关门，这么重要的东西官网完全没提示，每个地方都要先打uber再排队，你真的以为每个海外中国人都住纽约？还是你觉得留学生可以周一周五随便翘课飞纽约住酒店来搞你这东西？多少中国人都是被你们这样坑了？这个整套行程mdzz你们给报销吗？,大使馆是真真真真真真真真真的傻逼，2年前起码可以占线等40分钟等到一个人工服务，现在4个电话号码直接都打不通，邮件也不回，资料按官网要求打印齐了，9点飞机飞纽约打u逼er好不容易12点赶到了甩我一份最新的办理文件程序：先去找地保官，再去找公证员，再去务卿办公室，最后才把所有文件带来大使馆，我就想问句你妈死了？你2点半关门，这么重要的东西官网完全没提示，每个地方都要先打u逼er再排队，你真的以为每个海外中国人都住纽约？还是你觉得留学生可以周一周五随便翘课飞纽约住酒店来搞你这东西？多少中国人都是被你们这样坑了？这个整套行程妈的智障你们给报销吗？
codedlang:781:01,Crowd-AI-Lab/CodedLang,781,滴,滴,滴,di1,的,的,de,ti˥,ti˥,tɤ,tɤ,否,[],official_dictionary_casefold,歧义同音词,ambiguous_homophone,di1,de,ti˥,tɤ,算不错滴啦虽然主要做游客生意的,算不错的啦虽然主要做游客生意的
codedlang:782:01,Crowd-AI-Lab/CodedLang,782,滴,滴,滴,di1,的,的,de,ti˥,ti˥,tɤ,tɤ,否,[],official_dictionary_casefold,歧义同音词,ambiguous_homophone,di1,de,ti˥,tɤ,杠杠滴,杠杠的
codedlang:783:01,Crowd-AI-Lab/CodedLang,783,jb,jb,jb,jb,鸡巴,鸡巴,ji1 ba1,dʒˌeɪbˈiː,dʒˌeɪbˈiː,tɕi˥ pa˥,tɕi˥ pa˥,否,[],official_dictionary_casefold,语音替代,phonetic,jb,ji1 ba1,ˈdʒeɪ pi˥,tɕi˥ pa˥,垃圾都不等号码我们90他都带90几还不好意思jb,垃圾都不等号码我们90他都带90几还不好意思鸡巴
codedlang:785:01,Crowd-AI-Lab/CodedLang,785,tm,tm,tm,tm,他妈,他妈,ta1 ma1,tˌiːˈɛm,tˌiːˈɛm,tʰa˥ ma˥,tʰa˥ ma˥,否,[],official_dictionary_casefold,语音替代,phonetic,tm,ta1 ma1,ˈti ˈɛm,tʰa˥ ma˥,服务真是太tm差了，店里空了70%桌子让我们等20分钟。跟他们说了好几次，我们都饿的不行了大老远跑过来的。就是一根筋不让进，一定要等一个唯一的小桌子。 别人两个人也都坐大桌子，一定要我们等小桌子。你们家戴眼镜那个女服务员是不是脑子有病啊？大过年的真是气的不行了。,服务真是太他妈差了，店里空了70%桌子让我们等20分钟。跟他们说了好几吃，我们都饿的不行了大老远跑过来的。就是一根筋不让进，一定要等一个唯一的小桌子。 别人两个人也都坐大桌子，一定要我们等小桌子。你们家戴眼镜那个女服务员是不是脑子有病啊？大过年的真是气的不行了。
codedlang:786:01,Crowd-AI-Lab/CodedLang,786,滴,滴,滴,di1,的,的,de,ti˥,ti˥,tɤ,tɤ,否,[],official_dictionary_casefold,歧义同音词,ambiguous_homophone,di1,de,ti˥,tɤ,不忙的时候来真是太好了！感受到了帝王般的待遇，感谢lex和Edwin，服务的真滴舒服,不忙的时候来真是太好了！感受到了帝王般的待遇，感谢lex和Edwin，服务的真的舒服
codedlang:787:01,Crowd-AI-Lab/CodedLang,787,tm,tm,tm,tm,他妈,他妈,ta1 ma1,tˌiːˈɛm,tˌiːˈɛm,tʰa˥ ma˥,tʰa˥ ma˥,否,[],official_dictionary_casefold,语音替代,phonetic,tm,ta1 ma1,ˈti ˈɛm,tʰa˥ ma˥,Cindy  你很tm好看。 服务贼好，很接地气。,Cindy  你很他妈好看。 服务贼好，很接地气。
codedlang:788:01,Crowd-AI-Lab/CodedLang,788,敲,敲,敲,qiao1,超,超,chao1,tɕʰiɑʊ˥,tɕʰiɑʊ˥,ʈʂʰɑʊ˥,ʈʂʰɑʊ˥,否,[],official_dictionary_casefold,歧义同音词,ambiguous_homophone,qiao1,chao1,tɕʰjau̯˥,ʈʂʰau̯˥,Ariana小姐姐 服务超级nice！！！ 敲喜欢,Ariana小姐姐 服务超级nice！！！ 超喜欢
codedlang:789:01,Crowd-AI-Lab/CodedLang,789,好次,好次,好次,hao3 ci4,好吃,好吃,hao3 chi1,xɑʊ˨˩˦ tsʰɹ̩˥˩,xɑʊ˨˩˦ tsʰɹ̩˥˩,xɑʊ˨˩˦ ʈʂʰɻ̩˥,xɑʊ˨˩˦ ʈʂʰɻ̩˥,否,[],official_dictionary_casefold,非词汇同音词,non_lexical_homophone,hao3 ci4,hao3 chi1,xau̯˧˩˧ tsʰɹ̩˥˩,xau̯˧˩˧ ʈʂʰɻ̩˥,好次好吃哈哈哈哈哈哈哈哈哈,好吃好吃哈哈哈哈哈哈哈哈哈
codedlang:790:01,Crowd-AI-Lab/CodedLang,790,滴,滴,滴,di1,的,的,de,ti˥,ti˥,tɤ,tɤ,否,[],official_dictionary_casefold,歧义同音词,ambiguous_homophone,di1,de,ti˥,tɤ,好久没来了，又一次建平小哥哥服务，棒棒滴。。。👍👍👍赞,好久没来了，又一吃建平小哥哥服务，棒棒的。。。👍👍👍赞
codedlang:791:01,Crowd-AI-Lab/CodedLang,791,sb,sb,sb,sb,傻逼,傻逼,sha3 bi1,ˌɛsbˈiː,ˌɛsbˈiː,ʂa˨˩˦ pi˥,ʂa˨˩˦ pi˥,否,[],official_dictionary_casefold,语音替代,phonetic,sb,sha3 bi1,ˈɛs pi˥,ʂa˧˩˧ pi˥,今晚吃了这家拉面半夜被咸醒了跑去喝水 不写个差评对不起我收尽折磨的味蕾 —— 哇 这个狗屁拉面店简直是太灾难了 一碗柚子味的拉面只吃出了大蒜和猪油的味道 没有一丁点柚子的味道 汤和肉都很咸很咸 油腻的后劲几个小时还阴魂不散  还有那sb服务员 拿来的水杯上粘了黑色的毛 桌子擦不干净整个都是黏的 还要摆出非常傲慢的态度 说话阴阳怪气 基本礼貌都没有 好吧 那我就自己用纸擦 结果纸就整个黏在桌上撕不下来了 太恶心了🤮  不要丢拉面的脸了 不要丢chinatown的脸了 早日倒闭吧,今晚吃了这家拉面半夜被咸醒了跑去喝水 不写个差评对不起我收尽折磨的味蕾 —— 哇 这个狗屁拉面店简直是太灾难了 一碗柚子味的拉面只吃出了大蒜和猪油的味道 没有一丁点柚子的味道 汤和肉都很咸很咸 油腻的后劲几个小时还阴魂不散  还有那傻逼服务员 拿来的水杯上粘了黑色的毛 桌子擦不干净整个都是黏的 还要摆出非常傲慢的态度 说话阴阳怪气 基本礼貌都没有 好吧 那我就自己用纸擦 结果纸就整个黏在桌上撕不下来了 太恶心了🤮  不要丢拉面的脸了 不要丢chinatown的脸了 早日倒闭吧
codedlang:792:01,Crowd-AI-Lab/CodedLang,792,sb,sb,sb,sb,傻逼,傻逼,sha3 bi1,ˌɛsbˈiː,ˌɛsbˈiː,ʂa˨˩˦ pi˥,ʂa˨˩˦ pi˥,否,[],official_dictionary_casefold,语音替代,"ambiguous_homophone, phonetic",sb,sha3 bi1,ˈɛs pi˥,ʂa˧˩˧ pi˥,接待和护士比较冷漠，而且看病等待的时间直接会导致你错过最佳治疗时间，不管你说你有多严重她都叫你必须等，而且医院有推卸责任的动作，本来我老婆怀孕只是有一点流血，但是在医院等待到看病的时间用了6个小时，直接导致流产，最后医生还不告诉我们是流产了喊我们第二天去妇科医生在检查，第二天我们去了过后医生看到报告就告诉我们流产了是，在第一天不告诉我们是怕我们告他吗？sb东西些，cao你吗,接待和护士比较冷漠，而且看病等待的时间直接会导致你错过最佳治疗时间，不管你说你有多严重她都叫你必须等，而且医院有推卸责任的动作，本来我老婆怀孕只是有一点流血，但是在医院等待到看病的时间用了厉害个小时，直接导致流产，最后医生还不告诉我们是流产了喊我们第二天去妇科医生在检查，第二天我们去了过后医生看到报告就告诉我们流产了是，在第一天不告诉我们是怕我们告他吗？傻逼东西些，操你妈
codedlang:792:02,Crowd-AI-Lab/CodedLang,792,cao你吗,cao你吗,cao你吗,cao ni3 ma,操你妈,操你妈,cao1 ni3 ma1,tsʰɑʊ ni˨˩˦ ma,tsʰɑʊ ni˨˩˦ ma,tsʰɑʊ˥ ni˨˩˦ ma˥,tsʰɑʊ˥ ni˨˩˦ ma˥,否,[],official_dictionary_casefold,语音替代,"ambiguous_homophone, phonetic",cao ni3 ma,cao1 ni3 ma1,tsʰau̯ ni˧˩˧ ma,tsʰau̯˥ ni˧˩˧ ma˥,接待和护士比较冷漠，而且看病等待的时间直接会导致你错过最佳治疗时间，不管你说你有多严重她都叫你必须等，而且医院有推卸责任的动作，本来我老婆怀孕只是有一点流血，但是在医院等待到看病的时间用了6个小时，直接导致流产，最后医生还不告诉我们是流产了喊我们第二天去妇科医生在检查，第二天我们去了过后医生看到报告就告诉我们流产了是，在第一天不告诉我们是怕我们告他吗？sb东西些，cao你吗,接待和护士比较冷漠，而且看病等待的时间直接会导致你错过最佳治疗时间，不管你说你有多严重她都叫你必须等，而且医院有推卸责任的动作，本来我老婆怀孕只是有一点流血，但是在医院等待到看病的时间用了厉害个小时，直接导致流产，最后医生还不告诉我们是流产了喊我们第二天去妇科医生在检查，第二天我们去了过后医生看到报告就告诉我们流产了是，在第一天不告诉我们是怕我们告他吗？傻逼东西些，操你妈
codedlang:793:01,Crowd-AI-Lab/CodedLang,793,jb,jb,jb,jb,鸡巴,鸡巴,ji1 ba1,dʒˌeɪbˈiː,dʒˌeɪbˈiː,tɕi˥ pa˥,tɕi˥ pa˥,否,[],official_dictionary_casefold,语音替代,phonetic,jb,ji1 ba1,ˈdʒeɪ pi˥,tɕi˥ pa˥,老头老太什么jb态度 不是看你们老不死 早打你们,老头老太什么鸡巴态度 不是看你们老不死 早打你们
codedlang:794:01,Crowd-AI-Lab/CodedLang,794,tm,tm,tm,tm,他妈,他妈,ta1 ma1,tˌiːˈɛm,tˌiːˈɛm,tʰa˥ ma˥,tʰa˥ ma˥,否,[],official_dictionary_casefold,语音替代,phonetic,tm,ta1 ma1,ˈti ˈɛm,tʰa˥ ma˥,狗tm的傻逼老板，一直叫我们点他推荐的狗jb烧烤，不点还强制加上去，一端上来就看到虫子，还说不是虫子，狡辩说是烧焦了，还骂人，声音大到整个餐馆都听得见，所有人都往我这边看。傻逼老板，以后都不来了.,狗他妈的傻逼老板，一直叫我们点他推荐的狗鸡巴烧烤，不点还强制加上去，一端上来就看到虫子，还说不是虫子，狡辩说是烧焦了，还骂人，声音大到整个餐馆都听得见，所有人都往我这边看。傻逼老板，以后都不来了.
codedlang:794:02,Crowd-AI-Lab/CodedLang,794,jb,jb,jb,jb,鸡巴,鸡巴,ji1 ba1,dʒˌeɪbˈiː,dʒˌeɪbˈiː,tɕi˥ pa˥,tɕi˥ pa˥,否,[],official_dictionary_casefold,语音替代,phonetic,jb,ji1 ba1,ˈdʒeɪ pi˥,tɕi˥ pa˥,狗tm的傻逼老板，一直叫我们点他推荐的狗jb烧烤，不点还强制加上去，一端上来就看到虫子，还说不是虫子，狡辩说是烧焦了，还骂人，声音大到整个餐馆都听得见，所有人都往我这边看。傻逼老板，以后都不来了.,狗他妈的傻逼老板，一直叫我们点他推荐的狗鸡巴烧烤，不点还强制加上去，一端上来就看到虫子，还说不是虫子，狡辩说是烧焦了，还骂人，声音大到整个餐馆都听得见，所有人都往我这边看。傻逼老板，以后都不来了.
codedlang:795:01,Crowd-AI-Lab/CodedLang,795,tm,tm,tm,tm,他妈,他妈,ta1 ma1,tˌiːˈɛm,tˌiːˈɛm,tʰa˥ ma˥,tʰa˥ ma˥,否,[],official_dictionary_casefold,语音替代,phonetic,tm,ta1 ma1,ˈti ˈɛm,tʰa˥ ma˥,服务很一般 菜更一般 烤串太难吃了 虽然一直知道st mark这些日式烤串店假装便宜又难吃但今天还是又来了一次 果不其然又失望一次  还tm只收现金 还收你妈的税呢 jb想逃税还收老子税 亲子丼勉强过关 点的烤串烤的都很难吃很难吃 都烤的贼tm老又没有味道 难吃的一b,服务很一般 菜更一般 烤串太难吃了 虽然一直知道st mark这些日式烤串店假装便宜又难吃但今天还是又来了一吃 果不其然又失望一吃  还他妈只收现金 还收你妈的税呢 鸡巴想逃税还收老子税 亲子丼勉强过关 点的烤串烤的都很难吃很难吃 都烤的贼他妈老又没有味道 难吃的一逼
codedlang:795:02,Crowd-AI-Lab/CodedLang,795,jb,jb,jb,jb,鸡巴,鸡巴,ji1 ba1,dʒˌeɪbˈiː,dʒˌeɪbˈiː,tɕi˥ pa˥,tɕi˥ pa˥,否,[],official_dictionary_casefold,语音替代,phonetic,jb,ji1 ba1,ˈdʒeɪ pi˥,tɕi˥ pa˥,服务很一般 菜更一般 烤串太难吃了 虽然一直知道st mark这些日式烤串店假装便宜又难吃但今天还是又来了一次 果不其然又失望一次  还tm只收现金 还收你妈的税呢 jb想逃税还收老子税 亲子丼勉强过关 点的烤串烤的都很难吃很难吃 都烤的贼tm老又没有味道 难吃的一b,服务很一般 菜更一般 烤串太难吃了 虽然一直知道st mark这些日式烤串店假装便宜又难吃但今天还是又来了一吃 果不其然又失望一吃  还他妈只收现金 还收你妈的税呢 鸡巴想逃税还收老子税 亲子丼勉强过关 点的烤串烤的都很难吃很难吃 都烤的贼他妈老又没有味道 难吃的一逼
codedlang:799:01,Crowd-AI-Lab/CodedLang,799,好次,好次,好次,hao3 ci4,好吃,好吃,hao3 chi1,xɑʊ˨˩˦ tsʰɹ̩˥˩,xɑʊ˨˩˦ tsʰɹ̩˥˩,xɑʊ˨˩˦ ʈʂʰɻ̩˥,xɑʊ˨˩˦ ʈʂʰɻ̩˥,否,[],official_dictionary_casefold,非词汇同音词,"ambiguous_homophone, non_lexical_homophone",hao3 ci4,hao3 chi1,xau̯˧˩˧ tsʰɹ̩˥˩,xau̯˧˩˧ ʈʂʰɻ̩˥,好次😁还很便宜~今天朋友过生日还帮忙庆生  很可爱辣,好吃😁还很便宜~今天朋友过生日还帮忙庆生  很可爱啦
codedlang:799:02,Crowd-AI-Lab/CodedLang,799,辣,辣,辣,la4,啦,啦,la,la˥˩,la˥˩,la,la,否,[],official_dictionary_casefold,歧义同音词,"ambiguous_homophone, non_lexical_homophone",la4,la,la˥˩,la,好次😁还很便宜~今天朋友过生日还帮忙庆生  很可爱辣,好吃😁还很便宜~今天朋友过生日还帮忙庆生  很可爱啦
codedlang:800:01,Crowd-AI-Lab/CodedLang,800,敲,敲,敲,qiao1,超,超,chao1,tɕʰiɑʊ˥,tɕʰiɑʊ˥,ʈʂʰɑʊ˥,ʈʂʰɑʊ˥,否,[],official_dictionary_casefold,歧义同音词,ambiguous_homophone,qiao1,chao1,tɕʰjau̯˥,ʈʂʰau̯˥,敲好次~,超好吃~
codedlang:800:02,Crowd-AI-Lab/CodedLang,800,好次,好次,好次,hao3 ci4,好吃,好吃,hao3 chi1,xɑʊ˨˩˦ tsʰɹ̩˥˩,xɑʊ˨˩˦ tsʰɹ̩˥˩,xɑʊ˨˩˦ ʈʂʰɻ̩˥,xɑʊ˨˩˦ ʈʂʰɻ̩˥,否,[],official_dictionary_casefold,非词汇同音词,ambiguous_homophone,hao3 ci4,hao3 chi1,xau̯˧˩˧ tsʰɹ̩˥˩,xau̯˧˩˧ ʈʂʰɻ̩˥,敲好次~,超好吃~
codedlang:801:01,Crowd-AI-Lab/CodedLang,801,好次,好次,好次,hao3 ci4,好吃,好吃,hao3 chi1,xɑʊ˨˩˦ tsʰɹ̩˥˩,xɑʊ˨˩˦ tsʰɹ̩˥˩,xɑʊ˨˩˦ ʈʂʰɻ̩˥,xɑʊ˨˩˦ ʈʂʰɻ̩˥,否,[],official_dictionary_casefold,非词汇同音词,non_lexical_homophone,hao3 ci4,hao3 chi1,xau̯˧˩˧ tsʰɹ̩˥˩,xau̯˧˩˧ ʈʂʰɻ̩˥,😋好次😋,😋好吃😋
codedlang:802:01,Crowd-AI-Lab/CodedLang,802,滴,滴,滴,di1,的,的,de,ti˥,ti˥,tɤ,tɤ,否,[],official_dictionary_casefold,歧义同音词,ambiguous_homophone,di1,de,ti˥,tɤ,建筑物非常美，很棒的设计，对我而言方便遛娃又多了一个景点，参观又是免费滴。满满的一天又可在这打发 到此游四次,建筑物非常美，很棒的设计，对我而言方便遛娃又多了一个景点，参观又是免费的。满满的一天又可在这打发 到此游四吃
codedlang:803:01,Crowd-AI-Lab/CodedLang,803,好次,好次,好次,hao3 ci4,好吃,好吃,hao3 chi1,xɑʊ˨˩˦ tsʰɹ̩˥˩,xɑʊ˨˩˦ tsʰɹ̩˥˩,xɑʊ˨˩˦ ʈʂʰɻ̩˥,xɑʊ˨˩˦ ʈʂʰɻ̩˥,否,[],official_dictionary_casefold,非词汇同音词,non_lexical_homophone,hao3 ci4,hao3 chi1,xau̯˧˩˧ tsʰɹ̩˥˩,xau̯˧˩˧ ʈʂʰɻ̩˥,西北人实名认证的超好次！！！呜呜呜感动哭了😭😭😭,西北人实名认证的超好吃！！！呜呜呜感动哭了😭😭😭
codedlang:804:01,Crowd-AI-Lab/CodedLang,804,mmp,mmp,mmp,mmp,妈卖批,妈卖批,ma1 mai4 pi1,ˌɛmˌɛmpˈiː,ˌɛmˌɛmpˈiː,ma˥ mai˥˩ pʰi˥,ma˥ mai˥˩ pʰi˥,否,[],official_dictionary_casefold,语音替代,phonetic,mmp,ma1 mai4 pi1,ˈɛm ˈɛm ˈpi,ma˥ mai̯˥˩ pʰi˥,一碗馄炖慢死了mmp,一碗馄炖慢死了妈卖批
codedlang:805:01,Crowd-AI-Lab/CodedLang,805,cnm,cnm,cnm,cnm,操你妈,操你妈,cao1 ni3 ma1,sˌiːˌɛnˈɛm,sˌiːˌɛnˈɛm,tsʰɑʊ˥ ni˨˩˦ ma˥,tsʰɑʊ˥ ni˨˩˦ ma˥,否,[],official_dictionary_casefold,语音替代,phonetic,cnm,cao1 ni3 ma1,ˈsi ˈɛn ˈɛm,tsʰau̯˥ ni˧˩˧ ma˥,真的很垃圾 嗨不起来 小偷很多 钱包被偷了 保安也不管 ！ 歧视我们亚洲人 cnm ！,真的很垃圾 嗨不起来 小偷很多 钱包被偷了 保安也不管 ！ 歧视我们亚洲人 操你妈 ！
codedlang:806:01,Crowd-AI-Lab/CodedLang,806,cnm,cnm,cnm,cnm,操你妈,操你妈,cao1 ni3 ma1,sˌiːˌɛnˈɛm,sˌiːˌɛnˈɛm,tsʰɑʊ˥ ni˨˩˦ ma˥,tsʰɑʊ˥ ni˨˩˦ ma˥,否,[],official_dictionary_casefold,语音替代,phonetic,cnm,cao1 ni3 ma1,ˈsi ˈɛn ˈɛm,tsʰau̯˥ ni˧˩˧ ma˥,今天在这个地方被一个在这里工作的人（摆菜的人）骂有病，他还骂我cnm。我买了一包小白菜以为价钱是七毛九，结完账发现不是。我就说不要了，结帐的人就让他放回去。他就说：不买就不要拿，有病啊！还有很多人身攻击的话。他还让我去打他。呵呵。一个在那里工作的员工凭什么骂我？？？？太恶心了，再也不会来！,今天在这个地方被一个在这里工作的人（摆菜的人）骂有病，他还骂我操你妈。我买了一包小白菜以为价钱是七毛九，结完账发现不是。我就说不要了，结帐的人就让他放回去。他就说：不买就不要拿，有病啊！还有很多人身攻击的话。他还让我去打他。呵呵。一个在那里工作的员工凭什么骂我？？？？太恶心了，再也不会来！
codedlang:807:01,Crowd-AI-Lab/CodedLang,807,惹,惹,惹,re3,了,了,le,ɻɤ˨˩˦,ɻɤ˨˩˦,lɤ,lɤ,否,[],official_dictionary_casefold,歧义同音词,ambiguous_homophone,re3,le,ɻɤ˧˩˧,lɤ,没有泡芙惹 蟹腿上有虫卵 生蚝不新鲜还小 定位子要十个人才行,没有泡芙了 蟹腿上有虫卵 生蚝不新鲜还小 定位子要十个人才行
codedlang:808:01,Crowd-AI-Lab/CodedLang,808,滴,滴,滴,di1,的,的,de,ti˥,ti˥,tɤ,tɤ,否,[],official_dictionary_casefold,歧义同音词,ambiguous_homophone,di1,de,ti˥,tɤ,不错滴,不错的
codedlang:809:01,Crowd-AI-Lab/CodedLang,809,滴,滴,滴,di1,的,的,de,ti˥,ti˥,tɤ,tɤ,否,[],official_dictionary_casefold,歧义同音词,ambiguous_homophone,di1,de,ti˥,tɤ,挺好滴！,挺好的！
codedlang:810:01,Crowd-AI-Lab/CodedLang,810,艹,艹,艹,cao3,,,,tsʰɑʊ˨˩˦,tsʰɑʊ˨˩˦,,,是,"[{""type"": ""missing_dictionary_decode""}]",not_in_official_dictionary,非词汇同音词,"non_lexical_homophone, orthographic",,,,,今天问两个排列东西员工，个个臭着脸不回应，艹他妈的，像家里死人了，家里死人了就不要出要做工，叨尼老母,今天问两个排列东西员工，个个臭着脸不回应，草他妈的，像家里死人了，家里死人了就不要出要做工，屌你老母
codedlang:810:02,Crowd-AI-Lab/CodedLang,810,叨尼,叨尼,叨尼,dao1 ni2,屌你,屌你,diao3 ni3,tɑʊ˥ ni˧˥,tɑʊ˥ ni˧˥,tiɑʊ˨˩˦ ni˨˩˦,tiɑʊ˨˩˦ ni˨˩˦,否,[],official_dictionary_casefold,非词汇同音词,"non_lexical_homophone, orthographic",dao1 ni2,diao3 ni3,tau̯˥ ni˧˥,tjau̯˧˩˧ ni˧˩˧,今天问两个排列东西员工，个个臭着脸不回应，艹他妈的，像家里死人了，家里死人了就不要出要做工，叨尼老母,今天问两个排列东西员工，个个臭着脸不回应，草他妈的，像家里死人了，家里死人了就不要出要做工，屌你老母
codedlang:812:01,Crowd-AI-Lab/CodedLang,812,mm,mm,mm,mm,妹妹,妹妹,mei4 mei4,ˌɛmˈɛm,ˌɛmˈɛm,mei˥˩ mei˥˩,mei˥˩ mei˥˩,否,[],official_dictionary_casefold,语音替代,phonetic,mm,mei4 mei4,ˈɛm ˈɛm,mei̯˥˩ mei̯˥˩,strip house在纽约是挺有名气的牛排馆，有名在juicy的牛排和味道很正的creamed spinach，也有名在嬉皮的风格。有人会觉得他家的风格有点过于随意或者说诡异，连洗手间门口都要飘一块红色的纱布，我却觉得很有趣，吃牛排嘛，不必穿得人五人六的是最好的。。  strip house的服务员一上来喜欢推荐他们的海鲜拼盘，同志们可千万不要选！菜单上没有，会说是特别推荐，但是一牛排馆的海鲜拼盘质量可想而知，且已有经验人士作证，所以略过海鲜拼盘直接看菜单是上策咯~  appetizer里面的crab cake和sea scallop都是不错的选择，当然scallop配的sauce更叫我喜欢，别家的scallop一般只顾得上煎得嫩些，这家的不仅超级新鲜滑嫩，偏偏又特别入味，配上sause里的糯糯的毛豆，鲜美异常。。  牛排要了medium 的 rib eye，中规中距，没有明显beyond my expectation，但是是很好的steak。猪头倒觉得这家甚至要强于我们在新奥尔良吃的那家，我不敢苟同。。side倒是一定要推荐下，creamed spinach味道很正，creamy的很，和spinach的味道融合得很好，酒的话要了napa valley的一个Cabernet， 配着牛排，又是人生一大享受啊~~  甜品要了ice cream和sorbet，额。。是我自己不好，期望着人家能做的跟alto一样好，结果虽然美味，可是却没有惊艳，唉，某种意义上，这真是一个foodie的悲哀之一啊，threshold越来越高，能让我惊艳的食物就这样越来越少了。。。恩，还有悲哀之二呢，就是，作为一个mm，还要时时注意自己么有吃成一个桶。。,strip house在纽约是挺有名气的牛排馆，有名在juicy的牛排和味道很正的creamed spinach，也有名在嬉皮的风格。有人会觉得他家的风格有点过于随意或者说诡异，连洗手间门口都要飘一块红色的纱布，我却觉得很有趣，吃牛排嘛，不必穿得人五人六的是最好的。。  strip house的服务员一上来喜欢推荐他们的海鲜拼盘，同志们可千万不要选！菜单上没有，会说是特别推荐，但是一牛排馆的海鲜拼盘质量可想而知，且已有经验人士作证，所以略过海鲜拼盘直接看菜单是上策咯~  appetizer里面的cra逼 cake和sea scallop都是不错的选择，当然scallop配的sauce更叫我喜欢，别家的scallop一般只顾得上煎得嫩些，这家的不仅超级新鲜滑嫩，偏偏又特别入味，配上sause里的糯糯的毛豆，鲜美异常。。  牛排要了medium 的 ri逼 eye，中规中距，没有明显逼eyond my expectation，但是是很好的steak。猪头倒觉得这家甚至要强于我们在新奥尔良吃的那家，我不敢苟同。。side倒是一定要推荐下，creamed spinach味道很正，creamy的很，和spinach的味道融合得很好，酒的话要了napa valley的一个Ca逼ernet， 配着牛排，又是人生一大享受啊~~  甜品要了ice cream和sor逼et，额。。是我自己不好，期望着人家能做的跟alto一样好，结果虽然美味，可是却没有惊艳，唉，某种意义上，这真是一个foodie的悲哀之一啊，threshold越来越高，能让我惊艳的食物就这样越来越少了。。。恩，还有悲哀之二呢，就是，作为一个妹妹，还要时时注意自己么有吃成一个桶。。
codedlang:813:01,Crowd-AI-Lab/CodedLang,813,惹,惹,惹,re3,了,了,le,ɻɤ˨˩˦,ɻɤ˨˩˦,lɤ,lɤ,否,[],official_dictionary_casefold,歧义同音词,ambiguous_homophone,re3,le,ɻɤ˧˩˧,lɤ,石板泡菜炒饭太好吃惹 哭哭 还有炒年糕也好好吃 每次来ktown都说吃点别的 结果最后还是吃了5senses lol,石板泡菜炒饭太好吃了 哭哭 还有炒年糕也好好吃 每吃来ktown都说吃点别的 结果最后还是吃了5senses lol
codedlang:814:01,Crowd-AI-Lab/CodedLang,814,滴,滴,滴,di1,的,的,de,ti˥,ti˥,tɤ,tɤ,否,[],official_dictionary_casefold,歧义同音词,ambiguous_homophone,di1,de,ti˥,tɤ,来过N次了，超喜欢牛油锅和鸭血，其他地方都没有的，超正宗的重庆味，这次试了椰子鸡，椰子水做的，有点椰子香味的火锅，超👍啊，哈哈😄，以后还会常来滴。也谢谢Sunny小姐姐的热心服务，好几次都是她服务我们，谢谢！,来过N吃了，超喜欢牛油锅和鸭血，其他地方都没有的，超正宗的重庆味，这吃试了椰子鸡，椰子水做的，有点椰子香味的火锅，超👍啊，哈哈😄，以后还会常来的。也谢谢Sunny小姐姐的热心服务，好几吃都是她服务我们，谢谢！
codedlang:815:01,Crowd-AI-Lab/CodedLang,815,好次,好次,好次,hao3 ci4,好吃,好吃,hao3 chi1,xɑʊ˨˩˦ tsʰɹ̩˥˩,xɑʊ˨˩˦ tsʰɹ̩˥˩,xɑʊ˨˩˦ ʈʂʰɻ̩˥,xɑʊ˨˩˦ ʈʂʰɻ̩˥,否,[],official_dictionary_casefold,非词汇同音词,non_lexical_homophone,hao3 ci4,hao3 chi1,xau̯˧˩˧ tsʰɹ̩˥˩,xau̯˧˩˧ ʈʂʰɻ̩˥,好次！大乐叔叔超可爱💜,好吃！大乐叔叔超可爱💜
codedlang:816:01,Crowd-AI-Lab/CodedLang,816,滴,滴,滴,di1,的,的,de,ti˥,ti˥,tɤ,tɤ,否,[],official_dictionary_casefold,歧义同音词,"ambiguous_homophone, phonetic",di1,de,ti˥,tɤ,住在queens 这么久，总算出现了一家sushi all you can eat..，有了更好的选择，任点，任吃，还可以选择自己喜欢的东西，不像传统式的自助，而且午餐的价格也划算，$15.99还包括饮料，像我这样寿司一次可以吃几十片的来说，真的是杠杠滴划算，朋友经过，一定要试一下！极力推荐！他们家的晚餐菜单又不一样，太多的选择！,住在queens 这么久，总算出现了一家su屎 all you can eat..，有了更好的选择，任点，任吃，还可以选择自己喜欢的东西，不像传统式的自助，而且午餐的价格也划算，$15.99还包括饮料，像我这样寿司一吃可以吃几十片的来说，真的是杠杠的划算，朋友经过，一定要试一下！极力推荐！他们家的晚餐菜单又不一样，太多的选择！
codedlang:817:01,Crowd-AI-Lab/CodedLang,817,tmd,tmd,tmd,tmd,他妈的,他妈的,ta1 ma1 de,tˌiːˌɛmdˈiː,tˌiːˌɛmdˈiː,tʰa˥ ma˥ tɤ,tʰa˥ ma˥ tɤ,否,[],official_dictionary_casefold,语音替代,phonetic,tmd,ta1 ma1 de,ˈti ˈɛm ti,tʰa˥ ma˥ tɤ,这家超市整体很好， 但是前面结账的那女的是真的有病， 说了半天不要袋子因为就一点东西，我可以自己拿回家， 她就一直在那边逼逼叨叨的，直到我妈买了5分钱的纸袋，她才开始算钱，还跟我说了纽约的塑料袋法， 说个屁啊，是不是神经病？用手拿回家又不犯法， 都说了自己拿回家又不需要袋子就硬要我买才给算钱真tmd脑残。,这家超市整体很好， 但是前面结账的那女的是真的有病， 说了半天不要袋子因为就一点东西，我可以自己拿回家， 她就一直在那边逼逼叨叨的，直到我妈买了5分钱的纸袋，她才开始算钱，还跟我说了纽约的塑料袋法， 说个屁啊，是不是神经病？用手拿回家又不犯法， 都说了自己拿回家又不需要袋子就硬要我买才给算钱真他妈的脑残。
codedlang:819:01,Crowd-AI-Lab/CodedLang,819,炒鸡,炒鸡,炒鸡,chao3 ji1,超级,超级,chao1 ji2,ʈʂʰɑʊ˨˩˦ tɕi˥,ʈʂʰɑʊ˨˩˦ tɕi˥,ʈʂʰɑʊ˥ tɕi˧˥,ʈʂʰɑʊ˥ tɕi˧˥,否,[],official_dictionary_casefold,歧义同音词,ambiguous_homophone,chao3 ji1,chao1 ji2,ʈʂʰau̯˧˩˧ tɕi˥,ʈʂʰau̯˥ tɕi˧˥,为什么这么好吃？？这里的粥炒鸡好吃 有种那种奶奶的口感 不知道该怎么形容 总之就是好好吃。,为什么这么好吃？？这里的粥超级好吃 有种那种奶奶的口感 不知道该怎么形容 总之就是好好吃。
codedlang:820:01,Crowd-AI-Lab/CodedLang,820,tm,tm,tm,tm,他妈,他妈,ta1 ma1,tˌiːˈɛm,tˌiːˈɛm,tʰa˥ ma˥,tʰa˥ ma˥,否,[],official_dictionary_casefold,语音替代,phonetic,tm,ta1 ma1,ˈti ˈɛm,tʰa˥ ma˥,话说！真tm挺远的！不过还是很漂亮！,话说！真他妈挺远的！不过还是很漂亮！
codedlang:821:01,Crowd-AI-Lab/CodedLang,821,tm,tm,tm,tm,他妈,他妈,ta1 ma1,tˌiːˈɛm,tˌiːˈɛm,tʰa˥ ma˥,tʰa˥ ma˥,否,[],official_dictionary_casefold,语音替代,phonetic,tm,ta1 ma1,ˈti ˈɛm,tʰa˥ ma˥,讲真，如果可以不给星的话，这家店一颗星都拿不到，服务态度巨差，真的就巨差，人少的桌，看都不看你一眼，直接推走，遇到人多的桌才去问一声，问她为什么不停一下，给我来一句，你自己看啊，要吃什么给我讲，我tm连你车里面有什么我都不知道，我给你讲个锤子。好好的吃一顿饭，把我火气都吃出来了，真的竞争压力太小，惯出了这种坏毛病，其他顾客还追上去，叫她给两碗皮蛋瘦肉粥，我都快看哭了。我去过好多地方的早茶店，虽然服务态度没有广州那边的好，但是都凑合，真的没有一家烂到这种程度，祝这家早日关门大吉。,讲真，如果可以不给星的话，这家店一颗星都拿不到，服务态度巨差，真的就巨差，人少的桌，看都不看你一眼，直接推走，遇到人多的桌才去问一声，问她为什么不停一下，给我来一句，你自己看啊，要吃什么给我讲，我他妈连你车里面有什么我都不知道，我给你讲个锤子。好好的吃一顿饭，把我火气都吃出来了，真的竞争压力太小，惯出了这种坏毛病，其他顾客还追上去，叫她给两碗皮蛋瘦肉粥，我都快看哭了。我去过好多地方的早茶店，虽然服务态度没有广州那边的好，但是都凑合，真的没有一家烂到这种程度，祝这家早日关门大吉。
codedlang:822:01,Crowd-AI-Lab/CodedLang,822,滴,滴,滴,di1,的,的,de,ti˥,ti˥,tɤ,tɤ,否,[],official_dictionary_casefold,歧义同音词,ambiguous_homophone,di1,de,ti˥,tɤ,很好滴地方，很适合孩子,很好的地方，很适合孩子
codedlang:823:01,Crowd-AI-Lab/CodedLang,823,滴,滴,滴,di1,的,的,de,ti˥,ti˥,tɤ,tɤ,否,[],official_dictionary_casefold,歧义同音词,ambiguous_homophone,di1,de,ti˥,tɤ,东西我就不用说了，每次回BROOKLYN都必去。虽然很忙，但服务还是不错滴。,东西我就不用说了，每吃回BROOKLYN都必去。虽然很忙，但服务还是不错的。
codedlang:824:01,Crowd-AI-Lab/CodedLang,824,滴,滴,滴,di1,的,的,de,ti˥,ti˥,tɤ,tɤ,否,[],official_dictionary_casefold,歧义同音词,ambiguous_homophone,di1,de,ti˥,tɤ,"The Vessel - 記不清楚来这里多少次了, 每次不是因为天气问题就是时间问题，從來就没有上去过。今天这次一气呵成由底层直冲上到顶层，只用了5分钟[奋斗][奋斗]。 美美地看着Hudson River 以及美出天际线的曼哈顿景观。 再往下看看慢慢走上来的游客，内心的坚持和成就感满满滴。 今天的天气似乎特别眷顾我，蓝天白云下的相片清晰明朗。 感恩🙏但愿每天都是如此美好。💃💃","The Vessel - 記不清楚来这里多少吃了, 每吃不是因为天气问题就是时间问题，從來就没有上去过。今天这吃一气呵成由底层直冲上到顶层，只用了5分钟[奋斗][奋斗]。 美美地看着Hudson River 以及美出天际线的曼哈顿景观。 再往下看看慢慢走上来的游客，内心的坚持和成就感满满的。 今天的天气似乎特别眷顾我，蓝天白云下的相片清晰明朗。 感恩🙏但愿每天都是如此美好。💃💃"
codedlang:826:01,Crowd-AI-Lab/CodedLang,826,滴,滴,滴,di1,的,的,de,ti˥,ti˥,tɤ,tɤ,否,[],official_dictionary_casefold,歧义同音词,ambiguous_homophone,di1,de,ti˥,tɤ,佛山人开噶店，以后会多滴帮衬.环境是茶餐厅，味道可以,佛山人开噶店，以后会多的帮衬.环境是茶餐厅，味道可以
codedlang:827:01,Crowd-AI-Lab/CodedLang,827,滴,滴,滴,di1,的,的,de,ti˥,ti˥,tɤ,tɤ,否,[],official_dictionary_casefold,歧义同音词,"ambiguous_homophone, non_lexical_homophone",di1,de,ti˥,tɤ,在附近參加Tour 原住民朋友推薦偶們到此看看 說這是他們滴聖山 沿著1001條道路向內開去 坪頂滴山頭矗立於右側 遠看就很壯觀,在附近參加Tour 原住民朋友推薦我們到此看看 說這是他們的聖山 沿著1001條道路向內開去 坪頂的山頭矗立於右側 遠看就很壯觀
codedlang:827:02,Crowd-AI-Lab/CodedLang,827,偶們,偶們,偶們,ou3 men,我們,我們,wo3 men,oʊ˨˩˦ mən,oʊ˨˩˦ mən,wɔ˨˩˦ mən,wɔ˨˩˦ mən,否,[],official_dictionary_casefold,非词汇同音词,"ambiguous_homophone, non_lexical_homophone",ou3 men,wo3 men,ou̯˧˩˧ mən,wo˧˩˧ mən,在附近參加Tour 原住民朋友推薦偶們到此看看 說這是他們滴聖山 沿著1001條道路向內開去 坪頂滴山頭矗立於右側 遠看就很壯觀,在附近參加Tour 原住民朋友推薦我們到此看看 說這是他們的聖山 沿著1001條道路向內開去 坪頂的山頭矗立於右側 遠看就很壯觀
codedlang:828:01,Crowd-AI-Lab/CodedLang,828,好次,好次,好次,hao3 ci4,好吃,好吃,hao3 chi1,xɑʊ˨˩˦ tsʰɹ̩˥˩,xɑʊ˨˩˦ tsʰɹ̩˥˩,xɑʊ˨˩˦ ʈʂʰɻ̩˥,xɑʊ˨˩˦ ʈʂʰɻ̩˥,否,[],official_dictionary_casefold,非词汇同音词,non_lexical_homophone,hao3 ci4,hao3 chi1,xau̯˧˩˧ tsʰɹ̩˥˩,xau̯˧˩˧ ʈʂʰɻ̩˥,他家中国菜做得很好次！并列隔壁还有奶茶店和中国超市，饭前买奶茶，饭后逛超市。很方便,他家中国菜做得很好吃！并列隔壁还有奶茶店和中国超市，饭前买奶茶，饭后逛超市。很方便
codedlang:829:01,Crowd-AI-Lab/CodedLang,829,tm,tm,tm,tm,他妈,他妈,ta1 ma1,tˌiːˈɛm,tˌiːˈɛm,tʰa˥ ma˥,tʰa˥ ma˥,否,[],official_dictionary_casefold,语音替代,phonetic,tm,ta1 ma1,ˈti ˈɛm,tʰa˥ ma˥,我tm每天都去,我他妈每天都去
codedlang:830:01,Crowd-AI-Lab/CodedLang,830,炒鸡,炒鸡,炒鸡,chao3 ji1,超级,超级,chao1 ji2,ʈʂʰɑʊ˨˩˦ tɕi˥,ʈʂʰɑʊ˨˩˦ tɕi˥,ʈʂʰɑʊ˥ tɕi˧˥,ʈʂʰɑʊ˥ tɕi˧˥,否,[],official_dictionary_casefold,歧义同音词,ambiguous_homophone,chao3 ji1,chao1 ji2,ʈʂʰau̯˧˩˧ tɕi˥,ʈʂʰau̯˥ tɕi˧˥,我感觉甜品超级好吃的炒鸡推荐你们来吃！还有好喝的奶茶！,我感觉甜品超级好吃的超级推荐你们来吃！还有好喝的奶茶！
codedlang:831:01,Crowd-AI-Lab/CodedLang,831,蔡,蔡,蔡,cai4,菜,菜,cai4,tsʰai˥˩,tsʰai˥˩,tsʰai˥˩,tsʰai˥˩,否,[],official_dictionary_casefold,歧义同音词,ambiguous_homophone,cai4,cai4,tsʰai̯˥˩,tsʰai̯˥˩,蔡比较丰富，味道不错,菜比较丰富，味道不错
codedlang:832:01,Crowd-AI-Lab/CodedLang,832,滴,滴,滴,di1,的,的,de,ti˥,ti˥,tɤ,tɤ,否,[],official_dictionary_casefold,歧义同音词,"ambiguous_homophone, non_lexical_homophone",di1,de,ti˥,tɤ,美好滴住宿經驗～ 1.早餐滴女服務生很熱情 發現偶不會用鬆餅機 主動過來教學 在她熱情滴推薦下 也試了加料滴熱燕麥粥  2.通常吃到飽滴早餐是不能外帶滴 但在這兒有例外 咖啡喝到飽還可外帶 而且還有低咖啡因可供選擇  3.房間內滴景觀就非常好 拉開床簾直接可以看到Glen Dam 如果房間看不到也沒關係 吃早餐或是接待大廳 有的是機會  4.待一晚嚐了櫃檯推薦滴二家餐廳 各有特色及美味  5.床很好睡 房內有多幅羚羊峽谷滴攝影作品 真滴很美  6.蓮蓬頭滴水柱很強 可惜是固定式的 這與偶們平時使用相比沒那麼順手 但淋浴間限水坡度明顯 就算水柱強也不用擔心積水問題  7.停車格不多 偶們比較晚入住發現大家都靠創意停車 所以別忘了要給櫃檯正確滴車陪號碼 以免被誤認為外車,美好的住宿經驗～ 1.早餐的女服務生很熱情 發現我不會用鬆餅機 主動過來教學 在她熱情的推薦下 也試了加料的熱燕麥粥  2.通常吃到飽的早餐是不能外帶的 但在這兒有例外 咖啡喝到飽還可外帶 而且還有低咖啡因可供選擇  3.房間內的景觀就非常好 拉開床簾直接可以看到Glen 啲am 如果房間看不到也沒關係 吃早餐或是接待大廳 有的是機會  4.待一晚嚐了櫃檯推薦的二家餐廳 各有特色及美味  5.床很好睡 房內有多幅羚羊峽谷的攝影作品 真的很美  厉害.蓮蓬頭的水柱很強 可惜是固定式的 這與我們平時使用相比沒那麼順手 但淋浴間限水坡度明顯 就算水柱強也不用擔心積水問題  7.停車格不多 我們比較晚入住發現大家都靠創意停車 所以別忘了要給櫃檯正確的車陪號碼 以免被誤認為外車
codedlang:832:02,Crowd-AI-Lab/CodedLang,832,偶,偶,偶,ou3,我,我,wo3,oʊ˨˩˦,oʊ˨˩˦,wɔ˨˩˦,wɔ˨˩˦,否,[],official_dictionary_casefold,歧义同音词,"ambiguous_homophone, non_lexical_homophone",ou3,wo3,ou̯˧˩˧,wo˧˩˧,美好滴住宿經驗～ 1.早餐滴女服務生很熱情 發現偶不會用鬆餅機 主動過來教學 在她熱情滴推薦下 也試了加料滴熱燕麥粥  2.通常吃到飽滴早餐是不能外帶滴 但在這兒有例外 咖啡喝到飽還可外帶 而且還有低咖啡因可供選擇  3.房間內滴景觀就非常好 拉開床簾直接可以看到Glen Dam 如果房間看不到也沒關係 吃早餐或是接待大廳 有的是機會  4.待一晚嚐了櫃檯推薦滴二家餐廳 各有特色及美味  5.床很好睡 房內有多幅羚羊峽谷滴攝影作品 真滴很美  6.蓮蓬頭滴水柱很強 可惜是固定式的 這與偶們平時使用相比沒那麼順手 但淋浴間限水坡度明顯 就算水柱強也不用擔心積水問題  7.停車格不多 偶們比較晚入住發現大家都靠創意停車 所以別忘了要給櫃檯正確滴車陪號碼 以免被誤認為外車,美好的住宿經驗～ 1.早餐的女服務生很熱情 發現我不會用鬆餅機 主動過來教學 在她熱情的推薦下 也試了加料的熱燕麥粥  2.通常吃到飽的早餐是不能外帶的 但在這兒有例外 咖啡喝到飽還可外帶 而且還有低咖啡因可供選擇  3.房間內的景觀就非常好 拉開床簾直接可以看到Glen 啲am 如果房間看不到也沒關係 吃早餐或是接待大廳 有的是機會  4.待一晚嚐了櫃檯推薦的二家餐廳 各有特色及美味  5.床很好睡 房內有多幅羚羊峽谷的攝影作品 真的很美  厉害.蓮蓬頭的水柱很強 可惜是固定式的 這與我們平時使用相比沒那麼順手 但淋浴間限水坡度明顯 就算水柱強也不用擔心積水問題  7.停車格不多 我們比較晚入住發現大家都靠創意停車 所以別忘了要給櫃檯正確的車陪號碼 以免被誤認為外車
codedlang:832:03,Crowd-AI-Lab/CodedLang,832,偶們,偶們,偶們,ou3 men,我們,我們,wo3 men,oʊ˨˩˦ mən,oʊ˨˩˦ mən,wɔ˨˩˦ mən,wɔ˨˩˦ mən,否,[],official_dictionary_casefold,非词汇同音词,"ambiguous_homophone, non_lexical_homophone",ou3 men,wo3 men,ou̯˧˩˧ mən,wo˧˩˧ mən,美好滴住宿經驗～ 1.早餐滴女服務生很熱情 發現偶不會用鬆餅機 主動過來教學 在她熱情滴推薦下 也試了加料滴熱燕麥粥  2.通常吃到飽滴早餐是不能外帶滴 但在這兒有例外 咖啡喝到飽還可外帶 而且還有低咖啡因可供選擇  3.房間內滴景觀就非常好 拉開床簾直接可以看到Glen Dam 如果房間看不到也沒關係 吃早餐或是接待大廳 有的是機會  4.待一晚嚐了櫃檯推薦滴二家餐廳 各有特色及美味  5.床很好睡 房內有多幅羚羊峽谷滴攝影作品 真滴很美  6.蓮蓬頭滴水柱很強 可惜是固定式的 這與偶們平時使用相比沒那麼順手 但淋浴間限水坡度明顯 就算水柱強也不用擔心積水問題  7.停車格不多 偶們比較晚入住發現大家都靠創意停車 所以別忘了要給櫃檯正確滴車陪號碼 以免被誤認為外車,美好的住宿經驗～ 1.早餐的女服務生很熱情 發現我不會用鬆餅機 主動過來教學 在她熱情的推薦下 也試了加料的熱燕麥粥  2.通常吃到飽的早餐是不能外帶的 但在這兒有例外 咖啡喝到飽還可外帶 而且還有低咖啡因可供選擇  3.房間內的景觀就非常好 拉開床簾直接可以看到Glen 啲am 如果房間看不到也沒關係 吃早餐或是接待大廳 有的是機會  4.待一晚嚐了櫃檯推薦的二家餐廳 各有特色及美味  5.床很好睡 房內有多幅羚羊峽谷的攝影作品 真的很美  厉害.蓮蓬頭的水柱很強 可惜是固定式的 這與我們平時使用相比沒那麼順手 但淋浴間限水坡度明顯 就算水柱強也不用擔心積水問題  7.停車格不多 我們比較晚入住發現大家都靠創意停車 所以別忘了要給櫃檯正確的車陪號碼 以免被誤認為外車
codedlang:833:01,Crowd-AI-Lab/CodedLang,833,滴,滴,滴,di1,的,的,de,ti˥,ti˥,tɤ,tɤ,否,[],official_dictionary_casefold,歧义同音词,"ambiguous_homophone, non_lexical_homophone",di1,de,ti˥,tɤ,偶們到滴那天天空頗陰 就已經美到美叮美噹 無法想像大晴天裡頭滴光影變化 該會是多麼令人讚嘆啊！,我們到的那天天空頗陰 就已經美到美叮美噹 無法想像大晴天裡頭的光影變化 該會是多麼令人讚嘆啊！
codedlang:833:02,Crowd-AI-Lab/CodedLang,833,偶們,偶們,偶們,ou3 men,我們,我們,wo3 men,oʊ˨˩˦ mən,oʊ˨˩˦ mən,wɔ˨˩˦ mən,wɔ˨˩˦ mən,否,[],official_dictionary_casefold,非词汇同音词,"ambiguous_homophone, non_lexical_homophone",ou3 men,wo3 men,ou̯˧˩˧ mən,wo˧˩˧ mən,偶們到滴那天天空頗陰 就已經美到美叮美噹 無法想像大晴天裡頭滴光影變化 該會是多麼令人讚嘆啊！,我們到的那天天空頗陰 就已經美到美叮美噹 無法想像大晴天裡頭的光影變化 該會是多麼令人讚嘆啊！
codedlang:834:01,Crowd-AI-Lab/CodedLang,834,sb,sb,sb,sb,傻逼,傻逼,sha3 bi1,ˌɛsbˈiː,ˌɛsbˈiː,ʂa˨˩˦ pi˥,ʂa˨˩˦ pi˥,否,[],official_dictionary_casefold,语音替代,phonetic,sb,sha3 bi1,ˈɛs pi˥,ʂa˧˩˧ pi˥,电话前台说话态度极差，好像我欠他钱一样，sb一个,电话前台说话态度极差，好像我欠他钱一样，傻逼一个
codedlang:835:01,Crowd-AI-Lab/CodedLang,835,sb,sb,sb,sb,傻逼,傻逼,sha3 bi1,ˌɛsbˈiː,ˌɛsbˈiː,ʂa˨˩˦ pi˥,ʂa˨˩˦ pi˥,否,[],official_dictionary_casefold,语音替代,phonetic,sb,sha3 bi1,ˈɛs pi˥,ʂa˧˩˧ pi˥,外面车位划那么奢侈 一个event啥车位都没了 sb地方 穷疯了,外面车位划那么奢侈 一个event啥车位都没了 傻逼地方 穷疯了
codedlang:836:01,Crowd-AI-Lab/CodedLang,836,敲,敲,敲,qiao1,超,超,chao1,tɕʰiɑʊ˥,tɕʰiɑʊ˥,ʈʂʰɑʊ˥,ʈʂʰɑʊ˥,否,[],official_dictionary_casefold,歧义同音词,ambiguous_homophone,qiao1,chao1,tɕʰjau̯˥,ʈʂʰau̯˥,这家还不错  在门口处登记一下  然后去22.和23门check  in . 给你文件夹 和 气线锁  里面有大剪刀 自己开seal 然后 把文件夹和seal 放在trailer 里. 把红色气线 摘下  挂上锁  然后等着完事会有人来敲车门  我大约卸货一个半小时,这家还不错  在门口处登记一下  然后去22.和23门check  in . 给你文件夹 和 气线锁  里面有大剪刀 自己开seal 然后 把文件夹和seal 放在trailer 里. 把红色气线 摘下  挂上锁  然后等着完事会有人来超车门  我大约卸货一个半小时
codedlang:837:01,Crowd-AI-Lab/CodedLang,837,好次,好次,好次,hao3 ci4,好吃,好吃,hao3 chi1,xɑʊ˨˩˦ tsʰɹ̩˥˩,xɑʊ˨˩˦ tsʰɹ̩˥˩,xɑʊ˨˩˦ ʈʂʰɻ̩˥,xɑʊ˨˩˦ ʈʂʰɻ̩˥,否,[],official_dictionary_casefold,非词汇同音词,non_lexical_homophone,hao3 ci4,hao3 chi1,xau̯˧˩˧ tsʰɹ̩˥˩,xau̯˧˩˧ ʈʂʰɻ̩˥,这里面环境很好，食物也很好次。这里的服务态度非常好。饮料很多元化。店里装潢很华丽。食物摆拍外观很吸引人。,这里面环境很好，食物也很好吃。这里的服务态度非常好。饮料很多元化。店里装潢很华丽。食物摆拍外观很吸引人。
codedlang:838:01,Crowd-AI-Lab/CodedLang,838,滴,滴,滴,di1,的,的,de,ti˥,ti˥,tɤ,tɤ,否,[],official_dictionary_casefold,歧义同音词,ambiguous_homophone,di1,de,ti˥,tɤ,不错滴,不错的
codedlang:839:01,Crowd-AI-Lab/CodedLang,839,tm,tm,tm,tm,他妈,他妈,ta1 ma1,tˌiːˈɛm,tˌiːˈɛm,tʰa˥ ma˥,tʰa˥ ma˥,否,[],official_dictionary_casefold,语音替代,phonetic,tm,ta1 ma1,ˈti ˈɛm,tʰa˥ ma˥,这么好的店 怎么tm倒闭了？,这么好的店 怎么他妈倒闭了？
codedlang:840:01,Crowd-AI-Lab/CodedLang,840,滴,滴,滴,di1,的,的,de,ti˥,ti˥,tɤ,tɤ,否,[],official_dictionary_casefold,歧义同音词,ambiguous_homophone,di1,de,ti˥,tɤ,真滴难吃，一个中国菜馆，居然没有中文菜单，也太国际化了吧。彻底刷新我对科村中餐下限的认知。,真的难吃，一个中国菜馆，居然没有中文菜单，也太国际化了吧。彻底刷新我对科村中餐下限的认知。
codedlang:841:01,Crowd-AI-Lab/CodedLang,841,tm,tm,tm,tm,他妈,他妈,ta1 ma1,tˌiːˈɛm,tˌiːˈɛm,tʰa˥ ma˥,tʰa˥ ma˥,否,[],official_dictionary_casefold,语音替代,phonetic,tm,ta1 ma1,ˈti ˈɛm,tʰa˥ ma˥,真tm难吃，肉太硬了，不同的标价给的东西都不一样，变相让你多花钱，很差劲的体验，千万不要来,真他妈难吃，肉太硬了，不同的标价给的东西都不一样，变相让你多花钱，很差劲的体验，千万不要来
codedlang:842:01,Crowd-AI-Lab/CodedLang,842,jb,jb,jb,jb,鸡巴,鸡巴,ji1 ba1,dʒˌeɪbˈiː,dʒˌeɪbˈiː,tɕi˥ pa˥,tɕi˥ pa˥,否,[],official_dictionary_casefold,语音替代,phonetic,jb,ji1 ba1,ˈdʒeɪ pi˥,tɕi˥ pa˥,很不错的店，墨西哥菜，经济实惠，量大美味，推荐pork taco，巨jb好吃,很不错的店，墨西哥菜，经济实惠，量大美味，推荐pork taco，巨鸡巴好吃
codedlang:843:01,Crowd-AI-Lab/CodedLang,843,jb,jb,jb,jb,鸡巴,鸡巴,ji1 ba1,dʒˌeɪbˈiː,dʒˌeɪbˈiː,tɕi˥ pa˥,tɕi˥ pa˥,否,[],official_dictionary_casefold,语音替代,phonetic,jb,ji1 ba1,ˈdʒeɪ pi˥,tɕi˥ pa˥,非常实在的店，一分钱一分货，缺点是环境嘈杂。推荐他们的chili！菜品从便宜到贵都有，餐前的面包巨jb好吃！,非常实在的店，一分钱一分货，缺点是环境嘈杂。推荐他们的chili！菜品从便宜到贵都有，餐前的面包巨鸡巴好吃！
codedlang:844:01,Crowd-AI-Lab/CodedLang,844,好次,好次,好次,hao3 ci4,好吃,好吃,hao3 chi1,xɑʊ˨˩˦ tsʰɹ̩˥˩,xɑʊ˨˩˦ tsʰɹ̩˥˩,xɑʊ˨˩˦ ʈʂʰɻ̩˥,xɑʊ˨˩˦ ʈʂʰɻ̩˥,否,[],official_dictionary_casefold,非词汇同音词,non_lexical_homophone,hao3 ci4,hao3 chi1,xau̯˧˩˧ tsʰɹ̩˥˩,xau̯˧˩˧ ʈʂʰɻ̩˥,真的又甜又好次！,真的又甜又好吃！
codedlang:845:01,Crowd-AI-Lab/CodedLang,845,滴,滴,滴,di1,的,的,de,ti˥,ti˥,tɤ,tɤ,否,[],official_dictionary_casefold,歧义同音词,"ambiguous_homophone, non_lexical_homophone",di1,de,ti˥,tɤ,離交流道非常近 提供旅人休息及解放滴好處所 來嚐蘋果派 可結完帳才告知沒有 最後換藍莓派給偶們,離交流道非常近 提供旅人休息及解放的好處所 來嚐蘋果派 可結完帳才告知沒有 最後換藍莓派給我們
codedlang:845:02,Crowd-AI-Lab/CodedLang,845,偶們,偶們,偶們,ou3 men,我們,我們,wo3 men,oʊ˨˩˦ mən,oʊ˨˩˦ mən,wɔ˨˩˦ mən,wɔ˨˩˦ mən,否,[],official_dictionary_casefold,非词汇同音词,"ambiguous_homophone, non_lexical_homophone",ou3 men,wo3 men,ou̯˧˩˧ mən,wo˧˩˧ mən,離交流道非常近 提供旅人休息及解放滴好處所 來嚐蘋果派 可結完帳才告知沒有 最後換藍莓派給偶們,離交流道非常近 提供旅人休息及解放的好處所 來嚐蘋果派 可結完帳才告知沒有 最後換藍莓派給我們
codedlang:846:01,Crowd-AI-Lab/CodedLang,846,滴,滴,滴,di1,的,的,de,ti˥,ti˥,tɤ,tɤ,否,[],official_dictionary_casefold,歧义同音词,ambiguous_homophone,di1,de,ti˥,tɤ,拉斯维加斯中国唐人街面积不是很大，有两个区总体来说还可以，可以吃到中国菜也挺幸福滴！！！ 想吃中国菜的朋友可以去试试！！！  个人真正强大起来都要度过一段没人帮忙，没人支持的日子。所有事情都是自己一个人撑，所有情绪都是只有自己知道。但只要咬牙撑过去，一切都不一样了。你努力了，尽力了，才有资格说自己的运气不好。无论你是谁，无论你正在经历什么，坚持住，你定会看见最坚强的自己。,拉斯维加斯中国唐人街面积不是很大，有两个区总体来说还可以，可以吃到中国菜也挺幸福的！！！ 想吃中国菜的朋友可以去试试！！！  个人真正强大起来都要度过一段没人帮忙，没人支持的日子。所有事情都是自己一个人撑，所有情绪都是只有自己知道。但只要咬牙撑过去，一切都不一样了。你努力了，尽力了，才有资格说自己的运气不好。无论你是谁，无论你正在经历什么，坚持住，你定会看见最坚强的自己。
codedlang:847:01,Crowd-AI-Lab/CodedLang,847,好次,好次,好次,hao3 ci4,好吃,好吃,hao3 chi1,xɑʊ˨˩˦ tsʰɹ̩˥˩,xɑʊ˨˩˦ tsʰɹ̩˥˩,xɑʊ˨˩˦ ʈʂʰɻ̩˥,xɑʊ˨˩˦ ʈʂʰɻ̩˥,否,[],official_dictionary_casefold,非词汇同音词,non_lexical_homophone,hao3 ci4,hao3 chi1,xau̯˧˩˧ tsʰɹ̩˥˩,xau̯˧˩˧ ʈʂʰɻ̩˥,柠檬芝士蛋糕好次 peanut还有carrot就算了。 有一个combination（steak和 salmon）还可以，其中的土豆泥超好次的。,柠檬芝士蛋糕好吃 peanut还有carrot就算了。 有一个com逼ination（steak和 salmon）还可以，其中的土豆泥超好吃的。
codedlang:848:01,Crowd-AI-Lab/CodedLang,848,好次,好次,好次,hao3 ci4,好吃,好吃,hao3 chi1,xɑʊ˨˩˦ tsʰɹ̩˥˩,xɑʊ˨˩˦ tsʰɹ̩˥˩,xɑʊ˨˩˦ ʈʂʰɻ̩˥,xɑʊ˨˩˦ ʈʂʰɻ̩˥,否,[],official_dictionary_casefold,非词汇同音词,non_lexical_homophone,hao3 ci4,hao3 chi1,xau̯˧˩˧ tsʰɹ̩˥˩,xau̯˧˩˧ ʈʂʰɻ̩˥,好次！,好吃！
codedlang:849:01,Crowd-AI-Lab/CodedLang,849,几把,几把,几把,ji3 ba3,鸡巴,鸡巴,ji1 ba1,tɕi˨˩˦ pa˨˩˦,tɕi˨˩˦ pa˨˩˦,tɕi˥ pa˥,tɕi˥ pa˥,否,[],official_dictionary_casefold,非词汇同音词,ambiguous_homophone,ji3 ba3,ji1 ba1,tɕi˧˩˧ pa˧˩˧,tɕi˥ pa˥,酸豆角肉末贼几把好吃,酸豆角肉末贼鸡巴好吃
codedlang:850:01,Crowd-AI-Lab/CodedLang,850,几把,几把,几把,ji3 ba3,鸡巴,鸡巴,ji1 ba1,tɕi˨˩˦ pa˨˩˦,tɕi˨˩˦ pa˨˩˦,tɕi˥ pa˥,tɕi˥ pa˥,否,[],official_dictionary_casefold,非词汇同音词,ambiguous_homophone,ji3 ba3,ji1 ba1,tɕi˧˩˧ pa˧˩˧,tɕi˥ pa˥,贼几把贵,贼鸡巴贵
codedlang:851:01,Crowd-AI-Lab/CodedLang,851,ㄛ,ㄛ,ㄛ,ㄛ,哦,哦,o2,,,o˧˥,o˧˥,是,"[{""type"": ""source_unresolved_symbol_or_digit""}]",official_dictionary_casefold,语音替代,phonetic,o,o2,ɔ,ɔ˧˥,"Simply adjustment / alignment, my face looks slim. Thank you Dr. Chen for making me look prettier. Now I love to smile even more. Reasonable price plus providing parking with limited spots. Highly Highly recommended !!!!  找一位厲害的牙醫真的是一件非常重要的事情 有拜拜有保佑 真的開心讓我遇到超厲害的陳醫生 陳醫生將我變漂亮了 矯正前我不是很喜歡笑 因為臉輪廓大 現在的我非常喜歡笑 我身邊的人都說我笑起來很漂亮 (害羞) 我不只喜歡笑也愛露牙齒(哈哈) 診所乾淨明亮, 每個員工都很有效率, 待人親切 我強力推薦陳絢容齒列矯正專科  還有停車位ㄛ","Simply adjus他妈ent / alignment, my face looks slim. Thank you 啲r. C很 for making me look prettier. Now I love to smile even more. Reasona逼le price plus providing parking with limited spots. Highly Highly reco妹妹ended !!!!  找一位厲害的牙醫真的是一件非常重要的事情 有拜拜有保佑 真的開心讓我遇到超厲害的陳醫生 陳醫生將我變漂亮了 矯正前我不是很喜歡笑 因為臉輪廓大 現在的我非常喜歡笑 我身邊的人都說我笑起來很漂亮 (害羞) 我不只喜歡笑也愛露牙齒(哈哈) 診所乾淨明亮, 每個員工都很有效率, 待人親切 我強力推薦陳絢容齒列矯正專科  還有停車位哦"
codedlang:852:01,Crowd-AI-Lab/CodedLang,852,tmd,tmd,tmd,tmd,他妈的,他妈的,ta1 ma1 de,tˌiːˌɛmdˈiː,tˌiːˌɛmdˈiː,tʰa˥ ma˥ tɤ,tʰa˥ ma˥ tɤ,否,[],official_dictionary_casefold,语音替代,"emoji, phonetic",tmd,ta1 ma1 de,ˈti ˈɛm ti,tʰa˥ ma˥ tɤ,tmd居然能吃到麦辣鸡腿堡， 再辣些就好了 🐂皮,他妈的居然能吃到麦垃圾腿堡， 再啦些就好了 牛逼
codedlang:852:02,Crowd-AI-Lab/CodedLang,852,🐂皮,🐂皮,🐂皮,🐂 pi2,,,,,pʰi˧˥,,,是,"[{""type"": ""missing_dictionary_decode""}, {""type"": ""source_unresolved_symbol_or_digit""}]",not_in_official_dictionary,语音替代,"emoji, phonetic",,,,,tmd居然能吃到麦辣鸡腿堡， 再辣些就好了 🐂皮,他妈的居然能吃到麦垃圾腿堡， 再啦些就好了 牛逼
codedlang:853:01,Crowd-AI-Lab/CodedLang,853,好次,好次,好次,hao3 ci4,好吃,好吃,hao3 chi1,xɑʊ˨˩˦ tsʰɹ̩˥˩,xɑʊ˨˩˦ tsʰɹ̩˥˩,xɑʊ˨˩˦ ʈʂʰɻ̩˥,xɑʊ˨˩˦ ʈʂʰɻ̩˥,否,[],official_dictionary_casefold,非词汇同音词,non_lexical_homophone,hao3 ci4,hao3 chi1,xau̯˧˩˧ tsʰɹ̩˥˩,xau̯˧˩˧ ʈʂʰɻ̩˥,很好次哟～还会再来的～,很好吃哟～还会再来的～
codedlang:854:01,Crowd-AI-Lab/CodedLang,854,滴,滴,滴,di1,的,的,de,ti˥,ti˥,tɤ,tɤ,否,[],official_dictionary_casefold,歧义同音词,ambiguous_homophone,di1,de,ti˥,tɤ,差评、从来没吃过、考过后、还涨这么胖滴烤茄子.....,差评、从来没吃过、考过后、还涨这么胖的烤茄子.....
codedlang:856:01,Crowd-AI-Lab/CodedLang,856,tm,tm,tm,tm,他妈,他妈,ta1 ma1,tˌiːˈɛm,tˌiːˈɛm,tʰa˥ ma˥,tʰa˥ ma˥,否,[],official_dictionary_casefold,语音替代,phonetic,tm,ta1 ma1,ˈti ˈɛm,tʰa˥ ma˥,真tm难吃又贵，千万别去,真他妈难吃又贵，千万别去
codedlang:858:01,Crowd-AI-Lab/CodedLang,858,jb,jb,jb,jb,鸡巴,鸡巴,ji1 ba1,dʒˌeɪbˈiː,dʒˌeɪbˈiː,tɕi˥ pa˥,tɕi˥ pa˥,否,[],official_dictionary_casefold,语音替代,phonetic,jb,ji1 ba1,ˈdʒeɪ pi˥,tɕi˥ pa˥,太jb远了,太鸡巴远了
codedlang:859:01,Crowd-AI-Lab/CodedLang,859,卧怂,卧怂,卧怂,wo4 song3,我怂,我怂,wo3 song3,wɔ˥˩ sʊŋ˨˩˦,wɔ˥˩ sʊŋ˨˩˦,wɔ˨˩˦ sʊŋ˨˩˦,wɔ˨˩˦ sʊŋ˨˩˦,否,[],official_dictionary_casefold,非词汇同音词,"ambiguous_homophone, non_lexical_homophone",wo4 song3,wo3 song3,wo˥˩ sʊ˧˩˧ŋ,wo˧˩˧ sʊ˧˩˧ŋ,卧怂美滴狠！,我怂美的狠！
codedlang:859:02,Crowd-AI-Lab/CodedLang,859,滴,滴,滴,di1,的,的,de,ti˥,ti˥,tɤ,tɤ,否,[],official_dictionary_casefold,歧义同音词,"ambiguous_homophone, non_lexical_homophone",di1,de,ti˥,tɤ,卧怂美滴狠！,我怂美的狠！
codedlang:860:01,Crowd-AI-Lab/CodedLang,860,灰常,灰常,灰常,hui1 chang2,非常,非常,fei1 chang2,xuei˥ ʈʂʰɑŋ˧˥,xuei˥ ʈʂʰɑŋ˧˥,fei˥ ʈʂʰɑŋ˧˥,fei˥ ʈʂʰɑŋ˧˥,否,[],official_dictionary_casefold,非词汇同音词,"ambiguous_homophone, non_lexical_homophone",hui1 chang2,fei1 chang2,xwei̯˥ ʈʂʰa˧˥ŋ,fei̯˥ ʈʂʰa˧˥ŋ,灰常喜欢的一个地方 距离机场很近 如果有空一定要来试试bbq滴牛肉 赞赞哒 地方超大～,非常喜欢的一个地方 距离机场很近 如果有空一定要来试试逼逼q的牛肉 赞赞哒 地方超大～
codedlang:860:02,Crowd-AI-Lab/CodedLang,860,滴,滴,滴,di1,的,的,de,ti˥,ti˥,tɤ,tɤ,否,[],official_dictionary_casefold,歧义同音词,"ambiguous_homophone, non_lexical_homophone",di1,de,ti˥,tɤ,灰常喜欢的一个地方 距离机场很近 如果有空一定要来试试bbq滴牛肉 赞赞哒 地方超大～,非常喜欢的一个地方 距离机场很近 如果有空一定要来试试逼逼q的牛肉 赞赞哒 地方超大～
codedlang:861:01,Crowd-AI-Lab/CodedLang,861,tm,tm,tm,tm,他妈,他妈,ta1 ma1,tˌiːˈɛm,tˌiːˈɛm,tʰa˥ ma˥,tʰa˥ ma˥,否,[],official_dictionary_casefold,语音替代,phonetic,tm,ta1 ma1,ˈti ˈɛm,tʰa˥ ma˥,德国大肘子真tm好吃，外焦里嫩，单点一个就饱了。别点虾，贵又坑。甜点推荐尝尝。,德国大肘子真他妈好吃，外焦里嫩，单点一个就饱了。别点虾，贵又坑。甜点推荐尝尝。
codedlang:862:01,Crowd-AI-Lab/CodedLang,862,好次,好次,好次,hao3 ci4,好吃,好吃,hao3 chi1,xɑʊ˨˩˦ tsʰɹ̩˥˩,xɑʊ˨˩˦ tsʰɹ̩˥˩,xɑʊ˨˩˦ ʈʂʰɻ̩˥,xɑʊ˨˩˦ ʈʂʰɻ̩˥,否,[],official_dictionary_casefold,非词汇同音词,non_lexical_homophone,hao3 ci4,hao3 chi1,xau̯˧˩˧ tsʰɹ̩˥˩,xau̯˧˩˧ ʈʂʰɻ̩˥,太好次啦！三番最佳,太好吃啦！三番最佳
codedlang:863:01,Crowd-AI-Lab/CodedLang,863,滴,滴,滴,di1,的,的,de,ti˥,ti˥,tɤ,tɤ,否,[],official_dictionary_casefold,歧义同音词,ambiguous_homophone,di1,de,ti˥,tɤ,非常好的真弓马来西亚和新加坡的食物！你应该真的得到肆意的！他是如此的好，真是！非常友好的工作人员也是多彩滴地方！他们在亚特兰大拥有最好的马来西亚食物，如果你在这个地区，你应该马马虎虎地摆动。,非常好的真弓马来西亚和新加坡的食物！你应该真的得到肆意的！他是如此的好，真是！非常友好的工作人员也是多彩的地方！他们在亚特兰大拥有最好的马来西亚食物，如果你在这个地区，你应该马马虎虎地摆动。
codedlang:864:01,Crowd-AI-Lab/CodedLang,864,滴,滴,滴,di1,的,的,de,ti˥,ti˥,tɤ,tɤ,否,[],official_dictionary_casefold,歧义同音词,ambiguous_homophone,di1,de,ti˥,tɤ,东西我就不用说了，每次回BROOKLYN都必去。虽然很忙，但服务还是不错滴。,东西我就不用说了，每吃回BROOKLYN都必去。虽然很忙，但服务还是不错的。
codedlang:865:01,Crowd-AI-Lab/CodedLang,865,马勒戈壁,马勒戈壁,马勒戈壁,ma3 le4 ge1 bi4,妈了个逼,妈了个逼,ma1 le ge4 bi1,ma˨˩˦ lɤ˥˩ kɤ˥ pi˥˩,ma˨˩˦ lɤ˥˩ kɤ˥ pi˥˩,ma˥ lɤ kɤ˥˩ pi˥,ma˥ lɤ kɤ˥˩ pi˥,否,[],official_dictionary_casefold,歧义同音词,ambiguous_homophone,ma3 le4 ge1 bi4,ma1 le ge4 bi1,ma˧˩˧ lɤ˥˩ kɤ˥ pi˥˩,ma˥ lɤ kɤ˥˩ pi˥,傻逼鸡巴玩意儿狗贼墨西哥人马勒戈壁的,傻逼鸡巴玩意儿狗贼墨西哥人妈了个逼的
codedlang:866:01,Crowd-AI-Lab/CodedLang,866,炒鸡,炒鸡,炒鸡,chao3 ji1,超级,超级,chao1 ji2,ʈʂʰɑʊ˨˩˦ tɕi˥,ʈʂʰɑʊ˨˩˦ tɕi˥,ʈʂʰɑʊ˥ tɕi˧˥,ʈʂʰɑʊ˥ tɕi˧˥,否,[],official_dictionary_casefold,歧义同音词,ambiguous_homophone,chao3 ji1,chao1 ji2,ʈʂʰau̯˧˩˧ tɕi˥,ʈʂʰau̯˥ tɕi˧˥,炒鸡好吃,超级好吃
codedlang:867:01,Crowd-AI-Lab/CodedLang,867,TMD,TMD,TMD,TMD,他妈的,他妈的,ta1 ma1 de,tˌiːˌɛmdˈiː,tˌiːˌɛmdˈiː,tʰa˥ ma˥ tɤ,tʰa˥ ma˥ tɤ,否,[],official_dictionary_casefold,语音替代,phonetic,tmd,ta1 ma1 de,ˈti ˈɛm ti,tʰa˥ ma˥ tɤ,忒TMD正宗了，这顿吃得太爽了,忒他妈的正宗了，这顿吃得太爽了
codedlang:868:01,Crowd-AI-Lab/CodedLang,868,ㄛ,ㄛ,ㄛ,ㄛ,哦,哦,o2,,,o˧˥,o˧˥,是,"[{""type"": ""source_unresolved_symbol_or_digit""}]",official_dictionary_casefold,语音替代,phonetic,o,o2,ɔ,ɔ˧˥,敲的好爽ㄛ crab cake好吃但有點貴,超的好爽哦 cra逼 cake好吃但有點貴
codedlang:870:01,Crowd-AI-Lab/CodedLang,870,www,www,www,www,哈哈哈,哈哈哈,ha1 ha1 ha1,dˌʌbəljˌuːdˌʌbəljˌuːdˈʌbəljˌuː,dˌʌbəljˌuːdˌʌbəljˌuːdˈʌbəljˌuː,xa˥ xa˥ xa˥,xa˥ xa˥ xa˥,否,[],official_dictionary_casefold,跨语言语音编码,phonetic,,,,,A fine dinning restaurant.  招待的前菜：清爽系，忘記是什麼味道了哈哈 Sea urchin——真的超大顆，海膽加上濃郁的湯汁加上附的鬆軟麵包是個很好的開始 p.s: 這道不在菜單上 Seared day boat scallop——干貝焦得剛剛好，我喜歡下面墊著的薯泥，沒怎麼沾外面那圈油醋醬  主餐 Grilled lobster——龍蝦本身感覺挺新鮮的，但醬汁有點微妙⋯⋯有泰國Massaman咖哩的感覺，覺得不太搭 Wagyu flat iron——好吃但沒有他們的牛排店 (Alexander's Steakhouse) 厲害 Black Sea Bass——魚皮煎得焦焦就好吃! 但是醬汁還是頗不搭...... 旁邊小塊的炸物是螃蟹，我吃了覺得像才看菜單確認結果真的是 King Salmon——我沒吃但家人說不錯 Truffle fries——以前吃滿喜歡所以這次也點了，松露香+脆脆薯條好棒  甜點 Rise 'n shine——沒怎麼吃出梨子味的舒芙蕾，整體挺甜的 Pretty in pink——大概是芭樂果凍加荔枝跟莓果醬，酸酸甜甜 Passionfruit tiramisu——服務生會淋上巧克力讓球融化好可愛啊www 招待的甜點: 莓果軟糖(超甜)+芝麻焦糖片(有點像太妃)+Strawberry cotton candy——像草莓果醬做的帶一點酸味,A fine dinning restaurant.  招待的前菜：清爽系，忘記是什麼味道了哈哈 Sea urchin——真的超大顆，海膽加上濃郁的湯汁加上附的鬆軟麵包是個很好的開始 p.s: 這道不在菜單上 Seared day 逼oat scallop——干貝焦得剛剛好，我喜歡下面墊著的薯泥，沒怎麼沾外面那圈油醋醬  主餐 Grilled lo逼ster——龍瞎本身感覺挺新鮮的，但醬汁有點微妙⋯⋯有泰國Massaman咖哩的感覺，覺得不太搭 Wagyu flat iron——好吃但沒有他們的牛排店 (Alexander's Steakhouse) 厲害 Black Sea Bass——魚皮煎得焦焦就好吃! 但是醬汁還是頗不搭...... 旁邊小塊的炸物是螃蟹，我吃了覺得像才看菜單確認結果真的是 King Salmon——我沒吃但家人說不錯 Truffle fries——以前吃滿喜歡所以這吃也點了，松露香+脆脆薯條好棒  甜點 Rise 'n 屎ne——沒怎麼吃出梨子味的舒芙蕾，整體挺甜的 Pretty in pink——大概是芭樂果凍加荔枝跟莓果醬，酸酸甜甜 Passionfruit tiramisu——服務生會淋上巧克力讓球融化好可愛啊哈哈哈 招待的甜點: 莓果軟糖(超甜)+芝麻焦糖片(有點像太妃)+Straw逼erry cotton candy——像草莓果醬做的帶一點酸味
codedlang:871:01,Crowd-AI-Lab/CodedLang,871,法克,法克,法克,fa3 ke4,,,,fa˨˩˦ kʰɤ˥˩,fa˨˩˦ kʰɤ˥˩,,,是,"[{""type"": ""missing_dictionary_decode""}]",not_in_official_dictionary,非词汇同音词,non_lexical_homophone,,,,,我只能说没有比这个更差的apartment了，自从换了公司以来，新的公司完全不干什么有用的事情，问啥啥不知道，有问题也解决不了，他们的老大是个40多岁的欧巴桑，只会说一个单词“NO”，看到她说话你就想法克她。小区铺草只铺一半，说停水就停水，不说了，说多了都是眼泪~,我只能说没有比这个更差的apar他妈ent了，自从换了公司以来，新的公司完全不干什么有用的事情，问啥啥不知道，有问题也解决不了，他们的老大是个40多岁的欧巴桑，只会说一个单词“NO”，看到她说话你就想fuck她。小区铺草只铺一半，说停水就停水，不说了，说多了都是眼泪~
codedlang:872:01,Crowd-AI-Lab/CodedLang,872,含裹魚,含裹魚,含裹魚,han2 guo3 yu2,韩国瑜,韩国瑜,han2 guo2 yu2,xan˧˥ kuɔ˨˩˦ y˧˥,xan˧˥ kuɔ˨˩˦ y˧˥,xan˧˥ kuɔ˧˥ y˧˥,xan˧˥ kuɔ˧˥ y˧˥,否,[],official_dictionary_casefold,非词汇同音词,"emoji, non_lexical_homophone",han2 guo3 yu2,han2 guo2 yu2,xa˧˥n kwo˧˩˧ y˧˥,xa˧˥n kwo˧˥ y˧˥,沒有含裹魚🇰🇷🐟就沒有傷害，這是一個真正安全的台灣,沒有韩国瑜韩国瑜就沒有傷害，這是一個真正安全的台灣
codedlang:872:02,Crowd-AI-Lab/CodedLang,872,🇰🇷🐟,🇰🇷🐟,🇰🇷鱼,🇰 🇷 yu2,,,,,y˧˥,,,是,"[{""type"": ""missing_dictionary_decode""}, {""type"": ""source_unresolved_symbol_or_digit""}, {""type"": ""source_unresolved_symbol_or_digit""}]",not_in_official_dictionary,非词汇同音词,"emoji, non_lexical_homophone",,,,,沒有含裹魚🇰🇷🐟就沒有傷害，這是一個真正安全的台灣,沒有韩国瑜韩国瑜就沒有傷害，這是一個真正安全的台灣
codedlang:873:01,Crowd-AI-Lab/CodedLang,873,一p,一p,一p,yi1 p,一批,一批,yi1 pi1,i˥ pˈiː,i˥ pˈiː,i˥ pʰi˥,i˥ pʰi˥,否,[],official_dictionary_casefold,语音替代,phonetic,yi1 p,yi1 pi1,i˥ ˈpi,i˥ pʰi˥,"很同意上一条评价，老板老板娘毫无诚信可言，刚开店的时候老板娘态度以及店员服务都不错，但生意好起来就原形毕露。1. 态度拽的一p，以为自己做个小生意真成大老板了 2. 东西size越来越小，口味也是一般般。总之不会再来了。胖妮和不见不散，老江湖都比这个强。 Dishonest owner. 1. Service is terrible 2. Food is way overpriced, would recommend Darin bbq/ see you again bbq","很同意上一条评价，老板老板娘毫无诚信可言，刚开店的时候老板娘态度以及店员服务都不错，但生意好起来就原形毕露。1. 态度拽的一批，以为自己做个小生意真成大老板了 2. 东西size越来越小，口味也是一般般。总之不会再来了。胖妮和不见不散，老江湖都比这个强。 啲ishonest owner. 1. Service is terri逼le 2. Food is way overpriced, would reco妹妹end 啲arin 逼逼q/ see you again 逼逼q"
codedlang:874:01,Crowd-AI-Lab/CodedLang,874,nb,nb,nb,nb,牛逼,牛逼,niu2 bi1,ˌɛnbˈiː,ˌɛnbˈiː,niou˧˥ pi˥,niou˧˥ pi˥,否,[],official_dictionary_casefold,语音替代,phonetic,nb,niu2 bi1,ˈɛn pi˥,njou̯˧˥ pi˥,明尼最nb的日料了 在这有手握寿司，omakase的价格是最低差不多85一人 有12个握寿司还有一些小菜。这次来主要尝鲜没有点omakase所以fatty tuna还是必点的，美味是必须的，A4和牛很美味 注意不是A5级别的哈。除此之外我们还点了鳗鱼sushi，玉子烧，还有乌冬，消费还是挺高的 这顿我们俩花了$140。,明尼最牛逼的日料了 在这有手握寿司，omakase的价格是最低差不多不5一人 有12个握寿司还有一些小菜。这吃来主要尝鲜没有点omakase所以fatty tuna还是必点的，美味是必须的，A4和牛很美味 注意不是A5级别的哈。除此之外我们还点了鳗鱼su屎，玉子烧，还有乌冬，消费还是挺高的 这顿我们俩花了$140。
codedlang:875:01,Crowd-AI-Lab/CodedLang,875,落膻鸡,落膻鸡,落膻鸡,luo4 shan1 ji1,洛杉矶,洛杉矶,luo4 shan1 ji1,luɔ˥˩ ʂan˥ tɕi˥,luɔ˥˩ ʂan˥ tɕi˥,luɔ˥˩ ʂan˥ tɕi˥,luɔ˥˩ ʂan˥ tɕi˥,否,[],official_dictionary_casefold,非词汇同音词,"ambiguous_homophone, non_lexical_homophone",luo4 shan1 ji1,luo4 shan1 ji1,lwo˥˩ ʂa˥n tɕi˥,lwo˥˩ ʂa˥n tɕi˥,落膻鸡ins网红打卡点儿 你要是有个爱美的妹子或是好奇感十足，就去。 会有很多日本，韩国妹子also。 有人拍照药记得插袋。 车就街pa，投币的。 相机镜头最好是50mm定焦，距离刚刚好。 这附近离潮牌一条街也不远，离the Grove也不远。去哪哪儿都方便。,洛杉矶ins网红打卡点儿 你要是有个爱美的妹子或是好奇感十足，就去。 会有很多日本，韩国妹子also。 有人拍照要记得插袋。 车就街pa，投币的。 相机镜头最好是50妹妹定焦，距离刚刚好。 这附近离潮牌一条街也不远，离the Grove也不远。去哪哪儿都方便。
codedlang:875:02,Crowd-AI-Lab/CodedLang,875,药,药,药,yao4,要,要,yao4,jɑʊ˥˩,jɑʊ˥˩,jɑʊ˥˩,jɑʊ˥˩,否,[],official_dictionary_casefold,歧义同音词,"ambiguous_homophone, non_lexical_homophone",yao4,yao4,jau̯˥˩,jau̯˥˩,落膻鸡ins网红打卡点儿 你要是有个爱美的妹子或是好奇感十足，就去。 会有很多日本，韩国妹子also。 有人拍照药记得插袋。 车就街pa，投币的。 相机镜头最好是50mm定焦，距离刚刚好。 这附近离潮牌一条街也不远，离the Grove也不远。去哪哪儿都方便。,洛杉矶ins网红打卡点儿 你要是有个爱美的妹子或是好奇感十足，就去。 会有很多日本，韩国妹子also。 有人拍照要记得插袋。 车就街pa，投币的。 相机镜头最好是50妹妹定焦，距离刚刚好。 这附近离潮牌一条街也不远，离the Grove也不远。去哪哪儿都方便。
codedlang:876:01,Crowd-AI-Lab/CodedLang,876,偶們,偶們,偶們,ou3 men,我們,我們,wo3 men,oʊ˨˩˦ mən,oʊ˨˩˦ mən,wɔ˨˩˦ mən,wɔ˨˩˦ mən,否,[],official_dictionary_casefold,非词汇同音词,"ambiguous_homophone, non_lexical_homophone",ou3 men,wo3 men,ou̯˧˩˧ mən,wo˧˩˧ mən,夜晚滴音樂中心 燈光美氣氛佳 若不是白天美麗滴錯誤 偶們就無緣此番美景 雖然此行來沒計畫購票入場 但在外見到廳內大廳屋頂垂下壯觀滴水晶燈 如果在白天應該就不會發現了 廣場上有水舞表演 算好時間差就可以進入中央 當水柱同時在周圍衝向天際 大伙驚呼聲連連!!,夜晚的音樂中心 燈光美氣氛佳 若不是白天美麗的錯誤 我們就無緣此番美景 雖然此行來沒計畫購票入場 但在外見到廳內大廳屋頂垂下壯觀的水晶燈 如果在白天應該就不會發現了 廣場上有水舞表演 算好時間差就可以進入中央 當水柱同時在周圍衝向天際 大伙驚呼聲連連!!
codedlang:876:02,Crowd-AI-Lab/CodedLang,876,滴,滴,滴,di1,的,的,de,ti˥,ti˥,tɤ,tɤ,否,[],official_dictionary_casefold,歧义同音词,"ambiguous_homophone, non_lexical_homophone",di1,de,ti˥,tɤ,夜晚滴音樂中心 燈光美氣氛佳 若不是白天美麗滴錯誤 偶們就無緣此番美景 雖然此行來沒計畫購票入場 但在外見到廳內大廳屋頂垂下壯觀滴水晶燈 如果在白天應該就不會發現了 廣場上有水舞表演 算好時間差就可以進入中央 當水柱同時在周圍衝向天際 大伙驚呼聲連連!!,夜晚的音樂中心 燈光美氣氛佳 若不是白天美麗的錯誤 我們就無緣此番美景 雖然此行來沒計畫購票入場 但在外見到廳內大廳屋頂垂下壯觀的水晶燈 如果在白天應該就不會發現了 廣場上有水舞表演 算好時間差就可以進入中央 當水柱同時在周圍衝向天際 大伙驚呼聲連連!!
codedlang:877:01,Crowd-AI-Lab/CodedLang,877,特码,特码,特码,te4 ma3,他妈,他妈,ta1 ma1,tʰɤ˥˩ ma˨˩˦,tʰɤ˥˩ ma˨˩˦,tʰa˥ ma˥,tʰa˥ ma˥,否,[],official_dictionary_casefold,非词汇同音词,non_lexical_homophone,te4 ma3,ta1 ma1,tʰɤ˥˩ ma˧˩˧,tʰa˥ ma˥,这个地方是网咖就行了，都特码玩电脑的，surface pro屏幕再次出现问题，停车场有3层，实际店地址非常难找，有大概10个左右agent，然而有appointment还要排队，效率非常低下,这个地方是网咖就行了，都他妈玩电脑的，surface pro屏幕再吃出现问题，停车场有3层，实际店地址非常难找，有大概10个左右agent，然而有appoin他妈ent还要排队，效率非常低下
codedlang:878:01,Crowd-AI-Lab/CodedLang,878,落膻鸡,落膻鸡,落膻鸡,luo4 shan1 ji1,洛杉矶,洛杉矶,luo4 shan1 ji1,luɔ˥˩ ʂan˥ tɕi˥,luɔ˥˩ ʂan˥ tɕi˥,luɔ˥˩ ʂan˥ tɕi˥,luɔ˥˩ ʂan˥ tɕi˥,否,[],official_dictionary_casefold,非词汇同音词,"non_lexical_homophone, phonetic",luo4 shan1 ji1,luo4 shan1 ji1,lwo˥˩ ʂa˥n tɕi˥,lwo˥˩ ʂa˥n tɕi˥,5星推荐-不要被中文译名迷糊了，这儿对于国人就是一处万国园。 有植物园，收藏园，各国特色建筑园，综合类园。 推荐仙人掌园，直走左侧。 推荐中国园和日本园，还有儿童迷你乐园。 图书馆可以不进。 收藏馆可以不进。 用逛植物园和猎奇的心态去逛。 穿双好鞋，因为会走很久。 停车场免费，但小心车里不要留钱财衣物，还是有贼人来砸车窗的。 整个园林很大，但其实更有名气的是园林所在的城市，在落膻鸡有二nei村之美称。号称吴xiu波等大陆戏子均在此有宅子。 不多说了，有钱人的世界你们最懂。,5星推荐-不要被中文译名迷糊了，这儿对于国人就是一处万国园。 有植物园，收藏园，各国特色建筑园，综合类园。 推荐仙人掌园，直走左侧。 推荐中国园和日本园，还有儿童迷你乐园。 图书馆可以不进。 收藏馆可以不进。 用逛植物园和猎奇的心态去逛。 穿双好鞋，因为会走很久。 停车场免费，但小心车里不要留钱财衣物，还是有贼人来砸车窗的。 整个园林很大，但其实更有名气的是园林所在的城市，在洛杉矶有二奶村之美称。号称吴秀波等大陆戏子均在此有宅子。 不多说了，有钱人的世界你们最懂。
codedlang:878:02,Crowd-AI-Lab/CodedLang,878,二nei村,二nei村,二nei村,er4 nei cun1,二奶村,二奶村,er4 nai3 cun1,əɻ˥˩ nei tsʰuən˥,əɻ˥˩ nei tsʰuən˥,əɻ˥˩ nai˨˩˦ tsʰuən˥,əɻ˥˩ nai˨˩˦ tsʰuən˥,否,[],official_dictionary_casefold,语音替代,"non_lexical_homophone, phonetic",er4 nei cun1,er4 nai3 cun1,ɚ˥˩ nei̯ tsʰwə˥n,ɚ˥˩ nai̯˧˩˧ tsʰwə˥n,5星推荐-不要被中文译名迷糊了，这儿对于国人就是一处万国园。 有植物园，收藏园，各国特色建筑园，综合类园。 推荐仙人掌园，直走左侧。 推荐中国园和日本园，还有儿童迷你乐园。 图书馆可以不进。 收藏馆可以不进。 用逛植物园和猎奇的心态去逛。 穿双好鞋，因为会走很久。 停车场免费，但小心车里不要留钱财衣物，还是有贼人来砸车窗的。 整个园林很大，但其实更有名气的是园林所在的城市，在落膻鸡有二nei村之美称。号称吴xiu波等大陆戏子均在此有宅子。 不多说了，有钱人的世界你们最懂。,5星推荐-不要被中文译名迷糊了，这儿对于国人就是一处万国园。 有植物园，收藏园，各国特色建筑园，综合类园。 推荐仙人掌园，直走左侧。 推荐中国园和日本园，还有儿童迷你乐园。 图书馆可以不进。 收藏馆可以不进。 用逛植物园和猎奇的心态去逛。 穿双好鞋，因为会走很久。 停车场免费，但小心车里不要留钱财衣物，还是有贼人来砸车窗的。 整个园林很大，但其实更有名气的是园林所在的城市，在洛杉矶有二奶村之美称。号称吴秀波等大陆戏子均在此有宅子。 不多说了，有钱人的世界你们最懂。
codedlang:878:03,Crowd-AI-Lab/CodedLang,878,吴xiu波,吴xiu波,吴xiu波,wu2 xiu bo1,吴秀波,吴秀波,wu2 xiu4 bo1,u˧˥ ɕiou puɔ˥,u˧˥ ɕiou puɔ˥,u˧˥ ɕiou˥˩ puɔ˥,u˧˥ ɕiou˥˩ puɔ˥,否,[],official_dictionary_casefold,语音替代,"non_lexical_homophone, phonetic",wu2 xiu bo1,wu2 xiu4 bo1,u˧˥ ɕjou̯ pwo˥,u˧˥ ɕjou̯˥˩ pwo˥,5星推荐-不要被中文译名迷糊了，这儿对于国人就是一处万国园。 有植物园，收藏园，各国特色建筑园，综合类园。 推荐仙人掌园，直走左侧。 推荐中国园和日本园，还有儿童迷你乐园。 图书馆可以不进。 收藏馆可以不进。 用逛植物园和猎奇的心态去逛。 穿双好鞋，因为会走很久。 停车场免费，但小心车里不要留钱财衣物，还是有贼人来砸车窗的。 整个园林很大，但其实更有名气的是园林所在的城市，在落膻鸡有二nei村之美称。号称吴xiu波等大陆戏子均在此有宅子。 不多说了，有钱人的世界你们最懂。,5星推荐-不要被中文译名迷糊了，这儿对于国人就是一处万国园。 有植物园，收藏园，各国特色建筑园，综合类园。 推荐仙人掌园，直走左侧。 推荐中国园和日本园，还有儿童迷你乐园。 图书馆可以不进。 收藏馆可以不进。 用逛植物园和猎奇的心态去逛。 穿双好鞋，因为会走很久。 停车场免费，但小心车里不要留钱财衣物，还是有贼人来砸车窗的。 整个园林很大，但其实更有名气的是园林所在的城市，在洛杉矶有二奶村之美称。号称吴秀波等大陆戏子均在此有宅子。 不多说了，有钱人的世界你们最懂。
codedlang:879:01,Crowd-AI-Lab/CodedLang,879,咖灰,咖灰,咖灰,ka1 hui1,咖啡,咖啡,ka1 fei1,kʰa˥ xuei˥,kʰa˥ xuei˥,kʰa˥ fei˥,kʰa˥ fei˥,否,[],official_dictionary_casefold,非词汇同音词,"ambiguous_homophone, non_lexical_homophone",ka1 hui1,ka1 fei1,kʰa˥ xwei̯˥,kʰa˥ fei̯˥,[厲害了！這個巢。]  喝咖灰好潮，喝的俺都濕了。  在藍瓶咖啡被矽谷文青熱情愛戴的時刻，藍瓶創辦人說了他的藍色野望：要做精品咖啡裡面的星巴克，其中的意義呢大家可能沒有仔細思考，容我翻譯翻譯，星巴克毫無疑問的是跨國連鎖品牌系統的強者，從視覺環境到產品的品質有高度的標準化，這個時候星巴克是連鎖食品公司；在全球展店以後用點數卡吸金轉投資提高企業獲利，這個時期星巴克是財務金融公司；建立鋪天蓋地的綠色海妖形象以後，衍生海量的紀念品產線與投資各種老屋咖啡特殊店，這個時期星巴克是藝術文創公司；眼下現值頂天，把公司賣給了雀巢這樣的超級規模商品供應商，這個時候星巴克是個獲利了結的創投公司。  回頭看看藍瓶咖啡的創業野望，跟提早一步被雀巢收購，藍瓶咖啡以小搏大，快速掠取投資者目光，獲利了結出場，實在是超越並且大勝星巴克，聽到這裡有沒有很納悶？這一切的一切，不管是全球連鎖龍頭或者文青熱愛的打卡直播聖地，最後都買給了惡名昭彰記錄欠佳的國際食品巨擘，事實是沒人在乎你在乎的咖啡，網美在乎直播收了多少禮物，網紅盯著手機看看自己的粉絲頁日報表，咖啡只是一種期貨，讓企業玩來玩去的那種。 藍瓶從來都是地地道道的生意人，他們清楚的知道店面的美觀遠比咖啡的美味重要，網美網紅就算沒把咖啡喝完也會拿著LOGO打卡，所以他們根本不是精品咖啡裡面的星巴克，他們是文青咖啡店裡面的獅子會跟扶輪社，懂？沒關係，人生很難，生意很簡單，有人買單就是生意，有企業能夠整碗端走94狂，能夠獲利了結安全下莊的人才能笑著離開，下次還有人說他要做什麼什麼產業的什麼什麼代表，也許人家在乎的不是你在乎的事，請不要入戲太深，喝杯咖啡而已，數數鈔票罷了。  要做藝術節的鼎泰豐有沒有戲呢？還是做設計界的costco有局嗎？還是做文創界的金正恩呢？人生好難，做決定最難。  文青以後改稱巢青好了，又文又潮，雙效合一。  #Bluebottle #Starbucks #hipster #coffee #enterprises #cooperation #Theycareshits #theydontcareaboutyou #數鈔票 #滑動態 #扶輪社 #獅子會 #連鎖超商 #聯合壟斷 #裁判跟球員都是我的人 #星巴克 #藍瓶咖啡 #雀巢食品 #名譽超差 #聞氫哥哥誰理你 #文青 #網美 #網紅 #網肥 #巢青 #打卡 #把不到妹妹就把頭 #翻譯翻譯 #惡龍還有惡人騎 #咖啡是拳頭濃縮是k1 #coffeebreak #Taipei #coffee #Taiwan #coffeeholic #espresso #Ristretto #LocalGuides #小甜甜哥白尼 #木柵奧利佛 #野人掀鋪 #臉怕出油豬怕肥 #人生很短進度要趕 #五分熟男塾 #學有所終食無止盡,[厲害了！這個巢。]  喝咖啡好潮，喝的俺都濕了。  在藍瓶咖啡被矽谷文青熱情愛戴的時刻，藍瓶創辦人說了他的藍色野望：要做精品咖啡裡面的星巴克，其中的意義呢大家可能沒有仔細思考，容我翻譯翻譯，星巴克毫無疑問的是跨國連鎖品牌系統的強者，從視覺環境到產品的品質有高度的標準化，這個時候星巴克是連鎖食品公司；在全球展店以後用點數卡吸金轉投資提高企業獲利，這個時期星巴克是財務金融公司；建立鋪天蓋地的綠色海妖形象以後，衍生海量的紀念品產線與投資各種老屋咖啡特殊店，這個時期星巴克是藝術文創公司；眼下現值頂天，把公司賣給了雀巢這樣的超級規模商品供應商，這個時候星巴克是個獲利了結的創投公司。  回頭看看藍瓶咖啡的創業野望，跟提早一步被雀巢收購，藍瓶咖啡以小搏大，快速掠取投資者目光，獲利了結出場，實在是超越並且大勝星巴克，聽到這裡有沒有很納悶？這一切的一切，不管是全球連鎖龍頭或者文青熱愛的打卡直播聖地，最後都買給了惡名昭彰記錄欠佳的國際食品巨擘，事實是沒人在乎你在乎的咖啡，網美在乎直播收了多少禮物，網紅盯著手機看看自己的粉絲頁日報表，咖啡只是一種期貨，讓企業玩來玩去的那種。 藍瓶從來都是地地道道的生意人，他們清楚的知道店面的美觀遠比咖啡的美味重要，網美網紅就算沒把咖啡喝完也會拿著LOGO打卡，所以他們根本不是精品咖啡裡面的星巴克，他們是文青咖啡店裡面的獅子會跟扶輪社，懂？沒關係，人生很難，生意很簡單，有人買單就是生意，有企業能夠整碗端走就是狂，能夠獲利了結安全下莊的人才能笑著離開，下吃還有人說他要做什麼什麼產業的什麼什麼代表，也許人家在乎的不是你在乎的事，請不要入戲太深，喝杯咖啡而已，數數鈔票罷了。  要做藝術節的鼎泰豐有沒有戲呢？還是做設計界的costco有局嗎？還是做文創界的金正恩呢？人生好難，做決定最難。  文青以後改稱巢青好了，又文又潮，雙效合一。  #Blue逼ottle #Star逼ucks #hipster #coffee #enterprises #cooperation #Theycare屎ts #theydontcarea逼outyou #數鈔票 #滑動態 #扶輪社 #獅子會 #連鎖超商 #聯合壟斷 #裁判跟球員都是我的人 #星巴克 #藍瓶咖啡 #雀巢食品 #名譽超差 #聞氫哥哥誰理你 #文青 #網美 #網紅 #網肥 #巢青 #打卡 #把不到妹妹就把頭 #翻譯翻譯 #惡龍還有惡人騎 #咖啡是拳頭濃縮是k1 #coffee逼reak #Taipei #coffee #Taiwan #coffeeholic #espresso #Ristretto #LocalGuides #小甜甜哥白尼 #木柵奧利佛 #野人掀鋪 #臉怕出油豬怕肥 #人生很短進度要趕 #五分熟男塾 #學有所終食無止盡
codedlang:879:02,Crowd-AI-Lab/CodedLang,879,94,94,九四,jiu3 si4,就是,就是,jiu4 shi4,tɕiou˨˩˦ sɹ̩˥˩,tɕiou˨˩˦ sɹ̩˥˩,tɕiou˥˩ ʂɻ̩˥˩,tɕiou˥˩ ʂɻ̩˥˩,否,[],official_dictionary_casefold,歧义同音词,"ambiguous_homophone, non_lexical_homophone",jiu3 si4,jiu4 shi4,tɕjou̯˧˩˧ sɹ̩˥˩,tɕjou̯˥˩ ʂɻ̩˥˩,[厲害了！這個巢。]  喝咖灰好潮，喝的俺都濕了。  在藍瓶咖啡被矽谷文青熱情愛戴的時刻，藍瓶創辦人說了他的藍色野望：要做精品咖啡裡面的星巴克，其中的意義呢大家可能沒有仔細思考，容我翻譯翻譯，星巴克毫無疑問的是跨國連鎖品牌系統的強者，從視覺環境到產品的品質有高度的標準化，這個時候星巴克是連鎖食品公司；在全球展店以後用點數卡吸金轉投資提高企業獲利，這個時期星巴克是財務金融公司；建立鋪天蓋地的綠色海妖形象以後，衍生海量的紀念品產線與投資各種老屋咖啡特殊店，這個時期星巴克是藝術文創公司；眼下現值頂天，把公司賣給了雀巢這樣的超級規模商品供應商，這個時候星巴克是個獲利了結的創投公司。  回頭看看藍瓶咖啡的創業野望，跟提早一步被雀巢收購，藍瓶咖啡以小搏大，快速掠取投資者目光，獲利了結出場，實在是超越並且大勝星巴克，聽到這裡有沒有很納悶？這一切的一切，不管是全球連鎖龍頭或者文青熱愛的打卡直播聖地，最後都買給了惡名昭彰記錄欠佳的國際食品巨擘，事實是沒人在乎你在乎的咖啡，網美在乎直播收了多少禮物，網紅盯著手機看看自己的粉絲頁日報表，咖啡只是一種期貨，讓企業玩來玩去的那種。 藍瓶從來都是地地道道的生意人，他們清楚的知道店面的美觀遠比咖啡的美味重要，網美網紅就算沒把咖啡喝完也會拿著LOGO打卡，所以他們根本不是精品咖啡裡面的星巴克，他們是文青咖啡店裡面的獅子會跟扶輪社，懂？沒關係，人生很難，生意很簡單，有人買單就是生意，有企業能夠整碗端走94狂，能夠獲利了結安全下莊的人才能笑著離開，下次還有人說他要做什麼什麼產業的什麼什麼代表，也許人家在乎的不是你在乎的事，請不要入戲太深，喝杯咖啡而已，數數鈔票罷了。  要做藝術節的鼎泰豐有沒有戲呢？還是做設計界的costco有局嗎？還是做文創界的金正恩呢？人生好難，做決定最難。  文青以後改稱巢青好了，又文又潮，雙效合一。  #Bluebottle #Starbucks #hipster #coffee #enterprises #cooperation #Theycareshits #theydontcareaboutyou #數鈔票 #滑動態 #扶輪社 #獅子會 #連鎖超商 #聯合壟斷 #裁判跟球員都是我的人 #星巴克 #藍瓶咖啡 #雀巢食品 #名譽超差 #聞氫哥哥誰理你 #文青 #網美 #網紅 #網肥 #巢青 #打卡 #把不到妹妹就把頭 #翻譯翻譯 #惡龍還有惡人騎 #咖啡是拳頭濃縮是k1 #coffeebreak #Taipei #coffee #Taiwan #coffeeholic #espresso #Ristretto #LocalGuides #小甜甜哥白尼 #木柵奧利佛 #野人掀鋪 #臉怕出油豬怕肥 #人生很短進度要趕 #五分熟男塾 #學有所終食無止盡,[厲害了！這個巢。]  喝咖啡好潮，喝的俺都濕了。  在藍瓶咖啡被矽谷文青熱情愛戴的時刻，藍瓶創辦人說了他的藍色野望：要做精品咖啡裡面的星巴克，其中的意義呢大家可能沒有仔細思考，容我翻譯翻譯，星巴克毫無疑問的是跨國連鎖品牌系統的強者，從視覺環境到產品的品質有高度的標準化，這個時候星巴克是連鎖食品公司；在全球展店以後用點數卡吸金轉投資提高企業獲利，這個時期星巴克是財務金融公司；建立鋪天蓋地的綠色海妖形象以後，衍生海量的紀念品產線與投資各種老屋咖啡特殊店，這個時期星巴克是藝術文創公司；眼下現值頂天，把公司賣給了雀巢這樣的超級規模商品供應商，這個時候星巴克是個獲利了結的創投公司。  回頭看看藍瓶咖啡的創業野望，跟提早一步被雀巢收購，藍瓶咖啡以小搏大，快速掠取投資者目光，獲利了結出場，實在是超越並且大勝星巴克，聽到這裡有沒有很納悶？這一切的一切，不管是全球連鎖龍頭或者文青熱愛的打卡直播聖地，最後都買給了惡名昭彰記錄欠佳的國際食品巨擘，事實是沒人在乎你在乎的咖啡，網美在乎直播收了多少禮物，網紅盯著手機看看自己的粉絲頁日報表，咖啡只是一種期貨，讓企業玩來玩去的那種。 藍瓶從來都是地地道道的生意人，他們清楚的知道店面的美觀遠比咖啡的美味重要，網美網紅就算沒把咖啡喝完也會拿著LOGO打卡，所以他們根本不是精品咖啡裡面的星巴克，他們是文青咖啡店裡面的獅子會跟扶輪社，懂？沒關係，人生很難，生意很簡單，有人買單就是生意，有企業能夠整碗端走就是狂，能夠獲利了結安全下莊的人才能笑著離開，下吃還有人說他要做什麼什麼產業的什麼什麼代表，也許人家在乎的不是你在乎的事，請不要入戲太深，喝杯咖啡而已，數數鈔票罷了。  要做藝術節的鼎泰豐有沒有戲呢？還是做設計界的costco有局嗎？還是做文創界的金正恩呢？人生好難，做決定最難。  文青以後改稱巢青好了，又文又潮，雙效合一。  #Blue逼ottle #Star逼ucks #hipster #coffee #enterprises #cooperation #Theycare屎ts #theydontcarea逼outyou #數鈔票 #滑動態 #扶輪社 #獅子會 #連鎖超商 #聯合壟斷 #裁判跟球員都是我的人 #星巴克 #藍瓶咖啡 #雀巢食品 #名譽超差 #聞氫哥哥誰理你 #文青 #網美 #網紅 #網肥 #巢青 #打卡 #把不到妹妹就把頭 #翻譯翻譯 #惡龍還有惡人騎 #咖啡是拳頭濃縮是k1 #coffee逼reak #Taipei #coffee #Taiwan #coffeeholic #espresso #Ristretto #LocalGuides #小甜甜哥白尼 #木柵奧利佛 #野人掀鋪 #臉怕出油豬怕肥 #人生很短進度要趕 #五分熟男塾 #學有所終食無止盡
codedlang:880:01,Crowd-AI-Lab/CodedLang,880,ctm,ctm,ctm,ctm,操他妈,操他妈,cao1 ta1 ma1,sˌiːtˌiːˈɛm,sˌiːtˌiːˈɛm,tsʰɑʊ˥ tʰa˥ ma˥,tsʰɑʊ˥ tʰa˥ ma˥,否,[],official_dictionary_casefold,语音替代,phonetic,ctm,cao1 ta1 ma1,ˈsi ˈti ˈɛm,tsʰau̯˥ tʰa˥ ma˥,ctm卸货太慢了 几个板卸了好几个小时,操他妈卸货太慢了 几个板卸了好几个小时
codedlang:881:01,Crowd-AI-Lab/CodedLang,881,shab,shab,shab,shab,傻逼,傻逼,sha3 bi1,ʃˈab,ʃˈab,ʂa˨˩˦ pi˥,ʂa˨˩˦ pi˥,否,[],official_dictionary_casefold,语音替代,phonetic,shab,sha3 bi1,ʂa pi˥,ʂa˧˩˧ pi˥,我2018.1.12晚上七八点去的玛雅 我真的不知道你们是怎么当一个没有一点点管理能力的人去当经理的 对待客户我态度非常不好 跟不用说对待员工的 这样的经理一定是谁跟它好它就对谁好一点 脸非常的臭 放东西就是甩在桌上 我之前一周也来了你们店 我以为可能是因为心情不好 毕竟服务员也是人 没想到这次去还是这样 太让人失望了 东西很好吃各方面都很好 就是shab经理不行,我201不.1.12晚上七八点去的玛雅 我真的不知道你们是怎么当一个没有一点点管理能力的人去当经理的 对待客户我态度非常不好 跟不用说对待员工的 这样的经理一定是谁跟它好它就对谁好一点 脸非常的臭 放东西就是甩在桌上 我之前一周也来了你们店 我以为可能是因为心情不好 毕竟服务员也是人 没想到这吃去还是这样 太让人失望了 东西很好吃各方面都很好 就是傻逼经理不行
codedlang:882:01,Crowd-AI-Lab/CodedLang,882,湘当,湘当,湘当,xiang1 dang1,相当,相当,xiang1 dang1,ɕiɑŋ˥ tɑŋ˥,ɕiɑŋ˥ tɑŋ˥,ɕiɑŋ˥ tɑŋ˥,ɕiɑŋ˥ tɑŋ˥,否,[],official_dictionary_casefold,非词汇同音词,non_lexical_homophone,xiang1 dang1,xiang1 dang1,ɕja˥ŋ ta˥ŋ,ɕja˥ŋ ta˥ŋ,吃个最难吃的辣子鸡和田蛙啊 难搞 还湘当有料😂真是湘当难吃😂 辣鸡我说要再炸个2分钟！服务员说师傅不会帮你一个个捡起来炸？😹😹水煮鱼的鱼片也是感觉味道不入味😂鸡胗配酸头角最好吃👍但是小费还是给了$25..出来工作的都不容易…,吃个最难吃的啦子鸡和田蛙啊 难搞 还相当有料😂真是相当难吃😂 垃圾我说要再炸个2分钟！服务员说师傅不会帮你一个个捡起来炸？😹😹水煮鱼的鱼片也是感觉味道不入味😂鸡胗配酸头角最好吃👍但是小费还是给了$25..出来工作的都不容易…
codedlang:884:01,Crowd-AI-Lab/CodedLang,884,nb,nb,nb,nb,牛逼,牛逼,niu2 bi1,ˌɛnbˈiː,ˌɛnbˈiː,niou˧˥ pi˥,niou˧˥ pi˥,否,[],official_dictionary_casefold,语音替代,phonetic,nb,niu2 bi1,ˈɛn pi˥,njou̯˧˥ pi˥,非常地道唯一不足就是咸 鸡汤豆腐皮nb 烤茄子 炒鸡架都很棒 还会再来,非常地道唯一不足就是咸 鸡汤豆腐皮牛逼 烤茄子 超级架都很棒 还会再来
codedlang:886:01,Crowd-AI-Lab/CodedLang,886,捞B,捞B,捞B,lao1 B,捞逼,捞逼,lao1 bi1,lɑʊ˥ bˈiː,lɑʊ˥ bˈiː,lɑʊ˥ pi˥,lɑʊ˥ pi˥,否,[],official_dictionary_casefold,语音替代,phonetic,lao1 B,lao1 bi1,lau̯˥ pi˥,lau̯˥ pi˥,Worst apartment ever. Stupid speed bumps. 垃圾小区 拖住户的车 小偷多 减速带又高又多又恶心  小区物业不管事 天天罚款 捞B,Worst apar他妈ent ever. Stupid speed 逼umps. 垃圾小区 拖住户的车 小偷多 减速带又高又多又恶心  小区物业不管事 天天罚款 捞逼
codedlang:888:01,Crowd-AI-Lab/CodedLang,888,懵B,懵B,懵B,meng3 B,懵逼,懵逼,meng3 bi1,mɤŋ˨˩˦ bˈiː,mɤŋ˨˩˦ bˈiː,mɤŋ˨˩˦ pi˥,mɤŋ˨˩˦ pi˥,否,[],official_dictionary_casefold,语音替代,phonetic,meng3 B,meng3 bi1,mə˧˩˧ŋ pi˥,mə˧˩˧ŋ pi˥,总体来说，服务员不够专业，不会介绍菜单，第一次进去一脸懵B！我们2个大人到着2个6，7岁的小孩，点了一个4人套餐$188，小孩吃得小，我们还刻意问的服务员会不会吃不完，她说应该不会！实际是我们把那套餐吃完的时候肚子好像没吃什么一样！金鸡汤$22块真的不值得那价钱，反而$9块钱的麻辣牛肉汤还不错！A5肥牛口感不错，酒味很淡，那前妻喝2口之后就像喝没有糖的雪碧！old fashion 入口特甜，比在 Mott 32 的$3.5 差太多了，百香果千层蛋糕不错！,总体来说，服务员不够专业，不会介绍菜单，第一吃进去一脸懵逼！我们2个大人到着2个厉害，7岁的小孩，点了一个4人套餐$1不不，小孩吃得小，我们还刻意问的服务员会不会吃不完，她说应该不会！实际是我们把那套餐吃完的时候肚子好像没吃什么一样！金鸡汤$22块真的不值得那价钱，反而$9块钱的麻啦牛肉汤还不错！A5肥牛口感不错，酒味很淡，那前妻喝2口之后就像喝没有糖的雪碧！old fa屎on 入口特甜，比在 Mott 32 的$3.5 差太多了，百香果千层蛋糕不错！
codedlang:889:01,Crowd-AI-Lab/CodedLang,889,X,X,X,X,,,,ˈɛks,ˈɛks,,,是,"[{""type"": ""missing_dictionary_decode""}]",not_in_official_dictionary,语音替代,phonetic,,,,,emmmmmm我不知道你們在說什麼，我甚麼X也看不到,e妹妹妹妹妹妹我不知道你們在說什麼，我甚麼叉也看不到
codedlang:892:01,Crowd-AI-Lab/CodedLang,892,b,b,b,b,逼,逼,bi1,bˈiː,bˈiː,pi˥,pi˥,否,[],official_dictionary_casefold,语音替代,phonetic,b,bi1,pi˥,pi˥,（图挂了的话告诉你们就是门口到带位的这只鸡）这个b长着一张死爹哭妈的脸 跟车祸现场一样 一上楼会说中文不说 说着一嘴烂b英语 问有没有热水说没有！（结果是有的）你妈咋死的？狗东西 祝你全家爆炸，病房k歌，灵堂酒会，丧宴烤尸，送葬摇滚，灵车漂移，坟头蹦迪，骨灰拌饭，祖坟歌会，宗庙拍片，尸块养猪，脑浆浇花，灵堂派对，葬礼庆典，骨髓煮汤，棺木开花，棺板冲浪，树上挂妈,（图挂了的话告诉你们就是门口到带位的这只鸡）这个逼长着一张死爹哭妈的脸 跟车祸现场一样 一上楼会说中文不说 说着一嘴烂逼英语 问有没有热水说没有！（结果是有的）你妈咋死的？狗东西 祝你全家爆炸，病房k歌，灵堂酒会，丧宴烤尸，送葬摇滚，灵车漂移，坟头蹦迪，骨灰拌饭，祖坟歌会，宗庙拍片，尸块养猪，脑浆浇花，灵堂派对，葬礼庆典，骨髓煮汤，棺木开花，棺板冲浪，树上挂妈
codedlang:893:01,Crowd-AI-Lab/CodedLang,893,蝦,蝦,蝦,xia1,瞎,瞎,xia1,ɕia˥,ɕia˥,ɕia˥,ɕia˥,否,[],official_dictionary_casefold,歧义同音词,ambiguous_homophone,xia1,xia1,ɕja˥,ɕja˥,真的是蝦到爆,真的是瞎到爆
codedlang:894:01,Crowd-AI-Lab/CodedLang,894,TM,TM,TM,TM,他妈,他妈,ta1 ma1,tˌiːˈɛm,tˌiːˈɛm,tʰa˥ ma˥,tʰa˥ ma˥,否,[],official_dictionary_casefold,语音替代,phonetic,tm,ta1 ma1,ˈti ˈɛm,tʰa˥ ma˥,蛮有意思的主题餐厅！这份量也太TM足了...吃不完吃不完,蛮有意思的主题餐厅！这份量也太他妈足了...吃不完吃不完
codedlang:895:01,Crowd-AI-Lab/CodedLang,895,我擦,我擦,我擦,wo3 ca1,我操,我操,wo3 cao1,wɔ˨˩˦ tsʰa˥,wɔ˨˩˦ tsʰa˥,wɔ˨˩˦ tsʰɑʊ˥,wɔ˨˩˦ tsʰɑʊ˥,否,[],official_dictionary_casefold,非词汇同音词,ambiguous_homophone,wo3 ca1,wo3 cao1,wo˧˩˧ tsʰa˥,wo˧˩˧ tsʰau̯˥,"2补充评论: 店家撒谎，我就是店里吃的，吃不完打包回来的。而且不会再去了。

1补充评论: 打包的饭菜今天吃的时候发现，我擦有虫子在里面，回锅肉。

这是一家平衡了中外味道的国际川菜餐厅，菜品味道ok，有点咸，咸的食物谁都能做。如果你是追求接近川菜口味的食客，最好另择他处，如果你是想让孩子或朋友试试中国菜的味道，可以试试。!!!千万别点担担面，不是那玩意儿。","2补充评论: 店家撒谎，我就是店里吃的，吃不完打包回来的。而且不会再去了。

1补充评论: 打包的饭菜今天吃的时候发现，我操有虫子在里面，回锅肉。

这是一家平衡了中外味道的国际川菜餐厅，菜品味道ok，有点咸，咸的食物谁都能做。如果你是追求接近川菜口味的食客，最好另择他处，如果你是想让孩子或朋友试试中国菜的味道，可以试试。!!!千万别点担担面，不是那玩意儿。"
codedlang:896:01,Crowd-AI-Lab/CodedLang,896,抠jio,抠jio,抠jio,kou1 jio,抠脚,抠脚,kou1 jiao3,kʰoʊ˥ tɕiɔ,kʰoʊ˥ tɕiɔ,kʰoʊ˥ tɕiɑʊ˨˩˦,kʰoʊ˥ tɕiɑʊ˨˩˦,否,[],official_dictionary_casefold,语音替代,phonetic,kou1 jio,kou1 jiao3,kʰóʊ̯.t͡ɕi.ɔ,kʰóʊ̯.t͡ɕjɑ̀ʊ̯,"casa enrique
mexican cuisine
俺家墨西哥裔的chef m的最爱

他家的各色taco确实好吃，玉米饼柔韧热乎，自带一种tortilla独有的清香。自制的三种table sauce也都别有风味，server说的太快环境太吵我真的记不住名字，第一种足够辣，第二个是偏烟熏的甜辣，第三个应该是tomatillo salsa verde，也有一种淡淡的烟熏味。ceviche本身没有很出彩，但是配的大的烘烤tortilla真的巨香，我配着sauce全吃完了。可能也是饿了一天所以觉得appetizer分量都不大。

主菜是lamb shank，分量很大，胃口小的建议两个人share

甜品吃了用三种奶做的tres leches，server推荐的，味道本身还马马虎虎，特地点了horchata来喝，一种用油莎草，大米和其他谷物做成的历史悠久的饮料，非常特别，有一种谷物的淡淡甜香和充满口腔的根茎类植物独有的粉感，有点像葛粉，还不错。

服务不错，至少满座的情况下我一个半小时内能吃完三个course，server很nice，气氛比较casual，隔壁桌的大妹子后期一直偷偷在桌子底下在抠jio，为他们桌的卫生状况担忧。

总体来说还可以，就是位子很难定，因为离家近所以大概会带着娘再来一次吧。","casa enrique
mexican cuisine
俺家墨西哥裔的chef m的最爱

他家的各色taco确实好吃，玉米饼柔韧热乎，自带一种tortilla独有的清香。自制的三种ta逼le sauce也都别有风味，server说的太快环境太吵我真的记不住名字，第一种足够啦，第二个是偏烟熏的甜啦，第三个应该是tomatillo salsa verde，也有一种淡淡的烟熏味。ceviche本身没有很出彩，但是配的大的烘烤tortilla真的巨香，我配着sauce全吃完了。可能也是饿了一天所以觉得appetizer分量都不大。

主菜是lam逼 shank，分量很大，胃口小的建议两个人share

甜品吃了用三种奶做的tres leches，server推荐的，味道本身还马马虎虎，特地点了horchata来喝，一种用油莎草，大米和其他谷物做成的历史悠久的饮料，非常特别，有一种谷物的淡淡甜香和充满口腔的根茎类植物独有的粉感，有点像葛粉，还不错。

服务不错，至少满座的情况下我一个半小时内能吃完三个course，server很nice，气氛比较casual，隔壁桌的大妹子后期一直偷偷在桌子底下在抠脚，为他们桌的卫生状况担忧。

总体来说还可以，就是位子很难定，因为离家近所以大概会带着娘再来一吃吧。"
codedlang:897:01,Crowd-AI-Lab/CodedLang,897,D,D,D,D,啲,啲,di1,dˈiː,dˈiː,ti˥,ti˥,否,[],official_dictionary_casefold,语音替代,phonetic,D,di1,ˈdi,ti˥,叫的外卖，能吃不，珍珠鸡D鸡霉西，D馅有冇汁,叫的外卖，能吃不，珍珠鸡啲鸡霉西，啲馅有冇汁
codedlang:898:01,Crowd-AI-Lab/CodedLang,898,我擦,我擦,我擦,wo3 ca1,我操,我操,wo3 cao1,wɔ˨˩˦ tsʰa˥,wɔ˨˩˦ tsʰa˥,wɔ˨˩˦ tsʰɑʊ˥,wɔ˨˩˦ tsʰɑʊ˥,否,[],official_dictionary_casefold,非词汇同音词,non_lexical_homophone,wo3 ca1,wo3 cao1,wo˧˩˧ tsʰa˥,wo˧˩˧ tsʰau̯˥,作为四川人，我想说这根本不是川菜，味道和分量都很差。西红柿炒鸡蛋的西红柿还是生的沙拉状态。水煮牛肉的味道就是酱油和豆瓣酱，汤是黏黏糊糊的。服务员使劲催你多点菜，后来发现原来是因为分量很小。吃完了很不爽，所以只给了10%的消费，结果服务员还骂骂咧咧。店里很少中国人吃，我擦中国人多数不会做回头客。Not real Sichuan food at all. Tast bad. Very terrible service. Very poor serving. Never never try second time!,作为四川人，我想说这根本不是川菜，味道和分量都很差。西红柿超级蛋的西红柿还是生的沙拉状态。水煮牛肉的味道就是酱油和豆瓣酱，汤是黏黏糊糊的。服务员使劲催你多点菜，后来发现原来是因为分量很小。吃完了很不爽，所以只给了10%的消费，结果服务员还骂骂咧咧。店里很少中国人吃，我操中国人多数不会做回头客。Not real Sichuan food at all. Tast 逼ad. Very terri逼le service. Very poor serving. Never never try second time!
codedlang:899:01,Crowd-AI-Lab/CodedLang,899,呆丸狼,呆丸狼,呆丸狼,dai1 wan2 lang2,台湾人,台湾人,tai2 wan1 ren2,tai˥ wan˧˥ lɑŋ˧˥,tai˥ wan˧˥ lɑŋ˧˥,tʰai˧˥ wan˥ ɻən˧˥,tʰai˧˥ wan˥ ɻən˧˥,否,[],official_dictionary_casefold,非词汇同音词,non_lexical_homophone,dai1 wan2 lang2,tai2 wan1 ren2,tai̯˥ wa˧˥n la˧˥ŋ,tʰai̯˧˥ wa˥n ɻə˧˥n,呆丸狼的蛋糕店，一边赚中国人的钱一边支持台独，呆丸狼咋那么没骨气呢，绿蛆党已经全面执政，把国旗换掉嘛！全部撤回在中国大陆的生意，所有东西不要销往大陆，中国人的钱脏就不要去赚呀。有这样的底气和魄力吗？“畏威尔不怀徳”李敖对呆丸狼的评价极度精准，呆丸狼始终短视且混淆，大陆是共党在统治不假，可13亿人绝大部分并不是共党，但13亿人没有人觉得台湾那块土地不是中国的，今天的抵制是共党能组织的吗？是十三亿人对呆丸狼的好感丧失殆尽，要不是共党虚假的选宣传你们是大陆人的同胞，是亲人，骗了大陆人这么久，今天他们渐渐发觉农夫与蛇才是两岸真实的关系,台湾人的蛋糕店，一边赚中国人的钱一边支持台独，台湾狼咋那么没骨气呢，绿蛆党已经全面执政，把国旗换掉嘛！全部撤回在中国大陆的生意，所有东西不要销往大陆，中国人的钱脏就不要去赚呀。有这样的底气和魄力吗？“畏威尔不怀徳”李敖对台湾狼的评价极度精准，台湾狼始终短视且混淆，大陆是共党在统治不假，可13亿人绝大部分并不是共党，但13亿人没有人觉得台湾那块土地不是中国的，今天的抵制是共党能组织的吗？是十三亿人对台湾狼的好感丧失殆尽，要不是共党虚假的选宣传你们是大陆人的同胞，是亲人，骗了大陆人这么久，今天他们渐渐发觉农夫与蛇才是两岸真实的关系
codedlang:900:01,Crowd-AI-Lab/CodedLang,900,蔡,蔡,蔡,cai4,菜,菜,cai4,tsʰai˥˩,tsʰai˥˩,tsʰai˥˩,tsʰai˥˩,否,[],official_dictionary_casefold,歧义同音词,non_lexical_homophone,cai4,cai4,tsʰai̯˥˩,tsʰai̯˥˩,食材新鮮，待客有禮，提供小蔡豐富。,食材新鮮，待客有禮，提供小菜豐富。
